incident_id,timestamp,line,station,junction,delay_minutes,cause,severity
SIG000001,2026-03-17T13:36:00,harbour,Tilak Nagar,Kurla,21,route_conflict,high
SIG000002,2026-04-01T12:01:00,harbour,Panvel,Andheri,25,route_conflict,high
SIG000003,2025-12-10T18:03:00,harbour,CBD Belapur,Dadar,10,junction_congestion,low
SIG000004,2026-06-23T16:24:00,harbour,Reay Road,Dadar,30,platform_occupancy,medium
SIG000005,2026-07-30T13:26:00,western,Lower Parel,Kurla,26,equipment_fault,medium
SIG000006,2026-04-17T10:45:00,western,Dadar,Bandra,16,platform_occupancy,high
SIG000007,2026-06-04T15:28:00,western,Vile Parle,Dadar,5,route_conflict,high
SIG000008,2026-07-17T09:16:00,harbour,Tilak Nagar,Dadar,26,junction_congestion,low
SIG000009,2026-04-11T13:44:00,harbour,Dockyard Road,Kalyan,12,platform_occupancy,high
SIG000010,2026-07-05T10:54:00,harbour,Tilak Nagar,Dadar,22,route_conflict,medium
SIG000011,2025-10-19T05:20:00,harbour,Juinagar,Thane,30,equipment_fault,low
SIG000012,2025-11-16T00:47:00,harbour,Mankhurd,Andheri,10,junction_congestion,low
SIG000013,2026-01-10T18:46:00,western,Marine Lines,Thane,16,signal_hold,low
SIG000014,2026-03-20T23:25:00,harbour,Reay Road,Kalyan,15,platform_occupancy,high
SIG000015,2026-08-02T04:46:00,harbour,Khandeshwar,Andheri,5,junction_congestion,high
SIG000016,2025-12-12T02:31:00,central,Diva,Kalyan,9,signal_hold,high
SIG000017,2026-06-27T19:28:00,western,Vile Parle,Kalyan,8,platform_occupancy,low
SIG000018,2026-06-25T11:38:00,harbour,CBD Belapur,Thane,2,junction_congestion,medium
SIG000019,2026-02-16T05:08:00,western,Nalasopara,Bandra,15,signal_hold,high
SIG000020,2026-03-04T10:49:00,harbour,CBD Belapur,Wadala Road,1,signal_hold,medium
SIG000021,2026-03-27T08:40:00,western,Naigaon,Wadala Road,7,signal_hold,high
SIG000022,2026-02-28T20:20:00,harbour,Sewri,Bandra,28,route_conflict,medium
SIG000023,2026-01-16T10:41:00,harbour,CSMT,Thane,28,route_conflict,low
SIG000024,2026-04-01T12:29:00,western,Grant Road,Andheri,28,signal_hold,low
SIG000025,2025-10-11T19:42:00,central,Sion,Wadala Road,11,signal_hold,low
SIG000026,2026-04-12T05:38:00,western,Mumbai Central,Andheri,14,equipment_fault,low
SIG000027,2025-11-16T06:45:00,central,Nahur,Bandra,12,equipment_fault,high
SIG000028,2025-12-19T09:51:00,central,Thane,Kurla,20,signal_hold,high
SIG000029,2026-05-08T15:22:00,central,Kopar,Dadar,2,junction_congestion,medium
SIG000030,2026-08-07T09:40:00,harbour,Dockyard Road,Kalyan,23,junction_congestion,low
SIG000031,2025-11-28T19:54:00,central,Diva,Kurla,3,route_conflict,medium
SIG000032,2026-05-25T19:01:00,central,Diva,Wadala Road,10,junction_congestion,high
SIG000033,2026-08-10T06:16:00,western,Naigaon,Andheri,4,equipment_fault,high
SIG000034,2026-03-06T13:48:00,central,Nahur,Kurla,14,platform_occupancy,medium
SIG000035,2026-07-18T08:18:00,central,Kalyan,Dadar,11,junction_congestion,medium
SIG000036,2026-04-04T14:31:00,central,Parel,Andheri,30,junction_congestion,low
SIG000037,2025-12-06T10:16:00,western,Charni Road,Kalyan,4,platform_occupancy,low
SIG000038,2025-11-13T16:14:00,harbour,Juinagar,Wadala Road,11,signal_hold,medium
SIG000039,2026-06-15T11:34:00,harbour,Panvel,Kalyan,28,signal_hold,medium
SIG000040,2026-05-16T12:26:00,central,Currey Road,Wadala Road,17,route_conflict,low
SIG000041,2026-09-17T02:52:00,western,Nalasopara,Dadar,12,equipment_fault,medium
SIG000042,2025-12-23T15:45:00,central,Mumbra,Kurla,26,junction_congestion,high
SIG000043,2025-10-20T02:49:00,harbour,Kharghar,Bandra,23,platform_occupancy,low
SIG000044,2026-02-09T08:59:00,central,Thakurli,Bandra,10,platform_occupancy,medium
SIG000045,2025-10-05T10:42:00,western,Nalasopara,Kurla,19,junction_congestion,low
SIG000046,2026-01-12T07:26:00,harbour,CBD Belapur,Dadar,3,equipment_fault,low
SIG000047,2026-07-01T22:28:00,central,Nahur,Thane,6,platform_occupancy,medium
SIG000048,2026-05-25T05:00:00,harbour,Seawoods-Darave,Dadar,29,signal_hold,low
SIG000049,2026-01-23T14:56:00,harbour,Masjid,Andheri,3,platform_occupancy,medium
SIG000050,2026-08-05T18:11:00,central,Diva,Kalyan,14,platform_occupancy,low
SIG000051,2025-12-22T21:06:00,central,Bhandup,Dadar,10,equipment_fault,medium
SIG000052,2026-05-13T14:01:00,western,Prabhadevi,Kalyan,20,signal_hold,low
SIG000053,2026-02-26T20:33:00,central,Matunga,Bandra,5,platform_occupancy,medium
SIG000054,2026-05-27T22:21:00,western,Churchgate,Kalyan,24,junction_congestion,low
SIG000055,2026-01-03T01:41:00,central,Kalwa,Andheri,8,equipment_fault,high
SIG000056,2026-06-15T21:31:00,western,Khar Road,Bandra,24,signal_hold,medium
SIG000057,2025-10-14T15:31:00,central,Chinchpokli,Bandra,11,equipment_fault,medium
SIG000058,2026-07-22T11:48:00,harbour,CBD Belapur,Kalyan,10,signal_hold,medium
SIG000059,2025-10-16T04:29:00,central,Dadar,Bandra,20,junction_congestion,high
SIG000060,2026-06-21T11:50:00,western,Santacruz,Bandra,4,route_conflict,medium
SIG000061,2026-07-19T14:22:00,harbour,Sandhurst Road,Kalyan,28,platform_occupancy,high
SIG000062,2026-06-05T05:25:00,western,Mahim,Bandra,6,signal_hold,high
SIG000063,2025-12-23T00:45:00,harbour,Sanpada,Kurla,29,platform_occupancy,medium
SIG000064,2026-01-16T13:04:00,western,Grant Road,Kurla,9,route_conflict,low
SIG000065,2026-01-20T07:35:00,harbour,Sandhurst Road,Kurla,25,junction_congestion,medium
SIG000066,2026-08-23T21:11:00,harbour,Nerul,Andheri,21,equipment_fault,medium
SIG000067,2026-05-19T04:55:00,western,Vile Parle,Dadar,16,junction_congestion,high
SIG000068,2026-05-09T12:10:00,central,Mumbra,Dadar,12,equipment_fault,low
SIG000069,2026-05-15T00:46:00,central,Nahur,Dadar,2,platform_occupancy,medium
SIG000070,2025-11-25T20:58:00,harbour,Sandhurst Road,Wadala Road,20,equipment_fault,medium
SIG000071,2026-09-02T22:28:00,harbour,Juinagar,Bandra,24,signal_hold,medium
SIG000072,2026-02-15T01:43:00,central,Diva,Kalyan,17,route_conflict,low
SIG000073,2026-08-25T01:27:00,western,Naigaon,Bandra,11,signal_hold,high
SIG000074,2026-02-03T15:41:00,western,Prabhadevi,Andheri,15,junction_congestion,high
SIG000075,2026-01-24T14:17:00,central,Vikhroli,Thane,13,junction_congestion,medium
SIG000076,2025-11-08T03:09:00,harbour,CBD Belapur,Thane,3,platform_occupancy,low
SIG000077,2026-07-09T11:41:00,central,Kurla,Andheri,28,equipment_fault,low
SIG000078,2026-05-31T17:55:00,western,Goregaon,Andheri,5,platform_occupancy,medium
SIG000079,2026-07-13T09:57:00,western,Malad,Andheri,3,platform_occupancy,high
SIG000080,2026-07-02T06:56:00,harbour,Kurla,Bandra,5,equipment_fault,low
SIG000081,2026-08-05T07:33:00,harbour,Tilak Nagar,Dadar,12,platform_occupancy,low
SIG000082,2026-03-05T23:17:00,central,Mulund,Kurla,8,route_conflict,low
SIG000083,2025-11-26T04:33:00,central,Currey Road,Wadala Road,25,equipment_fault,high
SIG000084,2025-10-28T11:41:00,harbour,Kurla,Bandra,20,route_conflict,high
SIG000085,2026-07-02T07:39:00,western,Mahalaxmi,Kurla,27,equipment_fault,low
SIG000086,2026-08-15T16:53:00,western,Santacruz,Thane,22,route_conflict,medium
SIG000087,2026-04-26T11:28:00,harbour,Mankhurd,Kurla,18,route_conflict,medium
SIG000088,2026-09-07T12:38:00,western,Bandra,Andheri,19,junction_congestion,medium
SIG000089,2026-04-24T04:19:00,central,Thane,Wadala Road,14,route_conflict,low
SIG000090,2026-01-09T18:41:00,central,Byculla,Andheri,16,platform_occupancy,high
SIG000091,2025-12-14T16:53:00,harbour,Sanpada,Bandra,4,platform_occupancy,low
SIG000092,2026-01-25T17:39:00,central,Nahur,Wadala Road,5,junction_congestion,low
SIG000093,2026-03-11T16:23:00,central,Vikhroli,Dadar,14,signal_hold,medium
SIG000094,2026-06-30T07:27:00,western,Khar Road,Dadar,12,route_conflict,low
SIG000095,2026-05-21T01:25:00,western,Vasai Road,Andheri,21,platform_occupancy,low
SIG000096,2026-01-09T04:43:00,western,Matunga Road,Bandra,16,route_conflict,high
SIG000097,2026-09-07T14:17:00,central,Diva,Dadar,29,signal_hold,low
SIG000098,2026-04-05T08:35:00,western,Vasai Road,Kurla,18,equipment_fault,high
SIG000099,2026-08-05T04:54:00,western,Bhayandar,Thane,8,platform_occupancy,low
SIG000100,2025-11-04T18:28:00,western,Santacruz,Andheri,26,equipment_fault,medium
SIG000101,2025-11-15T17:38:00,western,Vasai Road,Kalyan,20,equipment_fault,low
SIG000102,2026-03-26T04:10:00,harbour,Reay Road,Thane,14,signal_hold,high
SIG000103,2026-06-14T21:54:00,western,Goregaon,Kalyan,6,signal_hold,high
SIG000104,2026-06-20T14:00:00,western,Jogeshwari,Wadala Road,17,equipment_fault,high
SIG000105,2025-10-15T19:22:00,central,Mulund,Dadar,21,junction_congestion,medium
SIG000106,2026-04-03T16:51:00,harbour,CSMT,Thane,26,signal_hold,medium
SIG000107,2026-03-25T13:58:00,harbour,Kharghar,Andheri,4,equipment_fault,high
SIG000108,2026-05-31T03:11:00,western,Marine Lines,Thane,18,platform_occupancy,high
SIG000109,2026-02-05T11:54:00,harbour,Mankhurd,Andheri,16,route_conflict,low
SIG000110,2025-11-15T22:45:00,harbour,Panvel,Kalyan,2,platform_occupancy,low
SIG000111,2025-11-01T21:34:00,western,Virar,Dadar,11,platform_occupancy,high
SIG000112,2026-07-17T23:28:00,harbour,Vashi,Thane,2,route_conflict,medium
SIG000113,2026-06-17T22:34:00,western,Nalasopara,Andheri,11,platform_occupancy,low
SIG000114,2026-06-25T23:36:00,central,Kanjurmarg,Andheri,15,junction_congestion,medium
SIG000115,2026-02-14T00:52:00,central,Thakurli,Kalyan,12,equipment_fault,medium
SIG000116,2025-11-30T03:44:00,harbour,Govandi,Dadar,14,equipment_fault,low
SIG000117,2026-05-02T21:56:00,central,Currey Road,Dadar,11,platform_occupancy,medium
SIG000118,2026-08-21T16:56:00,harbour,Mansarovar,Kalyan,6,junction_congestion,medium
SIG000119,2026-08-22T14:09:00,western,Mira Road,Bandra,30,platform_occupancy,high
SIG000120,2026-08-13T17:08:00,central,Kopar,Bandra,2,signal_hold,high
SIG000121,2026-07-23T19:02:00,central,Thane,Bandra,24,route_conflict,low
SIG000122,2026-01-12T23:15:00,harbour,Kharghar,Bandra,15,signal_hold,low
SIG000123,2025-11-18T22:59:00,western,Bhayandar,Andheri,12,platform_occupancy,medium
SIG000124,2025-10-24T13:58:00,harbour,Reay Road,Andheri,15,platform_occupancy,medium
SIG000125,2026-08-20T06:24:00,western,Goregaon,Kurla,17,platform_occupancy,medium
SIG000126,2026-05-17T22:17:00,harbour,Guru Tegh Bahadur Nagar,Kurla,4,signal_hold,high
SIG000127,2026-02-13T11:25:00,central,Thane,Kalyan,30,equipment_fault,low
SIG000128,2026-04-09T14:52:00,central,Thakurli,Kalyan,7,equipment_fault,medium
SIG000129,2026-09-23T16:20:00,western,Grant Road,Kurla,28,signal_hold,medium
SIG000130,2026-02-03T17:23:00,harbour,Mankhurd,Dadar,26,platform_occupancy,high
SIG000131,2026-06-10T23:41:00,harbour,Sandhurst Road,Wadala Road,18,platform_occupancy,medium
SIG000132,2026-01-23T16:36:00,harbour,Mansarovar,Andheri,21,route_conflict,medium
SIG000133,2026-03-13T06:54:00,western,Lower Parel,Bandra,5,route_conflict,medium
SIG000134,2025-10-20T03:20:00,central,Kalwa,Wadala Road,12,junction_congestion,high
SIG000135,2026-01-03T11:54:00,harbour,Sandhurst Road,Dadar,10,junction_congestion,high
SIG000136,2026-09-14T13:16:00,harbour,Govandi,Bandra,14,equipment_fault,low
SIG000137,2025-12-31T06:14:00,central,Kopar,Dadar,15,junction_congestion,high
SIG000138,2026-06-08T20:49:00,western,Virar,Bandra,25,equipment_fault,high
SIG000139,2026-02-10T12:02:00,western,Santacruz,Wadala Road,30,signal_hold,low
SIG000140,2026-01-20T10:08:00,central,Dadar,Kurla,11,route_conflict,medium
SIG000141,2026-04-25T20:06:00,western,Dadar,Kurla,21,equipment_fault,medium
SIG000142,2025-12-31T03:30:00,harbour,Chunabhatti,Wadala Road,18,signal_hold,high
SIG000143,2026-01-31T19:07:00,harbour,Nerul,Kurla,6,equipment_fault,high
SIG000144,2026-06-03T20:19:00,harbour,Masjid,Bandra,28,signal_hold,low
SIG000145,2025-11-03T02:30:00,harbour,Panvel,Wadala Road,9,route_conflict,high
SIG000146,2026-07-31T08:22:00,harbour,CBD Belapur,Dadar,16,equipment_fault,medium
SIG000147,2026-05-08T23:28:00,central,Sion,Bandra,26,junction_congestion,medium
SIG000148,2026-08-27T06:15:00,western,Dahisar,Dadar,6,junction_congestion,medium
SIG000149,2026-09-18T14:54:00,central,Matunga,Thane,20,route_conflict,medium
SIG000150,2026-05-21T12:27:00,harbour,Tilak Nagar,Kalyan,5,platform_occupancy,high
SIG000151,2025-12-17T07:41:00,central,Sion,Kalyan,4,platform_occupancy,medium
SIG000152,2026-03-30T12:41:00,western,Grant Road,Dadar,10,junction_congestion,high
SIG000153,2026-08-01T11:26:00,western,Nalasopara,Kurla,27,platform_occupancy,high
SIG000154,2026-05-16T17:05:00,western,Bhayandar,Kurla,16,equipment_fault,medium
SIG000155,2026-09-29T04:27:00,central,Mulund,Dadar,3,junction_congestion,high
SIG000156,2026-08-29T22:41:00,western,Lower Parel,Wadala Road,12,signal_hold,low
SIG000157,2026-04-23T21:03:00,central,Diva,Bandra,21,junction_congestion,medium
SIG000158,2025-10-06T22:54:00,western,Santacruz,Kurla,29,platform_occupancy,high
SIG000159,2026-06-24T08:25:00,central,Vikhroli,Dadar,13,signal_hold,high
SIG000160,2026-02-19T17:50:00,central,Kalwa,Thane,3,junction_congestion,high
SIG000161,2026-08-24T22:30:00,harbour,Guru Tegh Bahadur Nagar,Bandra,20,equipment_fault,low
SIG000162,2026-01-02T16:33:00,western,Khar Road,Thane,26,platform_occupancy,high
SIG000163,2026-06-24T05:26:00,western,Lower Parel,Wadala Road,17,junction_congestion,high
SIG000164,2025-10-30T07:30:00,western,Marine Lines,Kurla,23,platform_occupancy,medium
SIG000165,2026-08-29T18:27:00,western,Malad,Wadala Road,5,platform_occupancy,high
SIG000166,2026-05-20T22:42:00,western,Khar Road,Wadala Road,24,platform_occupancy,high
SIG000167,2026-06-02T22:33:00,harbour,Sanpada,Wadala Road,16,equipment_fault,medium
SIG000168,2026-09-11T19:20:00,western,Bandra,Thane,22,signal_hold,medium
SIG000169,2026-05-13T01:03:00,harbour,Mansarovar,Andheri,1,equipment_fault,medium
SIG000170,2026-04-12T08:28:00,harbour,Panvel,Wadala Road,19,route_conflict,high
SIG000171,2025-11-07T09:29:00,harbour,Vashi,Kurla,17,equipment_fault,medium
SIG000172,2026-01-16T14:34:00,harbour,Wadala Road,Dadar,19,signal_hold,low
SIG000173,2025-10-14T18:57:00,central,Ghatkopar,Kalyan,5,junction_congestion,high
SIG000174,2026-02-26T11:15:00,central,Thane,Bandra,20,junction_congestion,high
SIG000175,2025-11-15T08:26:00,harbour,Reay Road,Wadala Road,7,equipment_fault,medium
SIG000176,2026-09-14T08:08:00,harbour,Chembur,Thane,6,junction_congestion,high
SIG000177,2026-06-07T06:35:00,harbour,Tilak Nagar,Andheri,25,platform_occupancy,high
SIG000178,2026-09-18T13:39:00,western,Prabhadevi,Thane,18,platform_occupancy,low
SIG000179,2026-05-05T17:11:00,central,Thakurli,Kurla,23,junction_congestion,medium
SIG000180,2026-09-15T09:10:00,central,Kalwa,Bandra,24,platform_occupancy,medium
SIG000181,2025-12-28T17:54:00,harbour,Kharghar,Wadala Road,13,junction_congestion,medium
SIG000182,2026-01-15T15:51:00,central,Byculla,Thane,23,signal_hold,medium
SIG000183,2026-08-19T03:04:00,harbour,Guru Tegh Bahadur Nagar,Andheri,16,route_conflict,low
SIG000184,2026-04-16T10:23:00,harbour,Mansarovar,Thane,5,signal_hold,high
SIG000185,2026-03-24T05:45:00,western,Marine Lines,Andheri,29,equipment_fault,low
SIG000186,2026-03-19T13:06:00,western,Grant Road,Kalyan,11,junction_congestion,low
SIG000187,2026-01-09T02:24:00,western,Ram Mandir,Kurla,14,junction_congestion,medium
SIG000188,2026-02-23T05:44:00,central,Ghatkopar,Thane,21,signal_hold,low
SIG000189,2026-03-19T02:20:00,harbour,Khandeshwar,Andheri,28,signal_hold,low
SIG000190,2026-08-01T07:04:00,western,Marine Lines,Bandra,13,junction_congestion,low
SIG000191,2026-04-29T18:48:00,western,Churchgate,Thane,19,equipment_fault,low
SIG000192,2026-06-01T23:17:00,central,Nahur,Andheri,18,equipment_fault,medium
SIG000193,2026-01-06T17:18:00,harbour,Mankhurd,Thane,7,signal_hold,medium
SIG000194,2026-01-27T07:47:00,harbour,Mankhurd,Andheri,9,route_conflict,low
SIG000195,2026-06-03T11:27:00,central,Mumbra,Andheri,25,route_conflict,low
SIG000196,2026-07-23T06:27:00,central,Thane,Thane,3,junction_congestion,high
SIG000197,2025-12-09T10:58:00,western,Mumbai Central,Kalyan,11,route_conflict,low
SIG000198,2026-04-08T21:33:00,central,Sion,Kalyan,25,platform_occupancy,medium
SIG000199,2026-05-08T20:53:00,harbour,Khandeshwar,Wadala Road,1,platform_occupancy,high
SIG000200,2026-06-19T19:37:00,harbour,Wadala Road,Dadar,22,signal_hold,medium
SIG000201,2026-05-12T09:49:00,western,Khar Road,Andheri,17,platform_occupancy,high
SIG000202,2025-12-25T11:59:00,harbour,Chunabhatti,Thane,20,route_conflict,low
SIG000203,2026-01-06T06:17:00,central,Parel,Kalyan,24,equipment_fault,medium
SIG000204,2026-07-30T19:25:00,harbour,Juinagar,Kalyan,25,equipment_fault,high
SIG000205,2026-03-09T01:01:00,western,Borivali,Bandra,20,signal_hold,high
SIG000206,2026-08-22T07:29:00,harbour,Mansarovar,Thane,3,equipment_fault,low
SIG000207,2025-11-14T23:18:00,harbour,Sanpada,Kurla,19,equipment_fault,low
SIG000208,2026-01-28T19:29:00,central,Thane,Kalyan,4,route_conflict,high
SIG000209,2026-09-21T22:53:00,western,Virar,Wadala Road,15,signal_hold,medium
SIG000210,2026-01-05T01:53:00,harbour,Govandi,Kalyan,19,signal_hold,high
SIG000211,2026-09-02T16:38:00,harbour,Chunabhatti,Andheri,1,junction_congestion,medium
SIG000212,2025-10-03T04:41:00,harbour,Sewri,Wadala Road,3,signal_hold,medium
SIG000213,2026-06-08T21:04:00,harbour,Sandhurst Road,Wadala Road,2,signal_hold,medium
SIG000214,2025-10-24T02:36:00,central,Bhandup,Kurla,25,route_conflict,high
SIG000215,2026-08-03T02:21:00,central,Kanjurmarg,Kalyan,28,junction_congestion,medium
SIG000216,2025-11-28T10:28:00,harbour,Kharghar,Bandra,18,route_conflict,high
SIG000217,2026-06-11T05:43:00,western,Mahalaxmi,Wadala Road,13,equipment_fault,low
SIG000218,2026-03-12T03:47:00,western,Bhayandar,Dadar,10,junction_congestion,high
SIG000219,2026-08-05T20:10:00,harbour,Chembur,Bandra,8,route_conflict,medium
SIG000220,2026-06-10T01:34:00,western,Dadar,Kurla,30,signal_hold,low
SIG000221,2026-08-02T06:45:00,harbour,Panvel,Dadar,8,route_conflict,low
SIG000222,2025-12-13T11:17:00,harbour,Masjid,Kalyan,20,signal_hold,low
SIG000223,2025-11-02T05:05:00,central,Nahur,Kurla,18,route_conflict,low
SIG000224,2026-01-11T01:02:00,harbour,Chunabhatti,Kurla,27,equipment_fault,medium
SIG000225,2026-05-22T12:01:00,western,Matunga Road,Kurla,22,equipment_fault,low
SIG000226,2026-07-29T03:29:00,central,Kurla,Dadar,18,equipment_fault,high
SIG000227,2026-02-05T12:40:00,harbour,Kharghar,Kalyan,18,junction_congestion,low
SIG000228,2026-06-08T19:05:00,harbour,Kharghar,Kalyan,26,equipment_fault,medium
SIG000229,2026-07-31T03:48:00,central,Parel,Thane,13,route_conflict,high
SIG000230,2026-09-10T19:20:00,western,Nalasopara,Kurla,10,route_conflict,medium
SIG000231,2025-11-11T23:03:00,harbour,Govandi,Kalyan,18,equipment_fault,low
SIG000232,2026-07-10T20:06:00,western,Dadar,Kurla,11,signal_hold,medium
SIG000233,2026-06-28T05:02:00,western,Ram Mandir,Andheri,27,route_conflict,low
SIG000234,2026-04-14T11:42:00,central,Dombivli,Wadala Road,20,signal_hold,low
SIG000235,2026-02-15T00:23:00,harbour,Khandeshwar,Andheri,18,route_conflict,medium
SIG000236,2026-03-02T02:36:00,central,Vidyavihar,Dadar,7,route_conflict,high
SIG000237,2025-12-25T10:14:00,harbour,Panvel,Kalyan,30,route_conflict,high
SIG000238,2026-02-26T22:07:00,central,Sion,Wadala Road,11,platform_occupancy,medium
SIG000239,2026-09-05T12:19:00,harbour,CBD Belapur,Thane,10,platform_occupancy,medium
SIG000240,2026-09-28T02:33:00,central,Currey Road,Bandra,24,junction_congestion,medium
SIG000241,2026-02-25T21:54:00,central,Ghatkopar,Kalyan,2,equipment_fault,low
SIG000242,2026-01-15T06:11:00,western,Dadar,Wadala Road,30,equipment_fault,high
SIG000243,2026-08-01T01:42:00,central,Parel,Kurla,11,route_conflict,medium
SIG000244,2026-03-28T22:26:00,central,Kalwa,Andheri,22,platform_occupancy,medium
SIG000245,2026-09-21T19:16:00,harbour,CBD Belapur,Andheri,16,junction_congestion,low
SIG000246,2026-06-14T10:43:00,western,Mumbai Central,Andheri,18,junction_congestion,low
SIG000247,2025-11-12T18:25:00,harbour,Masjid,Bandra,28,signal_hold,high
SIG000248,2025-11-05T07:51:00,western,Santacruz,Kurla,27,route_conflict,low
SIG000249,2026-01-18T23:26:00,western,Lower Parel,Wadala Road,15,platform_occupancy,low
SIG000250,2026-09-17T20:36:00,harbour,Vashi,Dadar,1,equipment_fault,high
SIG000251,2026-07-27T12:39:00,western,Churchgate,Wadala Road,24,platform_occupancy,high
SIG000252,2026-04-27T18:14:00,western,Jogeshwari,Bandra,23,junction_congestion,low
SIG000253,2025-12-17T22:14:00,western,Jogeshwari,Kurla,8,route_conflict,high
SIG000254,2026-04-02T19:19:00,central,Kurla,Bandra,13,signal_hold,medium
SIG000255,2026-07-23T15:50:00,central,Mumbra,Kurla,23,route_conflict,medium
SIG000256,2025-11-28T16:52:00,harbour,CBD Belapur,Bandra,2,signal_hold,medium
SIG000257,2026-07-04T04:07:00,central,Kalwa,Kalyan,2,signal_hold,high
SIG000258,2026-02-02T19:08:00,western,Andheri,Bandra,14,platform_occupancy,high
SIG000259,2025-12-09T10:34:00,harbour,Masjid,Kurla,7,equipment_fault,medium
SIG000260,2026-04-16T09:43:00,western,Charni Road,Andheri,30,platform_occupancy,high
SIG000261,2025-10-24T23:00:00,western,Nalasopara,Thane,1,route_conflict,high
SIG000262,2026-01-13T23:55:00,harbour,Chembur,Dadar,10,route_conflict,high
SIG000263,2026-03-25T02:33:00,harbour,Chembur,Andheri,29,equipment_fault,medium
SIG000264,2026-07-07T12:11:00,harbour,Reay Road,Bandra,23,signal_hold,high
SIG000265,2026-06-09T20:19:00,western,Grant Road,Kalyan,8,signal_hold,medium
SIG000266,2026-07-16T20:53:00,central,CSMT,Andheri,9,junction_congestion,medium
SIG000267,2026-03-16T03:00:00,central,Kalwa,Kalyan,14,route_conflict,high
SIG000268,2026-07-04T18:15:00,western,Bhayandar,Wadala Road,10,route_conflict,high
SIG000269,2025-11-23T12:37:00,western,Dadar,Kurla,13,route_conflict,high
SIG000270,2026-07-11T17:08:00,central,Vikhroli,Dadar,3,signal_hold,medium
SIG000271,2026-08-20T20:19:00,central,Kurla,Dadar,5,signal_hold,low
SIG000272,2026-08-10T19:54:00,central,Kalwa,Wadala Road,17,junction_congestion,low
SIG000273,2025-10-20T02:57:00,western,Bandra,Wadala Road,3,equipment_fault,high
SIG000274,2026-05-25T05:49:00,central,CSMT,Thane,14,junction_congestion,low
SIG000275,2026-03-26T18:13:00,harbour,Sanpada,Kurla,22,junction_congestion,low
SIG000276,2026-01-10T02:24:00,central,Vidyavihar,Thane,16,route_conflict,low
SIG000277,2026-01-30T18:09:00,central,Kurla,Kalyan,10,junction_congestion,low
SIG000278,2026-06-20T23:06:00,central,Sion,Andheri,21,junction_congestion,high
SIG000279,2026-02-20T09:27:00,central,Currey Road,Kurla,10,signal_hold,medium
SIG000280,2026-05-30T21:54:00,harbour,Chembur,Bandra,28,platform_occupancy,medium
SIG000281,2026-06-01T17:56:00,central,Kopar,Wadala Road,5,platform_occupancy,medium
SIG000282,2026-02-24T06:08:00,central,Ghatkopar,Kurla,13,platform_occupancy,medium
SIG000283,2026-09-23T12:58:00,harbour,Wadala Road,Thane,13,platform_occupancy,medium
SIG000284,2026-06-23T19:06:00,western,Goregaon,Kurla,19,equipment_fault,low
SIG000285,2025-10-20T14:23:00,harbour,Mankhurd,Andheri,7,junction_congestion,medium
SIG000286,2025-11-20T08:38:00,central,Dombivli,Kalyan,5,platform_occupancy,low
SIG000287,2026-04-02T23:55:00,harbour,Reay Road,Andheri,14,junction_congestion,low
SIG000288,2026-08-24T00:00:00,harbour,Vashi,Wadala Road,13,equipment_fault,high
SIG000289,2026-08-01T14:20:00,harbour,Masjid,Bandra,12,equipment_fault,high
SIG000290,2025-12-01T21:10:00,western,Bhayandar,Kurla,22,platform_occupancy,low
SIG000291,2025-11-02T06:08:00,harbour,CBD Belapur,Andheri,21,junction_congestion,medium
SIG000292,2026-08-10T10:45:00,western,Churchgate,Dadar,9,route_conflict,high
SIG000293,2026-03-10T22:48:00,central,Vikhroli,Kalyan,15,equipment_fault,high
SIG000294,2026-09-30T10:16:00,western,Bandra,Dadar,16,signal_hold,medium
SIG000295,2026-07-30T21:41:00,western,Grant Road,Bandra,24,route_conflict,medium
SIG000296,2026-05-16T02:40:00,central,Nahur,Bandra,7,equipment_fault,medium
SIG000297,2026-06-11T14:59:00,central,Currey Road,Kalyan,24,junction_congestion,medium
SIG000298,2025-11-18T21:57:00,central,Byculla,Bandra,23,signal_hold,low
SIG000299,2026-06-07T19:43:00,harbour,Dockyard Road,Andheri,26,route_conflict,high
SIG000300,2026-03-27T14:41:00,harbour,Cotton Green,Wadala Road,6,platform_occupancy,high
SIG000301,2026-08-07T11:20:00,central,Sion,Bandra,13,route_conflict,low
SIG000302,2026-08-11T16:05:00,central,CSMT,Andheri,20,route_conflict,medium
SIG000303,2026-08-09T18:58:00,central,CSMT,Andheri,7,route_conflict,medium
SIG000304,2025-11-15T13:22:00,harbour,Dockyard Road,Bandra,28,equipment_fault,low
SIG000305,2026-06-24T08:41:00,central,Matunga,Kalyan,4,platform_occupancy,high
SIG000306,2026-09-22T10:21:00,harbour,CBD Belapur,Thane,20,junction_congestion,high
SIG000307,2026-07-13T20:12:00,harbour,Dockyard Road,Thane,12,junction_congestion,high
SIG000308,2026-02-03T15:08:00,harbour,Mansarovar,Bandra,10,equipment_fault,high
SIG000309,2025-12-01T17:08:00,harbour,Reay Road,Thane,4,route_conflict,medium
SIG000310,2025-12-25T03:49:00,western,Bandra,Andheri,5,equipment_fault,medium
SIG000311,2026-08-01T13:15:00,harbour,Reay Road,Wadala Road,13,junction_congestion,low
SIG000312,2026-09-20T09:10:00,harbour,Juinagar,Andheri,30,route_conflict,high
SIG000313,2026-01-30T12:11:00,central,Vidyavihar,Kurla,6,platform_occupancy,medium
SIG000314,2025-11-09T00:55:00,central,CSMT,Kalyan,5,route_conflict,medium
SIG000315,2026-09-26T10:13:00,central,Dombivli,Kalyan,14,junction_congestion,medium
SIG000316,2026-01-30T18:57:00,western,Goregaon,Dadar,26,route_conflict,medium
SIG000317,2025-10-24T19:23:00,central,Sion,Wadala Road,10,route_conflict,medium
SIG000318,2026-09-26T16:13:00,harbour,Sanpada,Dadar,19,signal_hold,medium
SIG000319,2026-06-25T03:22:00,harbour,Panvel,Dadar,25,junction_congestion,high
SIG000320,2026-03-09T03:17:00,central,Currey Road,Andheri,27,route_conflict,medium
SIG000321,2025-10-24T11:16:00,central,Kurla,Thane,28,signal_hold,medium
SIG000322,2025-12-25T11:28:00,western,Lower Parel,Bandra,24,equipment_fault,high
SIG000323,2026-06-13T07:43:00,harbour,Seawoods-Darave,Andheri,14,route_conflict,high
SIG000324,2026-01-10T09:18:00,western,Vasai Road,Kurla,26,signal_hold,high
SIG000325,2026-06-13T10:56:00,harbour,Guru Tegh Bahadur Nagar,Wadala Road,18,route_conflict,medium
SIG000326,2026-05-02T02:09:00,central,Mumbra,Thane,28,equipment_fault,high
SIG000327,2025-12-09T08:10:00,western,Bhayandar,Bandra,14,signal_hold,medium
SIG000328,2026-01-01T09:31:00,harbour,Reay Road,Kurla,5,platform_occupancy,low
SIG000329,2026-07-13T22:56:00,central,Parel,Wadala Road,21,platform_occupancy,high
SIG000330,2026-07-29T15:06:00,central,Nahur,Dadar,21,signal_hold,medium
SIG000331,2026-04-21T14:20:00,harbour,Tilak Nagar,Kalyan,16,platform_occupancy,high
SIG000332,2025-10-02T19:13:00,harbour,Sandhurst Road,Andheri,15,platform_occupancy,low
SIG000333,2026-07-17T14:35:00,western,Santacruz,Bandra,7,junction_congestion,medium
SIG000334,2026-05-24T02:28:00,central,Ghatkopar,Wadala Road,19,route_conflict,high
SIG000335,2026-09-19T09:53:00,central,Dombivli,Bandra,2,signal_hold,low
SIG000336,2026-08-31T15:46:00,western,Grant Road,Bandra,6,junction_congestion,medium
SIG000337,2025-10-01T11:48:00,central,Matunga,Andheri,30,route_conflict,high
SIG000338,2026-05-08T19:28:00,western,Nalasopara,Thane,3,platform_occupancy,medium
SIG000339,2025-11-30T00:24:00,central,Dombivli,Andheri,6,signal_hold,medium
SIG000340,2026-05-11T11:09:00,harbour,Mansarovar,Bandra,8,junction_congestion,high
SIG000341,2025-12-06T09:49:00,harbour,Dockyard Road,Dadar,7,junction_congestion,low
SIG000342,2026-01-05T15:05:00,harbour,Wadala Road,Wadala Road,22,junction_congestion,low
SIG000343,2025-10-06T20:54:00,harbour,Kurla,Bandra,4,junction_congestion,high
SIG000344,2026-01-05T05:55:00,central,Chinchpokli,Kurla,13,signal_hold,high
SIG000345,2025-12-14T14:02:00,western,Mahim,Thane,29,platform_occupancy,low
SIG000346,2026-07-06T16:32:00,western,Kandivali,Andheri,5,signal_hold,high
SIG000347,2025-10-07T04:06:00,harbour,CBD Belapur,Kurla,15,platform_occupancy,high
SIG000348,2026-03-05T03:24:00,harbour,Khandeshwar,Kurla,30,junction_congestion,high
SIG000349,2026-08-19T03:13:00,western,Charni Road,Dadar,5,signal_hold,high
SIG000350,2026-07-07T15:26:00,central,Bhandup,Thane,26,route_conflict,low
SIG000351,2026-04-20T16:21:00,harbour,Sandhurst Road,Kurla,18,equipment_fault,high
SIG000352,2026-04-26T11:21:00,harbour,CSMT,Bandra,28,platform_occupancy,low
SIG000353,2026-02-15T08:50:00,harbour,Chembur,Thane,21,signal_hold,low
SIG000354,2026-09-26T08:47:00,central,Currey Road,Kurla,16,equipment_fault,low
SIG000355,2025-10-09T18:53:00,central,Ghatkopar,Kurla,13,equipment_fault,medium
SIG000356,2026-06-24T02:02:00,harbour,Kharghar,Kurla,25,junction_congestion,low
SIG000357,2025-10-13T03:40:00,harbour,Sandhurst Road,Dadar,9,route_conflict,low
SIG000358,2025-11-14T00:46:00,central,Thane,Thane,21,equipment_fault,medium
SIG000359,2026-08-05T10:30:00,harbour,Chembur,Dadar,21,equipment_fault,high
SIG000360,2026-01-20T04:17:00,central,Chinchpokli,Thane,3,equipment_fault,low
SIG000361,2026-01-22T03:24:00,harbour,Kurla,Kalyan,19,signal_hold,medium
SIG000362,2026-08-15T13:37:00,harbour,Wadala Road,Dadar,8,signal_hold,medium
SIG000363,2025-12-24T11:00:00,central,Diva,Wadala Road,2,platform_occupancy,high
SIG000364,2026-02-05T21:38:00,western,Churchgate,Andheri,5,signal_hold,low
SIG000365,2026-09-27T11:26:00,central,Thane,Wadala Road,26,platform_occupancy,low
SIG000366,2026-06-28T18:53:00,western,Mira Road,Bandra,28,platform_occupancy,high
SIG000367,2025-12-25T23:11:00,western,Mahim,Bandra,14,platform_occupancy,high
SIG000368,2025-11-16T12:14:00,central,Thakurli,Wadala Road,21,signal_hold,medium
SIG000369,2026-08-28T11:09:00,harbour,Tilak Nagar,Dadar,16,equipment_fault,low
SIG000370,2026-06-25T17:48:00,western,Dadar,Bandra,4,equipment_fault,high
SIG000371,2025-12-23T23:36:00,western,Mira Road,Wadala Road,1,signal_hold,low
SIG000372,2026-03-28T01:50:00,western,Andheri,Thane,13,route_conflict,low
SIG000373,2025-10-26T18:01:00,harbour,Mansarovar,Andheri,21,junction_congestion,low
SIG000374,2026-05-23T07:53:00,western,Santacruz,Andheri,11,platform_occupancy,low
SIG000375,2026-06-29T11:17:00,western,Jogeshwari,Andheri,29,signal_hold,low
SIG000376,2026-03-12T12:26:00,harbour,Masjid,Kalyan,3,junction_congestion,medium
SIG000377,2026-05-15T05:50:00,central,Chinchpokli,Wadala Road,15,signal_hold,medium
SIG000378,2026-02-24T02:58:00,central,Mumbra,Bandra,10,equipment_fault,low
SIG000379,2026-09-03T19:42:00,central,Mumbra,Kalyan,25,route_conflict,high
SIG000380,2026-03-28T11:54:00,western,Churchgate,Kalyan,1,route_conflict,high
SIG000381,2026-06-10T06:11:00,harbour,Mansarovar,Dadar,11,signal_hold,high
SIG000382,2026-07-01T23:52:00,harbour,Khandeshwar,Thane,4,route_conflict,high
SIG000383,2026-03-23T10:16:00,central,Mulund,Dadar,5,platform_occupancy,low
SIG000384,2025-11-01T23:12:00,western,Virar,Bandra,17,junction_congestion,high
SIG000385,2026-06-29T05:46:00,central,Kalyan,Dadar,19,signal_hold,high
SIG000386,2026-01-06T05:19:00,harbour,Chembur,Dadar,19,equipment_fault,low
SIG000387,2026-08-13T17:52:00,harbour,Reay Road,Kurla,10,platform_occupancy,medium
SIG000388,2026-07-14T03:20:00,harbour,Khandeshwar,Thane,11,junction_congestion,medium
SIG000389,2026-03-20T02:39:00,western,Lower Parel,Kurla,25,equipment_fault,low
SIG000390,2026-01-22T03:59:00,western,Mahalaxmi,Kalyan,15,platform_occupancy,medium
SIG000391,2025-12-27T22:01:00,harbour,Tilak Nagar,Bandra,7,junction_congestion,medium
SIG000392,2026-09-03T09:34:00,central,Currey Road,Dadar,6,platform_occupancy,high
SIG000393,2025-10-30T08:48:00,western,Vasai Road,Bandra,11,route_conflict,low
SIG000394,2026-03-30T17:56:00,central,Kanjurmarg,Wadala Road,2,platform_occupancy,medium
SIG000395,2026-02-04T14:33:00,western,Khar Road,Bandra,15,equipment_fault,high
SIG000396,2026-03-31T22:29:00,western,Vile Parle,Dadar,26,route_conflict,low
SIG000397,2025-10-09T16:57:00,western,Vasai Road,Bandra,8,route_conflict,low
SIG000398,2026-07-19T16:40:00,central,Dombivli,Andheri,21,signal_hold,high
SIG000399,2026-04-07T11:13:00,western,Churchgate,Dadar,7,junction_congestion,low
SIG000400,2025-12-06T23:26:00,central,Currey Road,Dadar,15,signal_hold,low
SIG000401,2026-08-12T09:57:00,harbour,Chembur,Kalyan,1,junction_congestion,high
SIG000402,2026-08-07T16:29:00,western,Bandra,Kurla,30,route_conflict,medium
SIG000403,2026-04-22T18:48:00,central,Parel,Dadar,20,equipment_fault,high
SIG000404,2026-03-28T23:24:00,harbour,Chunabhatti,Kalyan,14,equipment_fault,medium
SIG000405,2025-11-14T09:41:00,western,Dadar,Kalyan,5,junction_congestion,low
SIG000406,2026-03-31T10:10:00,harbour,Juinagar,Bandra,1,junction_congestion,high
SIG000407,2026-06-19T11:56:00,central,Kalwa,Bandra,16,platform_occupancy,high
SIG000408,2026-05-23T04:26:00,central,Kurla,Kurla,1,platform_occupancy,high
SIG000409,2026-03-09T11:39:00,western,Virar,Bandra,25,platform_occupancy,low
SIG000410,2026-09-09T11:16:00,harbour,Tilak Nagar,Bandra,19,route_conflict,low
SIG000411,2025-12-12T21:58:00,western,Borivali,Kurla,9,equipment_fault,high
SIG000412,2025-11-10T17:04:00,western,Goregaon,Bandra,26,junction_congestion,medium
SIG000413,2026-02-04T11:50:00,western,Prabhadevi,Wadala Road,11,platform_occupancy,high
SIG000414,2025-10-21T12:56:00,harbour,Mansarovar,Thane,19,equipment_fault,low
SIG000415,2026-02-15T01:37:00,central,Kalwa,Thane,6,junction_congestion,low
SIG000416,2025-12-05T17:21:00,western,Prabhadevi,Wadala Road,8,signal_hold,high
SIG000417,2026-09-14T01:27:00,western,Mahim,Wadala Road,7,route_conflict,medium
SIG000418,2026-02-07T05:20:00,central,Byculla,Dadar,5,equipment_fault,high
SIG000419,2026-01-12T03:33:00,western,Nalasopara,Wadala Road,28,platform_occupancy,low
SIG000420,2026-06-30T00:58:00,harbour,Kharghar,Kalyan,19,signal_hold,medium
SIG000421,2026-05-08T17:43:00,central,Parel,Kurla,24,junction_congestion,high
SIG000422,2026-09-20T18:26:00,harbour,Kurla,Kurla,23,equipment_fault,high
SIG000423,2026-06-17T19:58:00,western,Borivali,Wadala Road,27,route_conflict,medium
SIG000424,2026-05-12T10:07:00,harbour,Mansarovar,Thane,5,route_conflict,high
SIG000425,2025-10-02T07:25:00,harbour,Nerul,Kalyan,28,equipment_fault,low
SIG000426,2026-02-10T14:06:00,harbour,Kurla,Bandra,20,route_conflict,high
SIG000427,2025-12-15T19:27:00,central,Parel,Thane,24,signal_hold,low
SIG000428,2026-06-10T12:56:00,central,Dadar,Andheri,29,signal_hold,high
SIG000429,2026-06-02T11:38:00,central,CSMT,Thane,7,route_conflict,high
SIG000430,2025-11-19T08:47:00,central,Kurla,Bandra,4,signal_hold,low
SIG000431,2026-07-09T00:44:00,central,Kalyan,Kalyan,6,junction_congestion,medium
SIG000432,2026-07-03T18:28:00,central,Kalwa,Kalyan,4,junction_congestion,high
SIG000433,2026-03-14T06:20:00,western,Vile Parle,Dadar,26,signal_hold,medium
SIG000434,2025-10-15T14:53:00,central,Kurla,Dadar,3,platform_occupancy,low
SIG000435,2026-07-01T09:36:00,western,Mira Road,Dadar,18,signal_hold,medium
SIG000436,2026-09-17T12:26:00,harbour,CSMT,Kalyan,21,route_conflict,high
SIG000437,2026-08-13T04:12:00,western,Marine Lines,Dadar,11,route_conflict,low
SIG000438,2026-07-26T00:41:00,harbour,Juinagar,Andheri,30,equipment_fault,medium
SIG000439,2026-04-23T23:58:00,central,Sion,Dadar,2,junction_congestion,high
SIG000440,2026-09-23T11:56:00,western,Marine Lines,Thane,1,junction_congestion,low
SIG000441,2026-05-03T11:37:00,harbour,CBD Belapur,Wadala Road,16,route_conflict,low
SIG000442,2025-10-19T17:45:00,western,Mahalaxmi,Andheri,10,signal_hold,medium
SIG000443,2025-12-24T02:39:00,central,Kanjurmarg,Kalyan,16,platform_occupancy,low
SIG000444,2026-07-10T04:31:00,western,Bandra,Kalyan,12,route_conflict,medium
SIG000445,2025-11-02T11:44:00,central,Nahur,Kalyan,9,route_conflict,medium
SIG000446,2025-11-14T21:13:00,western,Bhayandar,Andheri,22,signal_hold,low
SIG000447,2026-06-08T08:11:00,harbour,Govandi,Bandra,19,route_conflict,high
SIG000448,2025-11-14T09:46:00,central,Thane,Kalyan,18,junction_congestion,high
SIG000449,2026-03-21T14:08:00,central,Vidyavihar,Dadar,13,signal_hold,high
SIG000450,2026-01-16T08:50:00,western,Bhayandar,Kalyan,6,route_conflict,low
SIG000451,2026-02-18T08:07:00,western,Marine Lines,Kalyan,3,junction_congestion,low
SIG000452,2026-01-16T16:21:00,harbour,Guru Tegh Bahadur Nagar,Thane,30,signal_hold,low
SIG000453,2026-07-10T14:31:00,harbour,Chembur,Wadala Road,11,platform_occupancy,high
SIG000454,2026-08-30T14:52:00,western,Naigaon,Andheri,20,equipment_fault,high
SIG000455,2026-08-02T12:56:00,western,Santacruz,Kurla,5,equipment_fault,high
SIG000456,2025-12-12T23:11:00,western,Goregaon,Bandra,4,platform_occupancy,high
SIG000457,2026-06-08T09:32:00,central,Kurla,Kalyan,21,junction_congestion,high
SIG000458,2026-09-10T11:05:00,western,Mahalaxmi,Thane,13,route_conflict,high
SIG000459,2026-07-20T12:33:00,western,Khar Road,Thane,23,route_conflict,low
SIG000460,2026-09-12T01:02:00,central,Vikhroli,Dadar,11,platform_occupancy,medium
SIG000461,2026-04-23T03:24:00,central,Thakurli,Andheri,4,route_conflict,low
SIG000462,2026-05-07T19:16:00,harbour,Mankhurd,Bandra,27,platform_occupancy,medium
SIG000463,2026-07-31T11:37:00,harbour,CBD Belapur,Dadar,7,junction_congestion,low
SIG000464,2026-07-24T11:49:00,harbour,Vashi,Bandra,17,platform_occupancy,low
SIG000465,2026-01-24T18:14:00,western,Matunga Road,Andheri,17,junction_congestion,low
SIG000466,2025-10-22T01:54:00,western,Lower Parel,Bandra,7,signal_hold,low
SIG000467,2025-10-25T01:57:00,central,Byculla,Thane,23,route_conflict,medium
SIG000468,2026-06-26T05:24:00,central,Thane,Kalyan,21,signal_hold,high
SIG000469,2025-10-23T06:07:00,western,Bandra,Kalyan,20,junction_congestion,low
SIG000470,2026-09-11T13:55:00,harbour,Juinagar,Thane,12,route_conflict,medium
SIG000471,2025-12-05T19:42:00,central,CSMT,Kalyan,2,route_conflict,high
SIG000472,2026-03-06T01:29:00,western,Kandivali,Kurla,22,route_conflict,medium
SIG000473,2026-07-26T04:39:00,harbour,CSMT,Bandra,25,signal_hold,medium
SIG000474,2026-01-05T08:21:00,harbour,Cotton Green,Wadala Road,26,signal_hold,low
SIG000475,2026-04-02T18:50:00,harbour,Chunabhatti,Andheri,23,platform_occupancy,medium
SIG000476,2026-07-02T03:23:00,central,Nahur,Thane,7,junction_congestion,medium
SIG000477,2026-07-17T04:44:00,harbour,Dockyard Road,Dadar,17,platform_occupancy,high
SIG000478,2026-04-24T20:08:00,central,Dombivli,Dadar,16,signal_hold,medium
SIG000479,2026-04-20T07:53:00,harbour,Kurla,Bandra,9,platform_occupancy,high
SIG000480,2026-05-06T13:45:00,western,Mumbai Central,Wadala Road,25,route_conflict,low
SIG000481,2026-07-22T06:07:00,harbour,Kurla,Andheri,5,signal_hold,high
SIG000482,2026-09-28T04:13:00,central,Kurla,Kalyan,13,junction_congestion,high
SIG000483,2025-10-26T17:14:00,harbour,Mansarovar,Wadala Road,27,route_conflict,medium
SIG000484,2026-03-11T22:04:00,harbour,Juinagar,Andheri,26,junction_congestion,high
SIG000485,2026-06-19T01:11:00,harbour,Chunabhatti,Bandra,6,equipment_fault,low
SIG000486,2026-05-02T22:14:00,western,Andheri,Kurla,24,platform_occupancy,high
SIG000487,2026-02-11T07:21:00,harbour,Kurla,Andheri,3,route_conflict,medium
SIG000488,2026-03-12T14:56:00,harbour,Chunabhatti,Kalyan,26,platform_occupancy,medium
SIG000489,2026-04-08T17:36:00,harbour,Chunabhatti,Kalyan,28,signal_hold,medium
SIG000490,2025-11-09T02:04:00,harbour,Nerul,Wadala Road,20,signal_hold,medium
SIG000491,2026-02-19T15:53:00,harbour,Dockyard Road,Bandra,22,junction_congestion,high
SIG000492,2026-05-06T06:08:00,central,Byculla,Bandra,28,route_conflict,low
SIG000493,2026-02-23T20:26:00,central,Bhandup,Wadala Road,29,junction_congestion,low
SIG000494,2026-05-19T09:12:00,harbour,Cotton Green,Bandra,3,junction_congestion,medium
SIG000495,2026-02-06T18:13:00,central,Kopar,Dadar,1,junction_congestion,medium
SIG000496,2026-03-02T11:13:00,western,Goregaon,Bandra,6,junction_congestion,low
SIG000497,2026-01-03T05:31:00,harbour,Govandi,Andheri,14,junction_congestion,medium
SIG000498,2026-09-13T15:10:00,central,CSMT,Dadar,18,route_conflict,high
SIG000499,2026-06-29T16:25:00,western,Virar,Thane,25,equipment_fault,low
SIG000500,2025-10-14T01:06:00,harbour,CSMT,Andheri,24,route_conflict,low
SIG000501,2026-06-08T17:56:00,central,Parel,Dadar,13,equipment_fault,high
SIG000502,2026-05-11T21:44:00,western,Charni Road,Bandra,2,platform_occupancy,medium
SIG000503,2026-08-28T23:53:00,harbour,Sanpada,Wadala Road,17,platform_occupancy,medium
SIG000504,2026-01-06T10:08:00,central,Mulund,Thane,25,route_conflict,low
SIG000505,2026-07-21T17:46:00,western,Prabhadevi,Kurla,24,route_conflict,low
SIG000506,2025-10-16T22:57:00,harbour,Sanpada,Kurla,4,platform_occupancy,high
SIG000507,2025-10-28T04:58:00,central,Kopar,Thane,25,equipment_fault,high
SIG000508,2025-11-05T09:07:00,harbour,Masjid,Andheri,4,signal_hold,low
SIG000509,2025-12-24T07:34:00,central,Nahur,Kalyan,4,equipment_fault,medium
SIG000510,2026-09-11T10:40:00,harbour,Reay Road,Kurla,23,signal_hold,medium
SIG000511,2026-08-03T11:15:00,harbour,Dockyard Road,Andheri,17,platform_occupancy,high
SIG000512,2026-01-08T21:06:00,central,Currey Road,Wadala Road,24,equipment_fault,low
SIG000513,2026-04-24T20:39:00,western,Naigaon,Dadar,16,route_conflict,high
SIG000514,2026-02-23T10:52:00,central,Thane,Kurla,12,junction_congestion,medium
SIG000515,2026-01-25T18:43:00,western,Ram Mandir,Kalyan,30,route_conflict,high
SIG000516,2026-09-16T00:12:00,central,Sion,Dadar,1,signal_hold,low
SIG000517,2026-09-25T19:05:00,western,Charni Road,Bandra,17,signal_hold,high
SIG000518,2025-12-13T18:10:00,central,Kopar,Kurla,15,platform_occupancy,medium
SIG000519,2026-09-04T01:50:00,western,Grant Road,Bandra,6,signal_hold,medium
SIG000520,2026-06-20T07:12:00,harbour,Kurla,Kalyan,24,signal_hold,low
SIG000521,2025-11-03T09:58:00,western,Nalasopara,Kurla,22,route_conflict,medium
SIG000522,2026-06-18T08:14:00,central,Diva,Thane,29,signal_hold,medium
SIG000523,2026-06-07T13:30:00,western,Grant Road,Kalyan,13,junction_congestion,medium
SIG000524,2026-07-08T20:52:00,harbour,Vashi,Bandra,14,route_conflict,low
SIG000525,2026-01-05T11:48:00,harbour,Khandeshwar,Dadar,28,route_conflict,low
SIG000526,2026-07-30T22:36:00,harbour,Vashi,Bandra,19,junction_congestion,low
SIG000527,2026-07-04T12:37:00,central,Diva,Dadar,28,route_conflict,medium
SIG000528,2026-09-21T10:33:00,western,Virar,Kalyan,15,signal_hold,low
SIG000529,2026-04-09T12:00:00,harbour,Kurla,Dadar,23,equipment_fault,high
SIG000530,2026-03-13T02:25:00,harbour,Kurla,Wadala Road,17,equipment_fault,low
SIG000531,2026-08-12T04:33:00,harbour,Khandeshwar,Kurla,16,platform_occupancy,high
SIG000532,2026-07-08T06:12:00,western,Vasai Road,Bandra,18,equipment_fault,low
SIG000533,2025-10-09T11:30:00,harbour,Cotton Green,Wadala Road,28,junction_congestion,medium
SIG000534,2026-01-29T10:38:00,western,Bhayandar,Kalyan,11,route_conflict,medium
SIG000535,2026-04-21T13:08:00,western,Jogeshwari,Kurla,18,junction_congestion,medium
SIG000536,2026-03-21T02:55:00,western,Vile Parle,Kalyan,26,equipment_fault,medium
SIG000537,2025-12-04T02:15:00,central,Nahur,Thane,4,junction_congestion,high
SIG000538,2025-10-13T22:32:00,western,Khar Road,Kalyan,2,equipment_fault,high
SIG000539,2025-10-01T02:57:00,western,Naigaon,Wadala Road,20,platform_occupancy,high
SIG000540,2026-02-28T14:59:00,harbour,Kharghar,Kalyan,11,platform_occupancy,low
SIG000541,2026-03-12T07:46:00,central,Ghatkopar,Wadala Road,25,equipment_fault,high
SIG000542,2026-09-10T12:36:00,harbour,Kharghar,Thane,23,junction_congestion,low
SIG000543,2025-12-10T22:50:00,harbour,Wadala Road,Dadar,11,platform_occupancy,high
SIG000544,2026-05-01T14:46:00,harbour,Sanpada,Thane,23,signal_hold,low
SIG000545,2026-01-28T12:49:00,central,Parel,Bandra,23,junction_congestion,low
SIG000546,2026-04-04T04:01:00,harbour,Sewri,Kurla,4,junction_congestion,low
SIG000547,2026-08-29T19:27:00,western,Dahisar,Thane,4,junction_congestion,low
SIG000548,2025-12-29T17:24:00,central,Nahur,Andheri,19,equipment_fault,low
SIG000549,2026-09-29T05:39:00,western,Jogeshwari,Andheri,2,equipment_fault,medium
SIG000550,2026-09-17T15:50:00,harbour,Panvel,Kurla,23,equipment_fault,low
SIG000551,2026-01-02T11:38:00,western,Khar Road,Andheri,20,equipment_fault,medium
SIG000552,2026-07-08T02:28:00,central,Diva,Andheri,25,route_conflict,medium
SIG000553,2026-07-17T17:16:00,central,Vidyavihar,Kalyan,26,route_conflict,low
SIG000554,2026-07-28T13:14:00,harbour,Mansarovar,Andheri,17,platform_occupancy,high
SIG000555,2026-05-17T13:59:00,harbour,Khandeshwar,Wadala Road,21,route_conflict,low
SIG000556,2026-03-02T16:59:00,harbour,Mansarovar,Thane,22,platform_occupancy,high
SIG000557,2026-01-05T14:36:00,harbour,CBD Belapur,Kurla,17,equipment_fault,high
SIG000558,2026-05-23T18:01:00,harbour,Dockyard Road,Bandra,12,equipment_fault,medium
SIG000559,2026-07-31T23:57:00,harbour,Khandeshwar,Bandra,18,platform_occupancy,medium
SIG000560,2025-10-10T07:10:00,harbour,Dockyard Road,Dadar,13,route_conflict,low
SIG000561,2025-11-11T05:14:00,western,Dadar,Bandra,26,route_conflict,medium
SIG000562,2026-04-01T10:52:00,western,Vasai Road,Dadar,23,platform_occupancy,low
SIG000563,2025-10-24T12:35:00,central,Nahur,Dadar,20,equipment_fault,low
SIG000564,2026-07-11T04:17:00,western,Jogeshwari,Bandra,26,platform_occupancy,high
SIG000565,2025-11-04T05:01:00,central,Kanjurmarg,Kalyan,26,platform_occupancy,high
SIG000566,2025-11-09T04:15:00,western,Mira Road,Thane,7,equipment_fault,medium
SIG000567,2026-03-14T05:44:00,harbour,Mansarovar,Andheri,21,platform_occupancy,high
SIG000568,2026-02-21T01:32:00,harbour,Sewri,Thane,15,route_conflict,high
SIG000569,2025-11-24T05:26:00,western,Mahalaxmi,Andheri,17,signal_hold,medium
SIG000570,2025-10-30T14:08:00,central,Kurla,Wadala Road,9,route_conflict,low
SIG000571,2026-04-04T16:43:00,western,Mahim,Kalyan,23,route_conflict,low
SIG000572,2026-01-20T22:09:00,central,Diva,Dadar,25,equipment_fault,high
SIG000573,2026-05-08T07:03:00,central,Mumbra,Wadala Road,12,signal_hold,high
SIG000574,2026-05-20T10:59:00,harbour,Wadala Road,Kurla,17,signal_hold,high
SIG000575,2026-01-25T01:12:00,central,Kalwa,Wadala Road,13,signal_hold,medium
SIG000576,2026-03-11T01:42:00,western,Borivali,Thane,11,platform_occupancy,medium
SIG000577,2026-03-09T01:36:00,harbour,Sanpada,Kalyan,18,signal_hold,low
SIG000578,2026-06-09T22:54:00,central,Sion,Andheri,20,equipment_fault,low
SIG000579,2025-10-30T00:54:00,harbour,Kurla,Kalyan,30,signal_hold,medium
SIG000580,2026-04-05T20:14:00,harbour,Khandeshwar,Thane,1,equipment_fault,medium
SIG000581,2026-08-21T10:40:00,central,Byculla,Thane,29,route_conflict,medium
SIG000582,2025-11-29T23:05:00,western,Mahalaxmi,Bandra,18,equipment_fault,low
SIG000583,2025-11-17T16:12:00,western,Borivali,Andheri,25,route_conflict,high
SIG000584,2026-08-05T21:35:00,western,Lower Parel,Wadala Road,27,junction_congestion,high
SIG000585,2025-11-22T12:23:00,harbour,Kharghar,Kurla,1,junction_congestion,high
SIG000586,2026-05-30T13:08:00,western,Charni Road,Dadar,2,route_conflict,medium
SIG000587,2025-11-21T07:03:00,harbour,Wadala Road,Thane,14,junction_congestion,medium
SIG000588,2026-07-22T12:14:00,central,Ghatkopar,Dadar,13,signal_hold,high
SIG000589,2025-10-05T07:05:00,harbour,Khandeshwar,Wadala Road,3,equipment_fault,low
SIG000590,2025-11-22T20:35:00,central,Thane,Dadar,10,platform_occupancy,high
SIG000591,2025-12-02T23:47:00,central,Nahur,Kalyan,13,signal_hold,medium
SIG000592,2026-01-22T19:57:00,harbour,Wadala Road,Kurla,24,junction_congestion,high
SIG000593,2026-05-03T19:07:00,harbour,Reay Road,Thane,22,platform_occupancy,low
SIG000594,2026-01-11T22:41:00,western,Marine Lines,Dadar,19,equipment_fault,medium
SIG000595,2025-12-01T23:41:00,central,Matunga,Andheri,24,platform_occupancy,low
SIG000596,2026-07-28T11:39:00,harbour,Sanpada,Kurla,6,route_conflict,low
SIG000597,2026-04-03T00:58:00,western,Grant Road,Kurla,22,equipment_fault,low
SIG000598,2026-09-01T21:11:00,harbour,Juinagar,Dadar,10,signal_hold,medium
SIG000599,2025-12-11T12:12:00,western,Mira Road,Wadala Road,16,platform_occupancy,medium
SIG000600,2026-01-02T08:43:00,harbour,CBD Belapur,Kurla,4,platform_occupancy,high
SIG000601,2025-11-20T19:59:00,western,Mahim,Kalyan,15,platform_occupancy,high
SIG000602,2026-05-11T14:03:00,harbour,Nerul,Kurla,19,equipment_fault,medium
SIG000603,2026-05-19T08:19:00,central,Dadar,Dadar,11,route_conflict,low
SIG000604,2026-08-14T13:49:00,central,Vikhroli,Kurla,22,platform_occupancy,medium
SIG000605,2026-09-03T00:51:00,central,Vikhroli,Bandra,10,junction_congestion,high
SIG000606,2025-12-19T05:59:00,western,Kandivali,Wadala Road,3,platform_occupancy,low
SIG000607,2026-02-21T00:53:00,central,Kalyan,Andheri,3,signal_hold,low
SIG000608,2025-10-23T17:09:00,harbour,Nerul,Kalyan,25,equipment_fault,low
SIG000609,2025-10-27T16:36:00,harbour,Guru Tegh Bahadur Nagar,Wadala Road,29,equipment_fault,medium
SIG000610,2026-01-17T05:32:00,central,Kanjurmarg,Kurla,29,equipment_fault,high
SIG000611,2026-04-30T21:34:00,western,Vile Parle,Wadala Road,17,signal_hold,medium
SIG000612,2026-06-22T23:00:00,harbour,CSMT,Andheri,8,equipment_fault,high
SIG000613,2026-01-29T18:19:00,harbour,Reay Road,Kalyan,6,route_conflict,high
SIG000614,2026-01-15T11:00:00,harbour,Khandeshwar,Kalyan,12,signal_hold,low
SIG000615,2026-09-21T02:09:00,western,Charni Road,Thane,12,route_conflict,low
SIG000616,2026-02-28T13:38:00,harbour,Tilak Nagar,Kalyan,16,junction_congestion,low
SIG000617,2025-10-30T01:23:00,harbour,Kurla,Dadar,23,equipment_fault,high
SIG000618,2026-04-18T03:40:00,harbour,Guru Tegh Bahadur Nagar,Wadala Road,18,equipment_fault,low
SIG000619,2026-07-02T06:36:00,harbour,Chembur,Thane,19,signal_hold,high
SIG000620,2026-04-02T04:47:00,central,Sion,Wadala Road,13,platform_occupancy,medium
SIG000621,2026-09-20T12:31:00,central,Diva,Dadar,17,route_conflict,medium
SIG000622,2026-01-29T14:10:00,western,Charni Road,Wadala Road,21,platform_occupancy,low
SIG000623,2026-01-18T09:38:00,western,Mahalaxmi,Thane,20,signal_hold,high
SIG000624,2026-03-17T17:35:00,central,Ghatkopar,Andheri,4,junction_congestion,high
SIG000625,2026-09-14T15:53:00,central,Matunga,Wadala Road,6,junction_congestion,low
SIG000626,2026-03-27T10:26:00,western,Mumbai Central,Wadala Road,19,route_conflict,low
SIG000627,2025-10-29T12:54:00,harbour,Reay Road,Dadar,6,platform_occupancy,low
SIG000628,2026-07-23T05:51:00,harbour,Nerul,Andheri,1,platform_occupancy,low
SIG000629,2026-03-07T17:14:00,central,Diva,Kalyan,28,junction_congestion,low
SIG000630,2026-03-09T17:39:00,central,Diva,Kurla,26,equipment_fault,low
SIG000631,2026-04-11T14:50:00,western,Mira Road,Andheri,11,junction_congestion,high
SIG000632,2025-11-20T03:07:00,western,Khar Road,Kalyan,5,signal_hold,low
SIG000633,2026-02-25T08:17:00,harbour,Sanpada,Andheri,14,route_conflict,high
SIG000634,2025-12-10T02:56:00,western,Andheri,Wadala Road,20,signal_hold,high
SIG000635,2025-12-25T13:44:00,western,Andheri,Andheri,5,equipment_fault,high
SIG000636,2025-10-01T20:58:00,harbour,CBD Belapur,Kalyan,17,junction_congestion,medium
SIG000637,2025-11-01T15:08:00,harbour,Sanpada,Kalyan,8,junction_congestion,medium
SIG000638,2026-06-13T05:44:00,harbour,Khandeshwar,Bandra,27,equipment_fault,low
SIG000639,2026-08-06T19:57:00,western,Dadar,Kalyan,25,route_conflict,low
SIG000640,2026-04-25T06:26:00,harbour,Juinagar,Kalyan,9,route_conflict,low
SIG000641,2025-10-06T04:19:00,harbour,Sanpada,Dadar,17,signal_hold,medium
SIG000642,2026-02-27T13:57:00,harbour,Kurla,Kalyan,12,signal_hold,low
SIG000643,2026-08-07T06:08:00,harbour,Nerul,Thane,9,equipment_fault,medium
SIG000644,2026-06-24T06:05:00,harbour,Guru Tegh Bahadur Nagar,Andheri,13,route_conflict,medium
SIG000645,2026-09-17T07:44:00,western,Bandra,Wadala Road,18,junction_congestion,medium
SIG000646,2026-05-12T07:09:00,harbour,Tilak Nagar,Bandra,23,junction_congestion,high
SIG000647,2026-01-09T12:55:00,harbour,Dockyard Road,Andheri,8,junction_congestion,high
SIG000648,2026-01-26T19:34:00,western,Lower Parel,Wadala Road,13,platform_occupancy,high
SIG000649,2025-11-07T21:41:00,western,Khar Road,Andheri,1,signal_hold,low
SIG000650,2026-09-09T11:00:00,harbour,Govandi,Dadar,3,platform_occupancy,low
SIG000651,2026-06-28T00:48:00,western,Malad,Dadar,24,junction_congestion,medium
SIG000652,2026-04-27T14:24:00,harbour,Seawoods-Darave,Dadar,25,route_conflict,high
SIG000653,2026-09-25T23:42:00,central,CSMT,Kurla,28,equipment_fault,medium
SIG000654,2026-02-19T19:26:00,western,Naigaon,Wadala Road,17,equipment_fault,high
SIG000655,2026-03-18T16:44:00,harbour,Cotton Green,Andheri,2,platform_occupancy,low
SIG000656,2025-10-01T05:01:00,western,Charni Road,Thane,25,junction_congestion,medium
SIG000657,2026-07-15T17:37:00,central,Mumbra,Kurla,17,signal_hold,high
SIG000658,2025-11-19T23:10:00,western,Ram Mandir,Thane,24,equipment_fault,high
SIG000659,2026-06-11T11:24:00,central,Kurla,Kurla,20,route_conflict,medium
SIG000660,2026-07-22T03:39:00,harbour,CSMT,Thane,6,junction_congestion,high
SIG000661,2025-12-17T12:36:00,harbour,Sandhurst Road,Wadala Road,10,platform_occupancy,low
SIG000662,2026-04-06T15:31:00,harbour,Nerul,Thane,23,junction_congestion,medium
SIG000663,2026-09-18T04:02:00,western,Bhayandar,Thane,25,junction_congestion,high
SIG000664,2026-09-01T11:40:00,harbour,CSMT,Kalyan,4,platform_occupancy,low
SIG000665,2026-07-06T15:41:00,harbour,Wadala Road,Andheri,23,route_conflict,medium
SIG000666,2026-07-28T07:39:00,central,Thane,Wadala Road,1,platform_occupancy,low
SIG000667,2026-04-28T04:44:00,western,Khar Road,Andheri,24,platform_occupancy,low
SIG000668,2026-02-07T23:15:00,central,Ghatkopar,Thane,7,equipment_fault,medium
SIG000669,2026-02-11T02:23:00,harbour,Kharghar,Kurla,16,route_conflict,low
SIG000670,2026-03-26T06:14:00,central,Matunga,Kurla,7,route_conflict,high
SIG000671,2026-06-17T06:01:00,western,Bhayandar,Dadar,4,signal_hold,high
SIG000672,2026-09-24T17:56:00,harbour,CSMT,Bandra,28,equipment_fault,low
SIG000673,2026-09-17T04:39:00,central,Diva,Thane,16,equipment_fault,medium
SIG000674,2026-09-23T09:26:00,western,Bhayandar,Wadala Road,9,junction_congestion,low
SIG000675,2026-01-02T09:15:00,western,Jogeshwari,Bandra,14,junction_congestion,high
SIG000676,2025-10-24T17:04:00,harbour,Tilak Nagar,Kalyan,28,route_conflict,medium
SIG000677,2025-12-27T15:35:00,harbour,Sanpada,Kalyan,11,signal_hold,low
SIG000678,2026-03-03T11:09:00,central,Mumbra,Dadar,11,platform_occupancy,high
SIG000679,2026-04-08T02:35:00,western,Ram Mandir,Thane,8,platform_occupancy,medium
SIG000680,2026-06-07T20:02:00,central,Dadar,Kalyan,14,route_conflict,medium
SIG000681,2026-06-29T02:34:00,central,Kanjurmarg,Thane,15,route_conflict,high
SIG000682,2026-01-04T11:49:00,harbour,Kharghar,Kurla,27,signal_hold,high
SIG000683,2026-04-15T13:42:00,western,Ram Mandir,Kalyan,28,junction_congestion,low
SIG000684,2026-01-15T04:48:00,harbour,Reay Road,Kalyan,26,signal_hold,low
SIG000685,2026-08-03T22:36:00,central,Parel,Bandra,21,equipment_fault,high
SIG000686,2026-05-18T21:44:00,central,Vidyavihar,Thane,18,equipment_fault,low
SIG000687,2026-07-18T02:34:00,western,Dahisar,Kurla,2,route_conflict,medium
SIG000688,2026-09-13T00:07:00,harbour,Dockyard Road,Kalyan,24,platform_occupancy,medium
SIG000689,2026-06-20T20:16:00,central,Kalwa,Wadala Road,30,platform_occupancy,medium
SIG000690,2025-10-15T10:38:00,central,Currey Road,Thane,28,equipment_fault,low
SIG000691,2026-02-05T02:17:00,central,Vikhroli,Thane,22,equipment_fault,medium
SIG000692,2026-08-22T10:40:00,western,Khar Road,Wadala Road,10,junction_congestion,high
SIG000693,2026-01-14T11:24:00,western,Kandivali,Bandra,30,platform_occupancy,medium
SIG000694,2026-07-22T17:54:00,western,Charni Road,Kurla,11,route_conflict,medium
SIG000695,2026-05-19T17:50:00,harbour,Chunabhatti,Andheri,9,equipment_fault,high
SIG000696,2026-07-15T23:04:00,central,Nahur,Bandra,28,platform_occupancy,high
SIG000697,2026-08-24T21:21:00,central,Dadar,Kurla,28,signal_hold,low
SIG000698,2026-03-20T20:24:00,harbour,Guru Tegh Bahadur Nagar,Andheri,23,signal_hold,low
SIG000699,2026-01-30T12:58:00,central,Currey Road,Dadar,3,junction_congestion,high
SIG000700,2025-11-09T04:40:00,western,Bhayandar,Kalyan,17,signal_hold,low
SIG000701,2026-04-10T02:41:00,harbour,Reay Road,Dadar,21,junction_congestion,medium
SIG000702,2026-03-17T00:17:00,western,Mira Road,Thane,15,route_conflict,low
SIG000703,2026-02-02T05:35:00,western,Marine Lines,Andheri,12,platform_occupancy,medium
SIG000704,2026-09-06T04:47:00,harbour,Guru Tegh Bahadur Nagar,Wadala Road,15,route_conflict,high
SIG000705,2026-02-06T21:56:00,harbour,Seawoods-Darave,Kalyan,21,equipment_fault,medium
SIG000706,2026-05-14T11:43:00,central,Mulund,Wadala Road,8,signal_hold,medium
SIG000707,2026-05-13T04:23:00,central,Bhandup,Thane,5,platform_occupancy,low
SIG000708,2025-10-01T01:36:00,harbour,Panvel,Bandra,5,platform_occupancy,medium
SIG000709,2026-09-07T15:49:00,harbour,CSMT,Andheri,30,junction_congestion,medium
SIG000710,2026-05-07T04:04:00,western,Bhayandar,Kalyan,26,platform_occupancy,high
SIG000711,2026-03-18T08:46:00,western,Ram Mandir,Thane,7,junction_congestion,high
SIG000712,2026-08-15T06:59:00,central,Sion,Kurla,23,junction_congestion,medium
SIG000713,2026-03-10T15:07:00,central,Chinchpokli,Kalyan,21,route_conflict,high
SIG000714,2026-04-16T23:11:00,central,Kopar,Andheri,18,platform_occupancy,medium
SIG000715,2026-02-14T21:32:00,western,Mahalaxmi,Kurla,10,signal_hold,high
SIG000716,2026-08-28T13:41:00,harbour,Mankhurd,Thane,23,equipment_fault,medium
SIG000717,2026-02-14T17:51:00,central,CSMT,Kurla,2,equipment_fault,low
SIG000718,2026-02-13T09:29:00,western,Matunga Road,Thane,5,junction_congestion,high
SIG000719,2025-10-06T23:22:00,western,Charni Road,Kurla,1,junction_congestion,low
SIG000720,2026-06-06T23:21:00,central,Vidyavihar,Bandra,26,junction_congestion,medium
SIG000721,2026-09-03T15:28:00,harbour,Masjid,Thane,3,route_conflict,low
SIG000722,2026-04-13T01:29:00,central,Chinchpokli,Wadala Road,16,route_conflict,low
SIG000723,2026-04-01T02:27:00,central,CSMT,Dadar,25,route_conflict,medium
SIG000724,2026-08-19T13:18:00,western,Mira Road,Dadar,7,junction_congestion,high
SIG000725,2025-12-08T10:04:00,harbour,Kharghar,Kurla,16,junction_congestion,high
SIG000726,2026-05-16T06:30:00,central,Dadar,Andheri,24,signal_hold,high
SIG000727,2025-12-28T22:34:00,central,Mulund,Andheri,10,route_conflict,medium
SIG000728,2025-11-07T22:17:00,harbour,Sewri,Dadar,8,junction_congestion,medium
SIG000729,2025-10-11T23:19:00,western,Naigaon,Thane,19,signal_hold,medium
SIG000730,2026-03-27T00:17:00,western,Marine Lines,Wadala Road,26,junction_congestion,high
SIG000731,2026-01-21T20:40:00,central,Chinchpokli,Kurla,6,junction_congestion,low
SIG000732,2026-06-04T10:21:00,harbour,Masjid,Dadar,12,route_conflict,high
SIG000733,2025-12-18T04:48:00,western,Andheri,Kurla,11,equipment_fault,high
SIG000734,2026-06-10T21:49:00,central,Kalyan,Kurla,1,junction_congestion,medium
SIG000735,2026-01-07T02:36:00,central,Byculla,Kalyan,23,junction_congestion,high
SIG000736,2026-05-03T14:30:00,harbour,Mansarovar,Kalyan,7,equipment_fault,low
SIG000737,2026-06-11T03:52:00,central,Kalyan,Kalyan,9,equipment_fault,high
SIG000738,2026-01-25T18:12:00,western,Jogeshwari,Kurla,15,platform_occupancy,medium
SIG000739,2026-06-25T07:45:00,central,CSMT,Bandra,21,equipment_fault,medium
SIG000740,2026-02-13T02:26:00,western,Malad,Bandra,12,equipment_fault,low
SIG000741,2026-05-22T12:32:00,harbour,Sandhurst Road,Andheri,18,junction_congestion,low
SIG000742,2026-09-28T07:18:00,harbour,Reay Road,Wadala Road,10,platform_occupancy,medium
SIG000743,2026-05-23T11:46:00,western,Grant Road,Wadala Road,22,signal_hold,low
SIG000744,2026-01-03T11:58:00,western,Nalasopara,Dadar,7,signal_hold,medium
SIG000745,2026-02-17T12:44:00,western,Marine Lines,Wadala Road,21,junction_congestion,high
SIG000746,2026-09-22T17:47:00,harbour,Seawoods-Darave,Andheri,19,platform_occupancy,low
SIG000747,2026-06-24T18:30:00,western,Malad,Andheri,3,signal_hold,low
SIG000748,2026-09-23T19:56:00,western,Vile Parle,Bandra,21,signal_hold,medium
SIG000749,2026-07-30T21:18:00,central,Thakurli,Dadar,27,equipment_fault,medium
SIG000750,2025-10-30T14:27:00,harbour,Sandhurst Road,Bandra,10,signal_hold,low
SIG000751,2025-12-10T17:16:00,western,Mira Road,Kurla,18,junction_congestion,low
SIG000752,2026-02-18T15:00:00,harbour,Kharghar,Kurla,19,route_conflict,high
SIG000753,2026-07-30T07:52:00,harbour,Dockyard Road,Bandra,21,equipment_fault,medium
SIG000754,2026-08-31T00:43:00,harbour,Kharghar,Kalyan,29,signal_hold,low
SIG000755,2026-02-09T08:39:00,harbour,Chembur,Wadala Road,11,route_conflict,high
SIG000756,2026-08-19T14:11:00,central,Ghatkopar,Wadala Road,11,platform_occupancy,medium
SIG000757,2026-08-10T13:04:00,harbour,Kurla,Wadala Road,8,equipment_fault,high
SIG000758,2026-03-05T18:39:00,central,Kalwa,Andheri,9,platform_occupancy,medium
SIG000759,2026-08-22T20:37:00,central,CSMT,Andheri,2,platform_occupancy,high
SIG000760,2025-10-12T20:54:00,harbour,Reay Road,Thane,1,platform_occupancy,low
SIG000761,2026-03-06T10:18:00,central,CSMT,Bandra,27,platform_occupancy,high
SIG000762,2026-01-21T15:50:00,western,Marine Lines,Kalyan,12,route_conflict,low
SIG000763,2026-04-11T23:00:00,central,Mumbra,Kurla,8,platform_occupancy,medium
SIG000764,2025-12-06T22:09:00,harbour,Chembur,Wadala Road,30,route_conflict,high
SIG000765,2025-11-26T05:11:00,harbour,Kurla,Bandra,16,route_conflict,medium
SIG000766,2025-12-09T10:36:00,harbour,CBD Belapur,Thane,2,equipment_fault,medium
SIG000767,2025-11-27T03:29:00,western,Bhayandar,Thane,12,junction_congestion,medium
SIG000768,2025-12-27T18:35:00,western,Mira Road,Andheri,28,equipment_fault,low
SIG000769,2026-07-06T12:26:00,western,Matunga Road,Wadala Road,2,platform_occupancy,high
SIG000770,2026-01-17T22:06:00,central,Thane,Andheri,8,route_conflict,low
SIG000771,2026-07-14T02:07:00,central,Diva,Wadala Road,17,signal_hold,low
SIG000772,2026-08-11T12:37:00,central,Kanjurmarg,Kurla,5,platform_occupancy,low
SIG000773,2026-09-12T12:09:00,harbour,Khandeshwar,Dadar,18,junction_congestion,medium
SIG000774,2025-12-01T22:51:00,central,Thane,Kalyan,25,route_conflict,low
SIG000775,2026-09-16T04:43:00,harbour,Sewri,Kalyan,13,equipment_fault,low
SIG000776,2026-03-29T07:27:00,western,Charni Road,Thane,25,junction_congestion,medium
SIG000777,2025-12-05T05:46:00,western,Borivali,Kalyan,14,platform_occupancy,medium
SIG000778,2026-02-16T17:02:00,central,Vikhroli,Wadala Road,21,signal_hold,medium
SIG000779,2026-02-01T05:57:00,central,Diva,Bandra,26,junction_congestion,high
SIG000780,2026-01-15T04:21:00,central,Byculla,Bandra,8,route_conflict,high
SIG000781,2026-06-30T04:59:00,western,Bhayandar,Andheri,28,signal_hold,low
SIG000782,2025-11-09T17:07:00,western,Malad,Kurla,28,platform_occupancy,low
SIG000783,2026-06-07T23:06:00,harbour,Dockyard Road,Thane,15,junction_congestion,low
SIG000784,2026-05-30T15:57:00,western,Mira Road,Wadala Road,7,route_conflict,high
SIG000785,2026-04-07T08:22:00,harbour,Vashi,Wadala Road,24,route_conflict,high
SIG000786,2025-10-14T09:21:00,central,Mumbra,Andheri,17,signal_hold,medium
SIG000787,2026-02-02T00:33:00,western,Matunga Road,Kurla,26,equipment_fault,medium
SIG000788,2025-11-08T15:43:00,central,Kopar,Dadar,3,junction_congestion,high
SIG000789,2026-04-16T13:29:00,harbour,Kharghar,Thane,28,signal_hold,low
SIG000790,2026-05-01T23:43:00,harbour,Chembur,Kurla,13,equipment_fault,high
SIG000791,2025-12-12T12:42:00,central,Mulund,Bandra,20,equipment_fault,low
SIG000792,2026-02-13T17:52:00,western,Jogeshwari,Kalyan,18,signal_hold,low
SIG000793,2026-03-30T03:29:00,harbour,Chunabhatti,Thane,16,junction_congestion,high
SIG000794,2026-01-23T07:51:00,western,Bandra,Andheri,12,platform_occupancy,high
SIG000795,2026-05-09T03:32:00,western,Jogeshwari,Thane,26,signal_hold,high
SIG000796,2026-04-06T15:16:00,central,CSMT,Wadala Road,9,route_conflict,low
SIG000797,2026-06-06T21:08:00,central,Dombivli,Kurla,3,junction_congestion,high
SIG000798,2026-03-15T14:35:00,central,Sion,Wadala Road,5,junction_congestion,medium
SIG000799,2026-05-28T18:40:00,central,Kalwa,Kurla,7,route_conflict,high
SIG000800,2026-02-25T07:37:00,western,Matunga Road,Andheri,23,equipment_fault,low
SIG000801,2026-08-10T03:55:00,western,Kandivali,Wadala Road,30,route_conflict,medium
SIG000802,2025-11-19T09:08:00,harbour,Juinagar,Andheri,4,route_conflict,medium
SIG000803,2026-01-14T23:11:00,harbour,CSMT,Bandra,11,junction_congestion,medium
SIG000804,2026-05-09T21:23:00,central,Kalyan,Bandra,29,platform_occupancy,low
SIG000805,2026-02-14T20:22:00,western,Mumbai Central,Kurla,1,equipment_fault,high
SIG000806,2026-04-13T07:45:00,harbour,Nerul,Wadala Road,8,equipment_fault,low
SIG000807,2026-03-18T03:29:00,harbour,CSMT,Thane,3,junction_congestion,low
SIG000808,2026-09-07T08:14:00,harbour,CBD Belapur,Thane,6,junction_congestion,medium
SIG000809,2026-09-11T01:04:00,western,Mahalaxmi,Kurla,8,signal_hold,medium
SIG000810,2025-10-11T22:23:00,central,Bhandup,Kurla,24,route_conflict,low
SIG000811,2025-11-18T03:48:00,western,Vile Parle,Bandra,20,junction_congestion,high
SIG000812,2026-05-25T13:57:00,central,Sion,Kalyan,13,signal_hold,high
SIG000813,2026-07-04T23:31:00,harbour,Kurla,Kalyan,20,equipment_fault,high
SIG000814,2025-10-29T01:02:00,harbour,Dockyard Road,Kalyan,15,signal_hold,low
SIG000815,2026-07-16T01:48:00,harbour,Masjid,Wadala Road,13,equipment_fault,high
SIG000816,2025-11-05T21:30:00,western,Matunga Road,Kalyan,13,platform_occupancy,medium
SIG000817,2026-09-01T22:37:00,western,Santacruz,Thane,20,signal_hold,high
SIG000818,2026-01-12T13:49:00,central,Kopar,Kalyan,3,equipment_fault,low
SIG000819,2026-02-08T21:43:00,harbour,Mansarovar,Wadala Road,5,junction_congestion,medium
SIG000820,2026-05-24T12:53:00,central,CSMT,Kurla,15,equipment_fault,high
SIG000821,2026-02-25T01:01:00,central,Chinchpokli,Thane,11,route_conflict,high
SIG000822,2025-12-29T23:05:00,western,Grant Road,Andheri,15,platform_occupancy,low
SIG000823,2026-07-07T16:24:00,harbour,Sanpada,Wadala Road,6,junction_congestion,high
SIG000824,2026-07-05T03:35:00,western,Bhayandar,Kurla,30,platform_occupancy,high
SIG000825,2026-01-18T07:00:00,western,Nalasopara,Kurla,6,signal_hold,medium
SIG000826,2026-05-13T07:46:00,central,Kalyan,Bandra,15,platform_occupancy,high
SIG000827,2026-02-09T13:53:00,western,Virar,Kurla,7,signal_hold,high
SIG000828,2026-04-03T07:26:00,western,Vile Parle,Kalyan,28,junction_congestion,high
SIG000829,2025-10-05T04:29:00,harbour,Vashi,Kurla,7,equipment_fault,high
SIG000830,2026-09-12T09:40:00,central,Bhandup,Kalyan,3,equipment_fault,high
SIG000831,2025-10-05T18:52:00,western,Virar,Wadala Road,9,equipment_fault,high
SIG000832,2026-03-01T04:43:00,western,Mahalaxmi,Kurla,2,platform_occupancy,low
SIG000833,2026-01-14T20:36:00,western,Borivali,Wadala Road,27,equipment_fault,medium
SIG000834,2026-05-30T02:35:00,western,Marine Lines,Dadar,14,route_conflict,low
SIG000835,2026-04-26T01:54:00,harbour,Kharghar,Andheri,23,equipment_fault,high
SIG000836,2026-02-07T04:37:00,central,Kalyan,Wadala Road,12,signal_hold,low
SIG000837,2026-05-06T22:33:00,central,Vikhroli,Kalyan,27,signal_hold,medium
SIG000838,2025-11-17T06:39:00,central,Mulund,Kurla,4,platform_occupancy,medium
SIG000839,2026-07-29T06:56:00,harbour,Sewri,Andheri,7,equipment_fault,low
SIG000840,2025-12-19T14:11:00,harbour,Khandeshwar,Andheri,17,signal_hold,medium
SIG000841,2026-04-28T02:57:00,central,Diva,Bandra,11,platform_occupancy,high
SIG000842,2026-06-15T16:02:00,western,Malad,Wadala Road,16,equipment_fault,high
SIG000843,2026-09-28T10:39:00,central,Dadar,Wadala Road,8,platform_occupancy,low
SIG000844,2025-10-02T03:37:00,western,Churchgate,Kalyan,21,signal_hold,high
SIG000845,2026-02-28T23:22:00,harbour,Govandi,Kalyan,2,platform_occupancy,medium
SIG000846,2026-03-04T14:52:00,western,Kandivali,Kurla,23,platform_occupancy,medium
SIG000847,2025-11-19T09:31:00,central,Vidyavihar,Wadala Road,18,platform_occupancy,low
SIG000848,2025-12-22T21:26:00,harbour,Kurla,Thane,13,equipment_fault,high
SIG000849,2025-10-22T04:51:00,western,Lower Parel,Thane,27,platform_occupancy,high
SIG000850,2026-09-14T21:01:00,central,Byculla,Andheri,5,junction_congestion,low
SIG000851,2026-09-01T09:52:00,harbour,Kurla,Kalyan,26,junction_congestion,high
SIG000852,2025-11-10T19:03:00,harbour,Chunabhatti,Wadala Road,24,platform_occupancy,high
SIG000853,2025-10-14T15:07:00,western,Goregaon,Andheri,11,platform_occupancy,low
SIG000854,2026-01-17T17:17:00,central,CSMT,Thane,13,equipment_fault,low
SIG000855,2026-07-11T16:09:00,western,Malad,Dadar,28,platform_occupancy,high
SIG000856,2026-05-18T00:16:00,harbour,Masjid,Thane,14,signal_hold,medium
SIG000857,2026-03-23T01:05:00,central,Nahur,Bandra,10,route_conflict,high
SIG000858,2026-05-09T03:23:00,western,Grant Road,Thane,26,signal_hold,low
SIG000859,2025-12-07T10:22:00,central,Thane,Dadar,26,junction_congestion,high
SIG000860,2026-01-21T04:42:00,western,Mahim,Kalyan,24,equipment_fault,medium
SIG000861,2026-05-27T08:38:00,western,Bhayandar,Bandra,4,equipment_fault,high
SIG000862,2026-01-05T15:24:00,western,Mira Road,Dadar,15,junction_congestion,high
SIG000863,2025-12-24T08:22:00,western,Matunga Road,Dadar,22,equipment_fault,low
SIG000864,2026-05-31T16:39:00,central,Byculla,Dadar,17,platform_occupancy,low
SIG000865,2026-05-16T07:05:00,harbour,Sewri,Thane,7,route_conflict,medium
SIG000866,2026-04-20T10:48:00,harbour,Kurla,Bandra,15,signal_hold,medium
SIG000867,2026-01-17T17:34:00,western,Dadar,Dadar,1,equipment_fault,high
SIG000868,2025-12-14T13:08:00,western,Ram Mandir,Thane,18,platform_occupancy,medium
SIG000869,2026-01-12T01:53:00,harbour,Chunabhatti,Wadala Road,8,route_conflict,low
SIG000870,2026-05-15T17:43:00,harbour,Kurla,Wadala Road,15,signal_hold,low
SIG000871,2025-10-22T02:41:00,central,Dombivli,Dadar,4,junction_congestion,low
SIG000872,2025-12-02T17:02:00,central,Kanjurmarg,Kurla,23,equipment_fault,high
SIG000873,2026-08-21T15:33:00,harbour,Tilak Nagar,Thane,11,route_conflict,high
SIG000874,2025-11-27T04:41:00,central,Mumbra,Kurla,3,junction_congestion,low
SIG000875,2026-08-28T17:54:00,central,Dombivli,Andheri,23,junction_congestion,medium
SIG000876,2026-03-18T17:08:00,western,Mumbai Central,Bandra,29,equipment_fault,medium
SIG000877,2026-06-22T15:44:00,central,Dadar,Andheri,30,platform_occupancy,medium
SIG000878,2026-08-27T01:41:00,central,CSMT,Dadar,16,signal_hold,medium
SIG000879,2026-09-14T13:03:00,central,Dadar,Thane,25,platform_occupancy,high
SIG000880,2026-01-01T18:22:00,harbour,Dockyard Road,Kalyan,27,signal_hold,medium
SIG000881,2025-11-21T15:29:00,central,Kalwa,Kalyan,13,equipment_fault,medium
SIG000882,2026-03-23T17:24:00,harbour,Wadala Road,Wadala Road,6,junction_congestion,medium
SIG000883,2025-11-18T02:28:00,central,Matunga,Bandra,23,equipment_fault,medium
SIG000884,2026-08-14T00:21:00,harbour,Kurla,Wadala Road,23,route_conflict,low
SIG000885,2025-11-26T17:18:00,harbour,Mansarovar,Wadala Road,27,junction_congestion,low
SIG000886,2026-09-03T01:54:00,central,Kalwa,Dadar,27,junction_congestion,low
SIG000887,2026-05-13T07:18:00,central,Chinchpokli,Wadala Road,4,equipment_fault,medium
SIG000888,2026-05-27T09:52:00,central,Kopar,Andheri,2,signal_hold,low
SIG000889,2026-01-10T03:44:00,harbour,Panvel,Andheri,26,signal_hold,low
SIG000890,2026-01-17T15:44:00,central,Kalwa,Thane,13,equipment_fault,high
SIG000891,2026-08-22T14:41:00,western,Lower Parel,Andheri,29,platform_occupancy,medium
SIG000892,2026-05-10T18:23:00,central,Thakurli,Thane,3,equipment_fault,low
SIG000893,2026-07-22T07:51:00,western,Nalasopara,Thane,2,platform_occupancy,high
SIG000894,2025-11-08T16:28:00,western,Dahisar,Wadala Road,27,platform_occupancy,low
SIG000895,2026-04-24T11:57:00,western,Prabhadevi,Kalyan,23,equipment_fault,medium
SIG000896,2026-05-20T15:40:00,harbour,Chembur,Kalyan,13,junction_congestion,high
SIG000897,2026-03-03T19:16:00,harbour,Cotton Green,Kalyan,5,route_conflict,high
SIG000898,2026-07-08T01:17:00,central,Bhandup,Kurla,10,route_conflict,low
SIG000899,2025-10-09T10:46:00,western,Kandivali,Dadar,5,junction_congestion,high
SIG000900,2026-08-15T00:29:00,western,Charni Road,Kurla,21,junction_congestion,medium
SIG000901,2026-08-06T23:43:00,harbour,Cotton Green,Kalyan,17,junction_congestion,high
SIG000902,2026-08-24T17:07:00,central,Vikhroli,Kurla,6,junction_congestion,high
SIG000903,2025-10-06T09:50:00,harbour,Vashi,Bandra,24,route_conflict,high
SIG000904,2026-04-15T01:29:00,central,Kalwa,Wadala Road,12,signal_hold,low
SIG000905,2026-09-17T21:43:00,harbour,Tilak Nagar,Dadar,19,junction_congestion,high
SIG000906,2025-11-28T07:12:00,western,Mira Road,Andheri,17,platform_occupancy,medium
SIG000907,2025-11-26T23:14:00,harbour,Seawoods-Darave,Dadar,8,junction_congestion,high
SIG000908,2025-11-26T20:34:00,harbour,CBD Belapur,Wadala Road,26,equipment_fault,medium
SIG000909,2025-11-08T10:17:00,central,Kalwa,Bandra,1,junction_congestion,medium
SIG000910,2026-09-07T16:25:00,harbour,Khandeshwar,Thane,14,platform_occupancy,medium
SIG000911,2026-04-29T14:17:00,western,Marine Lines,Andheri,30,equipment_fault,high
SIG000912,2026-05-10T10:01:00,harbour,Nerul,Thane,2,junction_congestion,high
SIG000913,2026-02-01T02:52:00,harbour,Masjid,Andheri,10,equipment_fault,low
SIG000914,2026-04-27T20:28:00,central,Chinchpokli,Kurla,17,signal_hold,medium
SIG000915,2026-04-02T12:54:00,western,Malad,Thane,9,platform_occupancy,low
SIG000916,2025-12-21T05:28:00,harbour,Cotton Green,Wadala Road,24,route_conflict,high
SIG000917,2026-08-22T05:49:00,central,Dadar,Thane,26,route_conflict,medium
SIG000918,2026-02-09T15:52:00,harbour,Masjid,Thane,3,route_conflict,high
SIG000919,2026-01-21T05:58:00,central,Bhandup,Bandra,13,route_conflict,high
SIG000920,2026-08-17T12:47:00,harbour,CBD Belapur,Kurla,7,equipment_fault,high
SIG000921,2026-06-09T06:38:00,western,Kandivali,Thane,25,signal_hold,low
SIG000922,2026-01-31T01:01:00,central,Kanjurmarg,Kalyan,10,junction_congestion,high
SIG000923,2026-03-20T03:31:00,central,Dombivli,Andheri,13,junction_congestion,medium
SIG000924,2026-01-14T16:40:00,harbour,Govandi,Dadar,10,junction_congestion,medium
SIG000925,2026-05-18T21:03:00,harbour,Kharghar,Dadar,4,equipment_fault,high
SIG000926,2026-06-15T15:35:00,central,Diva,Andheri,28,platform_occupancy,medium
SIG000927,2026-04-15T20:17:00,central,Currey Road,Thane,21,equipment_fault,medium
SIG000928,2026-09-01T18:27:00,harbour,Khandeshwar,Kurla,24,equipment_fault,low
SIG000929,2026-06-03T16:36:00,harbour,Mansarovar,Kurla,11,equipment_fault,low
SIG000930,2025-10-07T04:07:00,western,Churchgate,Kalyan,4,equipment_fault,low
SIG000931,2026-08-21T17:24:00,central,Sion,Andheri,10,platform_occupancy,low
SIG000932,2025-10-25T18:55:00,western,Malad,Dadar,2,equipment_fault,high
SIG000933,2026-03-07T21:17:00,harbour,CBD Belapur,Dadar,23,signal_hold,low
SIG000934,2026-01-03T14:17:00,central,Dombivli,Bandra,29,equipment_fault,low
SIG000935,2025-12-20T17:09:00,harbour,Cotton Green,Thane,10,junction_congestion,high
SIG000936,2025-11-25T03:12:00,harbour,Mankhurd,Thane,25,junction_congestion,high
SIG000937,2026-05-24T11:53:00,central,Dadar,Bandra,3,platform_occupancy,low
SIG000938,2026-07-06T17:53:00,central,Ghatkopar,Dadar,9,platform_occupancy,low
SIG000939,2026-08-17T19:36:00,western,Andheri,Kurla,20,junction_congestion,low
SIG000940,2026-09-24T07:19:00,western,Mumbai Central,Wadala Road,25,junction_congestion,low
SIG000941,2025-12-17T08:50:00,central,Thakurli,Thane,4,signal_hold,low
SIG000942,2025-11-21T06:32:00,harbour,Khandeshwar,Thane,25,junction_congestion,low
SIG000943,2026-09-28T09:57:00,western,Kandivali,Andheri,1,signal_hold,high
SIG000944,2026-07-12T08:11:00,central,Parel,Andheri,11,junction_congestion,high
SIG000945,2025-10-03T16:43:00,harbour,Mansarovar,Bandra,16,junction_congestion,medium
SIG000946,2026-07-22T02:53:00,harbour,Panvel,Bandra,26,signal_hold,high
SIG000947,2026-03-14T10:57:00,western,Khar Road,Andheri,27,junction_congestion,low
SIG000948,2026-06-19T08:33:00,central,Dombivli,Thane,13,signal_hold,high
SIG000949,2025-12-06T00:31:00,central,Kalwa,Bandra,11,signal_hold,medium
SIG000950,2026-04-30T03:23:00,harbour,Sewri,Kurla,18,signal_hold,medium
SIG000951,2026-02-17T02:01:00,central,Thakurli,Kalyan,29,signal_hold,high
SIG000952,2026-06-19T14:32:00,central,Chinchpokli,Andheri,15,route_conflict,low
SIG000953,2025-10-26T23:52:00,western,Churchgate,Andheri,19,route_conflict,medium
SIG000954,2026-07-11T02:12:00,western,Naigaon,Wadala Road,21,platform_occupancy,medium
SIG000955,2026-08-24T04:12:00,western,Marine Lines,Thane,2,platform_occupancy,high
SIG000956,2025-11-01T04:14:00,central,Currey Road,Kurla,26,equipment_fault,medium
SIG000957,2026-01-17T11:09:00,harbour,Nerul,Kurla,30,signal_hold,low
SIG000958,2026-01-12T02:28:00,central,Kopar,Dadar,16,equipment_fault,low
SIG000959,2026-03-26T17:11:00,harbour,CBD Belapur,Kurla,1,route_conflict,high
SIG000960,2025-11-06T09:04:00,central,Currey Road,Kalyan,20,route_conflict,high
SIG000961,2025-11-16T13:44:00,western,Grant Road,Kalyan,20,equipment_fault,low
SIG000962,2025-11-15T22:55:00,western,Santacruz,Thane,26,junction_congestion,medium
SIG000963,2025-12-27T23:10:00,harbour,Nerul,Wadala Road,5,platform_occupancy,low
SIG000964,2025-11-03T04:40:00,harbour,Cotton Green,Thane,3,signal_hold,medium
SIG000965,2026-01-11T20:17:00,central,Dadar,Andheri,12,equipment_fault,low
SIG000966,2026-08-16T10:09:00,western,Goregaon,Dadar,5,signal_hold,high
SIG000967,2026-07-01T21:21:00,western,Churchgate,Kalyan,3,signal_hold,low
SIG000968,2026-02-08T15:28:00,western,Dahisar,Andheri,19,platform_occupancy,medium
SIG000969,2026-09-12T14:55:00,harbour,Reay Road,Kurla,5,platform_occupancy,high
SIG000970,2026-08-24T23:38:00,central,Sion,Kurla,20,signal_hold,high
SIG000971,2026-02-09T01:44:00,harbour,Vashi,Wadala Road,3,platform_occupancy,medium
SIG000972,2026-08-01T22:48:00,western,Ram Mandir,Kurla,7,signal_hold,high
SIG000973,2025-12-09T16:11:00,harbour,Tilak Nagar,Bandra,25,equipment_fault,high
SIG000974,2026-03-09T16:07:00,central,Kopar,Andheri,7,platform_occupancy,low
SIG000975,2026-02-19T01:29:00,western,Naigaon,Kurla,22,junction_congestion,medium
SIG000976,2026-02-06T09:28:00,western,Borivali,Dadar,2,platform_occupancy,medium
SIG000977,2026-03-02T14:50:00,central,Kurla,Thane,20,junction_congestion,low
SIG000978,2025-12-16T00:53:00,harbour,Masjid,Wadala Road,6,route_conflict,low
SIG000979,2026-09-19T05:03:00,harbour,Dockyard Road,Dadar,29,route_conflict,high
SIG000980,2026-08-20T21:48:00,harbour,Nerul,Thane,14,route_conflict,high
SIG000981,2026-05-26T03:45:00,western,Bhayandar,Dadar,11,route_conflict,low
SIG000982,2026-03-22T15:56:00,harbour,Govandi,Bandra,7,junction_congestion,low
SIG000983,2025-11-23T13:01:00,central,Mumbra,Kalyan,2,junction_congestion,low
SIG000984,2026-03-07T09:45:00,harbour,Mankhurd,Kurla,13,platform_occupancy,low
SIG000985,2026-08-30T07:35:00,harbour,Sewri,Andheri,12,platform_occupancy,low
SIG000986,2026-06-02T14:07:00,western,Marine Lines,Andheri,19,signal_hold,medium
SIG000987,2026-01-08T09:32:00,western,Nalasopara,Kalyan,15,junction_congestion,low
SIG000988,2026-06-08T04:25:00,western,Virar,Thane,20,route_conflict,high
SIG000989,2026-02-01T17:50:00,harbour,Juinagar,Bandra,8,signal_hold,medium
SIG000990,2026-09-22T05:37:00,western,Goregaon,Kalyan,27,junction_congestion,medium
SIG000991,2025-10-11T13:28:00,harbour,Govandi,Andheri,28,route_conflict,low
SIG000992,2026-05-27T07:54:00,central,Mumbra,Kurla,29,equipment_fault,low
SIG000993,2025-10-04T16:44:00,central,Byculla,Dadar,16,equipment_fault,low
SIG000994,2026-08-06T23:36:00,harbour,Chembur,Kalyan,26,signal_hold,medium
SIG000995,2026-09-26T15:44:00,western,Charni Road,Wadala Road,25,signal_hold,high
SIG000996,2026-07-24T02:09:00,western,Mumbai Central,Thane,10,route_conflict,high
SIG000997,2025-12-06T01:36:00,western,Andheri,Andheri,10,route_conflict,high
SIG000998,2026-08-31T10:32:00,harbour,Khandeshwar,Wadala Road,1,junction_congestion,medium
SIG000999,2026-01-09T22:37:00,harbour,Chembur,Kurla,26,platform_occupancy,high
SIG001000,2026-09-04T02:09:00,harbour,CBD Belapur,Dadar,28,signal_hold,medium
SIG001001,2026-05-31T09:57:00,harbour,Masjid,Thane,14,platform_occupancy,high
SIG001002,2026-02-28T20:08:00,harbour,Sandhurst Road,Wadala Road,29,platform_occupancy,high
SIG001003,2025-11-09T21:54:00,harbour,Kharghar,Thane,29,signal_hold,low
SIG001004,2026-07-06T20:37:00,central,Nahur,Wadala Road,2,platform_occupancy,medium
SIG001005,2026-02-05T15:01:00,harbour,Juinagar,Andheri,3,equipment_fault,high
SIG001006,2026-02-27T01:36:00,western,Mahim,Kurla,18,signal_hold,high
SIG001007,2026-09-14T10:16:00,harbour,Panvel,Wadala Road,28,route_conflict,high
SIG001008,2026-03-14T03:48:00,central,Vikhroli,Thane,17,junction_congestion,medium
SIG001009,2025-11-09T15:45:00,western,Bandra,Thane,15,junction_congestion,high
SIG001010,2025-12-29T08:30:00,central,Thakurli,Wadala Road,22,equipment_fault,medium
SIG001011,2026-08-26T02:53:00,harbour,Tilak Nagar,Bandra,22,signal_hold,low
SIG001012,2026-08-30T09:55:00,western,Charni Road,Kalyan,29,route_conflict,medium
SIG001013,2025-11-26T00:45:00,western,Mahalaxmi,Thane,4,route_conflict,medium
SIG001014,2026-01-18T14:08:00,western,Jogeshwari,Andheri,1,platform_occupancy,medium
SIG001015,2026-01-05T03:20:00,central,Vikhroli,Kalyan,15,signal_hold,medium
SIG001016,2026-02-15T16:04:00,western,Churchgate,Bandra,26,route_conflict,high
SIG001017,2026-06-02T13:52:00,central,Mumbra,Thane,21,platform_occupancy,medium
SIG001018,2026-08-21T05:25:00,central,Vidyavihar,Wadala Road,5,platform_occupancy,low
SIG001019,2026-04-08T07:57:00,western,Andheri,Thane,10,signal_hold,low
SIG001020,2026-06-15T03:14:00,central,Nahur,Kurla,20,route_conflict,high
SIG001021,2026-04-26T17:02:00,western,Mahalaxmi,Bandra,23,route_conflict,low
SIG001022,2026-03-23T05:41:00,western,Marine Lines,Thane,19,route_conflict,medium
SIG001023,2026-04-08T14:56:00,central,Dadar,Kurla,18,signal_hold,high
SIG001024,2026-05-19T18:59:00,central,Parel,Thane,15,equipment_fault,low
SIG001025,2026-05-08T14:08:00,western,Churchgate,Kalyan,30,junction_congestion,low
SIG001026,2026-08-30T12:50:00,central,Parel,Dadar,24,equipment_fault,high
SIG001027,2026-05-30T05:32:00,harbour,Mansarovar,Thane,16,platform_occupancy,high
SIG001028,2026-01-16T02:28:00,harbour,Khandeshwar,Kalyan,11,signal_hold,high
SIG001029,2026-09-14T18:48:00,western,Mumbai Central,Andheri,18,signal_hold,medium
SIG001030,2025-10-19T01:20:00,central,Diva,Bandra,8,junction_congestion,medium
SIG001031,2025-12-07T08:13:00,central,Byculla,Wadala Road,21,route_conflict,high
SIG001032,2026-03-11T18:14:00,central,Matunga,Dadar,3,equipment_fault,medium
SIG001033,2025-12-03T15:01:00,harbour,Chembur,Kurla,16,platform_occupancy,high
SIG001034,2025-11-10T19:30:00,harbour,Tilak Nagar,Kalyan,5,junction_congestion,medium
SIG001035,2026-07-09T03:48:00,central,CSMT,Thane,12,platform_occupancy,medium
SIG001036,2026-08-21T11:00:00,harbour,Sandhurst Road,Kurla,24,junction_congestion,high
SIG001037,2026-07-30T15:18:00,central,Vidyavihar,Kurla,26,junction_congestion,high
SIG001038,2026-07-29T14:33:00,western,Vasai Road,Wadala Road,20,signal_hold,low
SIG001039,2026-03-01T07:17:00,central,Mulund,Bandra,17,platform_occupancy,low
SIG001040,2026-07-01T15:05:00,western,Churchgate,Kalyan,21,platform_occupancy,medium
SIG001041,2026-02-05T08:28:00,harbour,Mankhurd,Andheri,19,route_conflict,low
SIG001042,2026-02-13T10:41:00,central,Vidyavihar,Wadala Road,16,signal_hold,medium
SIG001043,2026-05-10T07:17:00,central,Kalwa,Andheri,15,route_conflict,low
SIG001044,2025-10-02T18:45:00,western,Dadar,Thane,21,junction_congestion,low
SIG001045,2026-04-28T11:43:00,central,Dadar,Kalyan,30,route_conflict,low
SIG001046,2025-12-26T21:52:00,central,Mulund,Dadar,20,platform_occupancy,high
SIG001047,2026-09-15T21:05:00,harbour,Govandi,Bandra,9,junction_congestion,high
SIG001048,2025-12-27T01:52:00,central,Thane,Andheri,19,signal_hold,medium
SIG001049,2026-01-27T13:57:00,harbour,Masjid,Kurla,11,junction_congestion,high
SIG001050,2026-01-07T15:59:00,central,Dadar,Dadar,9,platform_occupancy,medium
SIG001051,2026-06-17T05:16:00,western,Matunga Road,Thane,17,signal_hold,high
SIG001052,2026-02-19T03:09:00,harbour,Cotton Green,Bandra,4,equipment_fault,low
SIG001053,2026-05-23T21:57:00,central,Dombivli,Bandra,10,platform_occupancy,high
SIG001054,2026-06-21T23:32:00,western,Ram Mandir,Wadala Road,12,route_conflict,low
SIG001055,2026-01-08T17:21:00,harbour,Chunabhatti,Thane,25,junction_congestion,medium
SIG001056,2026-06-05T19:24:00,western,Grant Road,Kurla,5,equipment_fault,low
SIG001057,2026-02-15T04:49:00,harbour,Seawoods-Darave,Andheri,27,equipment_fault,high
SIG001058,2025-12-22T23:42:00,central,Nahur,Dadar,4,route_conflict,low
SIG001059,2026-09-15T04:11:00,central,Vidyavihar,Andheri,12,route_conflict,medium
SIG001060,2026-06-07T01:40:00,western,Dahisar,Thane,1,signal_hold,low
SIG001061,2026-01-02T17:26:00,harbour,Reay Road,Andheri,8,platform_occupancy,low
SIG001062,2026-03-02T19:14:00,western,Charni Road,Kalyan,23,signal_hold,low
SIG001063,2025-10-14T16:39:00,central,Bhandup,Dadar,7,signal_hold,low
SIG001064,2025-11-13T03:44:00,central,Currey Road,Thane,2,signal_hold,medium
SIG001065,2025-10-08T11:31:00,western,Naigaon,Dadar,30,equipment_fault,low
SIG001066,2026-02-23T15:40:00,western,Borivali,Thane,1,signal_hold,low
SIG001067,2026-04-20T23:29:00,harbour,Tilak Nagar,Thane,6,equipment_fault,high
SIG001068,2026-03-26T02:09:00,harbour,Nerul,Dadar,4,equipment_fault,low
SIG001069,2026-03-08T00:18:00,harbour,Sewri,Thane,6,equipment_fault,low
SIG001070,2025-12-11T20:39:00,western,Jogeshwari,Bandra,23,junction_congestion,medium
SIG001071,2026-02-12T19:18:00,central,Dombivli,Dadar,6,platform_occupancy,medium
SIG001072,2026-08-05T19:32:00,western,Jogeshwari,Kurla,14,signal_hold,medium
SIG001073,2025-12-30T00:20:00,central,Currey Road,Wadala Road,5,junction_congestion,medium
SIG001074,2026-04-28T21:54:00,harbour,Khandeshwar,Dadar,3,platform_occupancy,medium
SIG001075,2025-12-24T06:23:00,central,Vidyavihar,Kalyan,20,platform_occupancy,high
SIG001076,2026-08-20T06:41:00,western,Ram Mandir,Kalyan,10,junction_congestion,low
SIG001077,2025-11-20T16:30:00,central,Dombivli,Thane,6,signal_hold,high
SIG001078,2026-09-24T00:10:00,harbour,Dockyard Road,Kalyan,15,equipment_fault,high
SIG001079,2025-12-01T21:35:00,western,Mumbai Central,Kalyan,13,equipment_fault,low
SIG001080,2026-01-31T20:39:00,western,Bandra,Kurla,11,route_conflict,high
SIG001081,2026-07-22T09:27:00,western,Prabhadevi,Bandra,14,junction_congestion,medium
SIG001082,2026-04-17T18:32:00,harbour,Chembur,Thane,16,equipment_fault,medium
SIG001083,2026-09-18T19:49:00,harbour,Guru Tegh Bahadur Nagar,Kurla,25,junction_congestion,low
SIG001084,2025-12-28T23:25:00,central,Mulund,Kalyan,8,route_conflict,low
SIG001085,2025-12-12T12:41:00,harbour,Masjid,Bandra,3,junction_congestion,high
SIG001086,2025-10-20T11:28:00,western,Khar Road,Wadala Road,22,platform_occupancy,low
SIG001087,2026-05-09T10:59:00,harbour,Seawoods-Darave,Dadar,25,signal_hold,high
SIG001088,2026-09-24T09:36:00,central,Matunga,Thane,22,junction_congestion,medium
SIG001089,2026-04-09T12:55:00,harbour,Kurla,Bandra,28,equipment_fault,high
SIG001090,2025-10-13T20:48:00,western,Santacruz,Dadar,13,junction_congestion,medium
SIG001091,2026-07-02T00:57:00,central,Nahur,Dadar,2,route_conflict,high
SIG001092,2026-05-09T16:05:00,harbour,Cotton Green,Kalyan,14,route_conflict,medium
SIG001093,2026-07-11T07:40:00,central,Currey Road,Wadala Road,22,junction_congestion,high
SIG001094,2026-09-08T02:40:00,central,Kalwa,Bandra,6,equipment_fault,low
SIG001095,2026-07-12T23:56:00,central,Mulund,Wadala Road,13,equipment_fault,high
SIG001096,2026-06-14T20:59:00,central,Ghatkopar,Dadar,1,equipment_fault,low
SIG001097,2026-01-02T08:25:00,central,Vikhroli,Bandra,24,equipment_fault,low
SIG001098,2026-06-06T11:53:00,central,Currey Road,Kalyan,12,platform_occupancy,medium
SIG001099,2026-06-13T18:52:00,western,Borivali,Kurla,8,route_conflict,high
SIG001100,2026-05-16T06:20:00,harbour,Sandhurst Road,Andheri,3,platform_occupancy,low
SIG001101,2026-06-03T19:53:00,western,Churchgate,Wadala Road,11,signal_hold,medium
SIG001102,2026-08-04T15:15:00,harbour,Sanpada,Kalyan,9,signal_hold,high
SIG001103,2026-09-08T00:36:00,harbour,CSMT,Thane,13,equipment_fault,medium
SIG001104,2026-05-23T18:43:00,harbour,Dockyard Road,Bandra,16,signal_hold,high
SIG001105,2026-02-27T22:30:00,central,Mulund,Wadala Road,26,platform_occupancy,low
SIG001106,2026-05-07T02:30:00,central,Bhandup,Kurla,16,signal_hold,high
SIG001107,2026-03-05T21:19:00,central,Kurla,Dadar,10,equipment_fault,medium
SIG001108,2026-03-14T11:38:00,harbour,Khandeshwar,Dadar,23,equipment_fault,low
SIG001109,2026-06-03T06:40:00,central,Chinchpokli,Wadala Road,26,equipment_fault,medium
SIG001110,2026-08-08T00:12:00,western,Bandra,Bandra,3,platform_occupancy,high
SIG001111,2026-05-07T09:17:00,central,Dombivli,Wadala Road,11,route_conflict,medium
SIG001112,2026-07-20T22:43:00,central,Diva,Wadala Road,15,equipment_fault,low
SIG001113,2025-10-14T13:06:00,harbour,Mansarovar,Wadala Road,28,route_conflict,high
SIG001114,2026-09-29T12:12:00,western,Borivali,Bandra,24,junction_congestion,medium
SIG001115,2026-08-12T19:53:00,harbour,Khandeshwar,Andheri,2,equipment_fault,low
SIG001116,2026-06-23T06:09:00,central,Parel,Kurla,5,platform_occupancy,medium
SIG001117,2026-07-26T17:49:00,central,Chinchpokli,Andheri,7,junction_congestion,medium
SIG001118,2026-04-28T00:28:00,harbour,Cotton Green,Thane,22,equipment_fault,low
SIG001119,2026-07-23T13:01:00,western,Grant Road,Kurla,7,signal_hold,low
SIG001120,2026-05-15T03:05:00,central,Mulund,Wadala Road,14,junction_congestion,high
SIG001121,2025-10-27T22:41:00,western,Mahalaxmi,Thane,5,signal_hold,medium
SIG001122,2026-04-21T06:25:00,harbour,Juinagar,Kurla,21,signal_hold,high
SIG001123,2026-09-19T18:42:00,western,Marine Lines,Bandra,29,signal_hold,medium
SIG001124,2026-05-05T23:33:00,western,Virar,Kalyan,29,platform_occupancy,high
SIG001125,2025-12-05T18:13:00,central,Kalyan,Bandra,5,route_conflict,low
SIG001126,2026-09-30T06:28:00,western,Jogeshwari,Andheri,27,equipment_fault,high
SIG001127,2026-04-02T08:39:00,central,Chinchpokli,Kurla,20,signal_hold,medium
SIG001128,2026-05-28T18:41:00,harbour,Khandeshwar,Kalyan,26,route_conflict,medium
SIG001129,2026-03-08T17:58:00,western,Grant Road,Kurla,7,platform_occupancy,medium
SIG001130,2026-07-25T08:52:00,central,Mumbra,Dadar,16,equipment_fault,medium
SIG001131,2025-12-22T06:08:00,central,Kalwa,Kalyan,16,route_conflict,medium
SIG001132,2026-01-14T12:30:00,central,Mulund,Andheri,12,platform_occupancy,low
SIG001133,2025-10-26T08:20:00,harbour,Kharghar,Bandra,2,route_conflict,medium
SIG001134,2026-07-08T02:56:00,central,Kopar,Andheri,12,signal_hold,high
SIG001135,2026-03-22T03:04:00,central,Kanjurmarg,Dadar,30,junction_congestion,medium
SIG001136,2026-05-08T02:24:00,western,Vasai Road,Bandra,8,platform_occupancy,low
SIG001137,2026-01-25T16:10:00,central,Kopar,Thane,29,junction_congestion,low
SIG001138,2026-04-18T13:08:00,western,Vasai Road,Bandra,16,junction_congestion,high
SIG001139,2026-07-28T17:01:00,central,Thakurli,Kalyan,29,signal_hold,low
SIG001140,2026-04-09T00:46:00,harbour,Sandhurst Road,Thane,14,equipment_fault,high
SIG001141,2026-05-26T22:41:00,central,Thakurli,Dadar,25,signal_hold,high
SIG001142,2026-02-11T19:04:00,harbour,Mankhurd,Bandra,21,route_conflict,low
SIG001143,2026-07-19T18:04:00,western,Kandivali,Thane,11,equipment_fault,low
SIG001144,2025-12-20T16:51:00,western,Prabhadevi,Wadala Road,23,route_conflict,high
SIG001145,2026-07-26T18:47:00,central,Nahur,Kalyan,28,route_conflict,medium
SIG001146,2026-02-04T07:45:00,harbour,Nerul,Bandra,11,platform_occupancy,low
SIG001147,2025-12-01T10:58:00,central,Vikhroli,Kurla,13,junction_congestion,high
SIG001148,2026-03-13T11:11:00,western,Churchgate,Wadala Road,21,equipment_fault,high
SIG001149,2026-03-16T12:56:00,western,Vile Parle,Kurla,9,route_conflict,low
SIG001150,2026-07-20T00:35:00,harbour,Govandi,Wadala Road,9,route_conflict,low
SIG001151,2026-06-25T21:52:00,western,Goregaon,Dadar,1,equipment_fault,medium
SIG001152,2026-08-27T09:07:00,harbour,Vashi,Dadar,8,route_conflict,low
SIG001153,2026-04-12T20:13:00,central,Kalyan,Kalyan,13,route_conflict,medium
SIG001154,2026-02-28T10:42:00,harbour,Sewri,Bandra,10,route_conflict,medium
SIG001155,2026-02-09T08:11:00,central,Parel,Dadar,10,platform_occupancy,low
SIG001156,2026-08-25T09:23:00,western,Bandra,Wadala Road,22,junction_congestion,low
SIG001157,2025-10-08T12:21:00,central,Parel,Bandra,11,junction_congestion,high
SIG001158,2026-03-04T12:46:00,harbour,Chembur,Andheri,14,equipment_fault,medium
SIG001159,2025-11-23T04:44:00,western,Ram Mandir,Dadar,2,platform_occupancy,low
SIG001160,2026-09-08T22:08:00,central,Diva,Andheri,26,equipment_fault,high
SIG001161,2025-11-03T03:22:00,western,Dadar,Wadala Road,20,junction_congestion,medium
SIG001162,2026-07-15T09:49:00,harbour,Tilak Nagar,Kurla,29,equipment_fault,low
SIG001163,2026-02-08T14:45:00,central,Dadar,Wadala Road,16,platform_occupancy,medium
SIG001164,2026-01-05T01:27:00,western,Mahim,Andheri,17,junction_congestion,low
SIG001165,2026-04-08T14:55:00,western,Mahim,Dadar,5,junction_congestion,medium
SIG001166,2026-06-20T13:48:00,central,Vidyavihar,Thane,20,platform_occupancy,high
SIG001167,2026-05-16T22:15:00,central,Dadar,Thane,24,junction_congestion,low
SIG001168,2026-08-17T09:22:00,western,Lower Parel,Kurla,2,route_conflict,low
SIG001169,2025-10-27T02:44:00,central,Kurla,Kurla,23,junction_congestion,medium
SIG001170,2025-12-24T11:40:00,central,Byculla,Kalyan,12,equipment_fault,medium
SIG001171,2026-08-30T07:55:00,central,Currey Road,Bandra,24,route_conflict,low
SIG001172,2026-06-12T13:46:00,western,Lower Parel,Bandra,10,route_conflict,low
SIG001173,2026-04-17T15:22:00,harbour,Kharghar,Wadala Road,7,equipment_fault,low
SIG001174,2026-02-09T11:40:00,central,Chinchpokli,Kurla,25,junction_congestion,high
SIG001175,2025-12-08T16:06:00,central,CSMT,Thane,22,signal_hold,medium
SIG001176,2026-06-30T00:24:00,harbour,Dockyard Road,Bandra,11,route_conflict,low
SIG001177,2025-11-29T00:40:00,central,Thakurli,Andheri,16,junction_congestion,high
SIG001178,2026-04-15T02:40:00,harbour,Kharghar,Dadar,11,signal_hold,high
SIG001179,2026-08-26T22:31:00,central,Kalyan,Andheri,30,equipment_fault,low
SIG001180,2026-03-03T21:54:00,western,Naigaon,Andheri,10,platform_occupancy,low
SIG001181,2025-11-21T11:59:00,harbour,Seawoods-Darave,Kalyan,3,junction_congestion,medium
SIG001182,2026-02-07T14:57:00,western,Bhayandar,Bandra,13,signal_hold,low
SIG001183,2026-03-01T14:57:00,western,Khar Road,Bandra,13,platform_occupancy,high
SIG001184,2026-01-21T05:41:00,western,Matunga Road,Kalyan,26,junction_congestion,high
SIG001185,2026-05-14T19:24:00,harbour,Seawoods-Darave,Kurla,12,signal_hold,medium
SIG001186,2026-02-23T13:00:00,central,Nahur,Kalyan,16,platform_occupancy,high
SIG001187,2026-08-05T01:41:00,western,Bhayandar,Kalyan,26,platform_occupancy,high
SIG001188,2026-02-13T16:48:00,central,Kopar,Kalyan,3,signal_hold,high
SIG001189,2026-06-06T20:25:00,central,Dombivli,Kurla,21,route_conflict,medium
SIG001190,2025-12-01T03:29:00,central,Nahur,Kalyan,3,junction_congestion,medium
SIG001191,2026-01-17T05:05:00,western,Borivali,Thane,27,route_conflict,high
SIG001192,2026-08-08T11:09:00,central,Mumbra,Dadar,18,signal_hold,low
SIG001193,2025-12-18T09:00:00,harbour,Govandi,Kalyan,4,junction_congestion,high
SIG001194,2026-04-03T12:08:00,central,Kurla,Wadala Road,3,equipment_fault,low
SIG001195,2025-12-22T23:10:00,harbour,Kharghar,Kalyan,6,route_conflict,medium
SIG001196,2025-11-02T22:57:00,western,Santacruz,Andheri,10,platform_occupancy,high
SIG001197,2026-08-28T07:40:00,harbour,Mankhurd,Wadala Road,26,platform_occupancy,medium
SIG001198,2026-02-14T07:24:00,western,Mahalaxmi,Dadar,24,equipment_fault,medium
SIG001199,2025-12-17T10:15:00,central,Kalwa,Dadar,1,junction_congestion,low
SIG001200,2025-10-10T16:30:00,western,Kandivali,Kalyan,15,junction_congestion,high
SIG001201,2026-09-20T10:05:00,central,Diva,Bandra,20,platform_occupancy,high
SIG001202,2026-07-15T15:04:00,central,Chinchpokli,Kurla,5,signal_hold,low
SIG001203,2025-12-21T11:48:00,western,Dahisar,Kurla,28,signal_hold,low
SIG001204,2026-09-16T08:07:00,harbour,Reay Road,Andheri,8,junction_congestion,high
SIG001205,2026-02-17T00:28:00,western,Matunga Road,Bandra,15,route_conflict,medium
SIG001206,2026-08-04T04:52:00,western,Grant Road,Kurla,29,route_conflict,high
SIG001207,2026-08-21T05:35:00,central,Mulund,Dadar,28,junction_congestion,high
SIG001208,2026-03-26T16:15:00,western,Matunga Road,Wadala Road,27,junction_congestion,low
SIG001209,2026-06-01T02:27:00,western,Grant Road,Andheri,28,junction_congestion,medium
SIG001210,2026-09-26T23:02:00,harbour,Nerul,Wadala Road,24,equipment_fault,medium
SIG001211,2025-10-27T22:55:00,central,Kanjurmarg,Kalyan,17,equipment_fault,high
SIG001212,2026-09-21T06:41:00,western,Dahisar,Dadar,17,signal_hold,medium
SIG001213,2026-05-18T23:52:00,harbour,Sandhurst Road,Thane,29,junction_congestion,medium
SIG001214,2025-12-25T03:41:00,central,Diva,Andheri,12,junction_congestion,high
SIG001215,2026-08-14T15:40:00,western,Mahalaxmi,Thane,24,route_conflict,medium
SIG001216,2026-06-08T09:10:00,central,Sion,Wadala Road,8,equipment_fault,high
SIG001217,2026-06-04T23:07:00,harbour,Mansarovar,Andheri,15,route_conflict,medium
SIG001218,2026-07-12T06:13:00,central,Dombivli,Andheri,24,platform_occupancy,medium
SIG001219,2026-01-26T23:36:00,harbour,Sewri,Thane,23,signal_hold,high
SIG001220,2026-09-17T15:06:00,western,Mahalaxmi,Kurla,6,equipment_fault,medium
SIG001221,2025-12-13T11:25:00,central,Mulund,Thane,8,route_conflict,high
SIG001222,2025-11-04T06:14:00,western,Bandra,Thane,12,route_conflict,low
SIG001223,2025-10-24T06:42:00,western,Mahim,Kalyan,4,equipment_fault,low
SIG001224,2025-12-27T21:10:00,harbour,Wadala Road,Kalyan,9,platform_occupancy,medium
SIG001225,2025-11-03T23:43:00,harbour,Guru Tegh Bahadur Nagar,Kurla,28,equipment_fault,high
SIG001226,2025-12-15T20:00:00,harbour,Masjid,Kalyan,26,junction_congestion,low
SIG001227,2025-12-17T02:35:00,harbour,Seawoods-Darave,Bandra,28,signal_hold,high
SIG001228,2025-10-31T13:28:00,harbour,Dockyard Road,Kurla,21,signal_hold,low
SIG001229,2026-06-21T08:05:00,western,Mira Road,Thane,23,junction_congestion,high
SIG001230,2026-09-28T22:00:00,harbour,Dockyard Road,Kurla,21,platform_occupancy,medium
SIG001231,2026-01-09T07:44:00,western,Nalasopara,Kurla,15,junction_congestion,low
SIG001232,2026-03-28T15:12:00,central,Ghatkopar,Thane,17,route_conflict,low
SIG001233,2026-04-12T16:57:00,central,Thakurli,Bandra,14,platform_occupancy,high
SIG001234,2026-03-28T17:34:00,western,Bhayandar,Bandra,17,junction_congestion,low
SIG001235,2026-01-09T11:37:00,central,Bhandup,Kalyan,29,junction_congestion,high
SIG001236,2026-06-21T10:27:00,western,Vile Parle,Kurla,25,signal_hold,high
SIG001237,2025-11-20T16:01:00,western,Mahim,Thane,13,route_conflict,medium
SIG001238,2025-11-14T18:14:00,central,Byculla,Andheri,30,route_conflict,high
SIG001239,2025-11-12T02:17:00,harbour,Mansarovar,Bandra,22,equipment_fault,medium
SIG001240,2026-08-02T07:53:00,central,Dombivli,Andheri,18,platform_occupancy,high
SIG001241,2026-05-17T10:13:00,central,CSMT,Bandra,9,equipment_fault,high
SIG001242,2026-01-15T22:35:00,harbour,Chembur,Kalyan,21,route_conflict,high
SIG001243,2026-08-18T23:01:00,harbour,Tilak Nagar,Bandra,26,junction_congestion,low
SIG001244,2026-05-08T13:38:00,western,Marine Lines,Wadala Road,11,junction_congestion,high
SIG001245,2025-12-31T18:06:00,harbour,Juinagar,Thane,7,signal_hold,high
SIG001246,2026-05-16T09:00:00,harbour,Kurla,Bandra,21,route_conflict,low
SIG001247,2025-10-21T07:26:00,harbour,Nerul,Thane,8,platform_occupancy,high
SIG001248,2026-08-04T20:01:00,harbour,Dockyard Road,Andheri,2,platform_occupancy,medium
SIG001249,2026-06-16T02:52:00,western,Marine Lines,Bandra,21,signal_hold,medium
SIG001250,2026-05-05T23:14:00,harbour,Khandeshwar,Dadar,15,platform_occupancy,low
SIG001251,2026-03-20T06:36:00,central,Vidyavihar,Thane,22,equipment_fault,high
SIG001252,2026-01-10T22:10:00,harbour,Chembur,Wadala Road,24,route_conflict,low
SIG001253,2026-05-27T17:32:00,harbour,Nerul,Kurla,27,platform_occupancy,medium
SIG001254,2025-12-11T08:27:00,western,Dahisar,Kalyan,27,junction_congestion,low
SIG001255,2025-12-07T04:09:00,western,Santacruz,Kurla,16,route_conflict,medium
SIG001256,2025-11-26T20:25:00,central,Dombivli,Wadala Road,13,equipment_fault,high
SIG001257,2026-07-15T11:19:00,central,Mumbra,Kalyan,21,junction_congestion,medium
SIG001258,2026-09-22T11:21:00,harbour,Govandi,Bandra,6,route_conflict,high
SIG001259,2026-01-01T13:39:00,central,Thakurli,Kalyan,5,equipment_fault,high
SIG001260,2025-12-25T23:12:00,harbour,Sewri,Kalyan,16,signal_hold,high
SIG001261,2026-01-23T04:58:00,harbour,Tilak Nagar,Dadar,20,junction_congestion,low
SIG001262,2025-12-28T00:17:00,central,Mumbra,Thane,2,equipment_fault,low
SIG001263,2025-12-25T17:41:00,central,Vidyavihar,Thane,10,platform_occupancy,medium
SIG001264,2025-10-21T08:56:00,western,Mumbai Central,Bandra,19,junction_congestion,low
SIG001265,2026-05-11T05:07:00,central,Matunga,Kurla,27,junction_congestion,low
SIG001266,2025-12-29T01:50:00,harbour,Tilak Nagar,Dadar,28,signal_hold,medium
SIG001267,2026-09-16T09:10:00,harbour,Chunabhatti,Wadala Road,15,platform_occupancy,medium
SIG001268,2026-09-12T01:12:00,harbour,Seawoods-Darave,Kurla,25,route_conflict,high
SIG001269,2026-09-01T15:26:00,central,Dombivli,Kalyan,5,platform_occupancy,low
SIG001270,2026-07-26T06:46:00,central,Sion,Kalyan,11,equipment_fault,low
SIG001271,2026-08-19T15:40:00,harbour,Guru Tegh Bahadur Nagar,Andheri,3,route_conflict,high
SIG001272,2025-10-19T01:28:00,harbour,CBD Belapur,Bandra,25,platform_occupancy,high
SIG001273,2025-12-30T03:14:00,harbour,Juinagar,Dadar,7,equipment_fault,high
SIG001274,2025-11-08T12:02:00,harbour,Sanpada,Kurla,25,junction_congestion,high
SIG001275,2025-10-14T14:10:00,western,Borivali,Wadala Road,6,signal_hold,medium
SIG001276,2026-02-27T20:42:00,western,Vasai Road,Andheri,27,equipment_fault,medium
SIG001277,2025-12-01T15:19:00,harbour,Seawoods-Darave,Thane,13,equipment_fault,low
SIG001278,2026-09-23T21:06:00,western,Mahim,Kalyan,6,junction_congestion,low
SIG001279,2026-05-20T02:39:00,central,Kurla,Dadar,4,signal_hold,high
SIG001280,2026-01-31T10:44:00,central,Parel,Kurla,9,signal_hold,low
SIG001281,2026-05-12T09:37:00,central,Dombivli,Kurla,2,equipment_fault,medium
SIG001282,2026-02-10T03:12:00,western,Dahisar,Dadar,10,junction_congestion,low
SIG001283,2026-05-22T01:07:00,western,Santacruz,Thane,9,junction_congestion,low
SIG001284,2025-11-07T18:38:00,western,Prabhadevi,Bandra,20,equipment_fault,low
SIG001285,2026-09-24T23:26:00,harbour,Panvel,Wadala Road,13,signal_hold,medium
SIG001286,2025-11-14T03:37:00,central,Nahur,Wadala Road,14,signal_hold,medium
SIG001287,2025-10-22T01:10:00,central,Kopar,Kurla,30,signal_hold,medium
SIG001288,2025-12-13T22:00:00,western,Bhayandar,Wadala Road,21,route_conflict,medium
SIG001289,2026-07-24T04:24:00,central,Chinchpokli,Bandra,21,equipment_fault,low
SIG001290,2026-01-12T16:02:00,central,Kalwa,Kurla,26,route_conflict,high
SIG001291,2026-08-05T13:36:00,harbour,Mankhurd,Dadar,1,junction_congestion,high
SIG001292,2026-04-29T15:00:00,harbour,Cotton Green,Dadar,2,junction_congestion,medium
SIG001293,2026-04-01T16:36:00,harbour,Chembur,Thane,27,route_conflict,high
SIG001294,2026-04-23T20:16:00,western,Mahalaxmi,Andheri,18,equipment_fault,low
SIG001295,2026-05-07T22:02:00,western,Khar Road,Andheri,4,route_conflict,high
SIG001296,2026-04-22T11:53:00,central,Matunga,Wadala Road,17,platform_occupancy,high
SIG001297,2026-06-07T11:59:00,harbour,Guru Tegh Bahadur Nagar,Bandra,23,junction_congestion,medium
SIG001298,2026-03-29T01:54:00,harbour,Kurla,Thane,7,junction_congestion,high
SIG001299,2026-05-28T04:12:00,western,Dahisar,Kurla,21,signal_hold,high
SIG001300,2026-09-12T23:56:00,western,Virar,Dadar,22,route_conflict,medium
SIG001301,2026-09-22T01:29:00,central,Kalwa,Dadar,26,signal_hold,high
SIG001302,2025-10-23T12:50:00,harbour,Mankhurd,Andheri,4,platform_occupancy,medium
SIG001303,2026-06-18T15:54:00,central,Dadar,Bandra,25,signal_hold,low
SIG001304,2026-09-02T22:08:00,central,Matunga,Kalyan,1,route_conflict,high
SIG001305,2025-10-15T09:42:00,central,Dombivli,Andheri,12,route_conflict,low
SIG001306,2026-05-09T18:25:00,harbour,Wadala Road,Kurla,16,platform_occupancy,low
SIG001307,2026-04-23T10:34:00,central,Thakurli,Andheri,20,route_conflict,low
SIG001308,2026-02-20T18:51:00,harbour,Chembur,Dadar,28,platform_occupancy,high
SIG001309,2026-09-30T07:49:00,central,Dadar,Wadala Road,7,equipment_fault,high
SIG001310,2026-02-05T19:35:00,western,Goregaon,Kurla,24,signal_hold,low
SIG001311,2026-04-08T01:15:00,harbour,Wadala Road,Wadala Road,24,platform_occupancy,low
SIG001312,2025-10-17T20:00:00,harbour,Kharghar,Wadala Road,20,platform_occupancy,high
SIG001313,2026-08-27T12:56:00,western,Santacruz,Andheri,22,signal_hold,medium
SIG001314,2026-08-11T23:19:00,central,Kurla,Dadar,22,equipment_fault,medium
SIG001315,2026-09-26T20:47:00,central,Thane,Bandra,2,route_conflict,low
SIG001316,2026-04-21T09:13:00,central,Kalwa,Kalyan,11,signal_hold,medium
SIG001317,2026-02-19T17:01:00,central,Chinchpokli,Wadala Road,26,signal_hold,high
SIG001318,2026-03-14T07:08:00,harbour,Govandi,Dadar,30,route_conflict,low
SIG001319,2026-01-28T18:31:00,central,Vidyavihar,Dadar,21,signal_hold,low
SIG001320,2026-09-15T12:01:00,central,CSMT,Wadala Road,26,platform_occupancy,medium
SIG001321,2026-03-29T23:19:00,western,Andheri,Kurla,11,signal_hold,medium
SIG001322,2026-03-22T09:23:00,western,Bhayandar,Wadala Road,20,junction_congestion,low
SIG001323,2026-08-22T02:23:00,harbour,Dockyard Road,Dadar,2,signal_hold,medium
SIG001324,2026-05-17T02:57:00,harbour,Sandhurst Road,Bandra,5,signal_hold,medium
SIG001325,2025-11-09T21:30:00,central,Diva,Andheri,14,signal_hold,low
SIG001326,2025-11-10T15:00:00,harbour,Masjid,Thane,28,junction_congestion,medium
SIG001327,2025-12-09T18:45:00,harbour,Panvel,Kalyan,8,equipment_fault,high
SIG001328,2025-10-08T17:21:00,central,Kanjurmarg,Kalyan,26,junction_congestion,high
SIG001329,2025-12-13T17:57:00,central,Kopar,Andheri,26,signal_hold,medium
SIG001330,2026-05-27T23:36:00,harbour,Sewri,Dadar,4,signal_hold,high
SIG001331,2025-11-19T04:25:00,harbour,Sewri,Wadala Road,5,equipment_fault,medium
SIG001332,2026-06-16T18:54:00,central,Mulund,Andheri,20,junction_congestion,low
SIG001333,2026-03-27T01:23:00,western,Naigaon,Dadar,2,route_conflict,medium
SIG001334,2026-08-14T08:59:00,harbour,CBD Belapur,Bandra,12,platform_occupancy,high
SIG001335,2026-01-15T00:58:00,western,Andheri,Thane,20,platform_occupancy,medium
SIG001336,2026-06-26T13:46:00,western,Jogeshwari,Wadala Road,22,route_conflict,low
SIG001337,2026-03-22T20:38:00,harbour,Juinagar,Bandra,2,junction_congestion,medium
SIG001338,2026-02-20T06:59:00,western,Kandivali,Kurla,26,signal_hold,medium
SIG001339,2026-02-15T21:13:00,harbour,Vashi,Andheri,23,junction_congestion,high
SIG001340,2026-05-30T03:11:00,harbour,Nerul,Thane,20,platform_occupancy,medium
SIG001341,2026-05-28T07:02:00,western,Grant Road,Kalyan,29,signal_hold,medium
SIG001342,2026-03-09T18:23:00,western,Kandivali,Kurla,23,route_conflict,medium
SIG001343,2026-03-05T04:51:00,western,Andheri,Andheri,25,platform_occupancy,high
SIG001344,2026-07-01T17:32:00,western,Khar Road,Kurla,27,signal_hold,medium
SIG001345,2025-10-08T04:52:00,western,Bandra,Dadar,18,signal_hold,low
SIG001346,2026-04-30T14:11:00,central,Matunga,Andheri,19,platform_occupancy,low
SIG001347,2025-10-22T14:47:00,western,Lower Parel,Thane,6,route_conflict,medium
SIG001348,2026-02-04T21:50:00,central,Kalwa,Kurla,6,route_conflict,low
SIG001349,2026-02-06T05:10:00,central,Currey Road,Dadar,27,route_conflict,medium
SIG001350,2025-12-20T19:19:00,central,Matunga,Thane,15,route_conflict,medium
SIG001351,2026-06-29T03:17:00,harbour,Cotton Green,Wadala Road,26,equipment_fault,medium
SIG001352,2025-11-17T14:33:00,western,Mumbai Central,Kurla,26,route_conflict,low
SIG001353,2026-07-03T09:26:00,harbour,Tilak Nagar,Thane,20,junction_congestion,high
SIG001354,2026-03-28T01:48:00,western,Bhayandar,Wadala Road,19,route_conflict,high
SIG001355,2026-05-03T05:12:00,western,Mahim,Kurla,2,platform_occupancy,low
SIG001356,2026-09-22T01:43:00,western,Mira Road,Dadar,26,junction_congestion,high
SIG001357,2025-11-17T05:44:00,western,Jogeshwari,Kalyan,25,equipment_fault,medium
SIG001358,2026-09-29T01:27:00,harbour,Mankhurd,Kurla,11,platform_occupancy,high
SIG001359,2026-09-17T22:13:00,harbour,Vashi,Kalyan,9,equipment_fault,medium
SIG001360,2025-10-27T15:42:00,western,Prabhadevi,Kurla,15,route_conflict,medium
SIG001361,2026-03-09T04:12:00,central,Bhandup,Kalyan,19,route_conflict,medium
SIG001362,2026-04-04T08:13:00,harbour,Sandhurst Road,Kurla,25,signal_hold,medium
SIG001363,2026-08-20T16:17:00,harbour,Tilak Nagar,Kurla,19,signal_hold,medium
SIG001364,2026-06-02T22:33:00,central,Nahur,Kalyan,14,junction_congestion,medium
SIG001365,2026-09-28T07:11:00,central,Kurla,Kalyan,1,route_conflict,medium
SIG001366,2026-03-20T05:47:00,central,Kopar,Dadar,12,signal_hold,medium
SIG001367,2025-11-26T21:55:00,central,Sion,Dadar,4,signal_hold,medium
SIG001368,2025-10-28T21:00:00,harbour,Sewri,Thane,7,platform_occupancy,medium
SIG001369,2026-05-09T10:20:00,harbour,Panvel,Andheri,28,platform_occupancy,low
SIG001370,2026-01-09T09:22:00,harbour,Khandeshwar,Wadala Road,30,platform_occupancy,low
SIG001371,2026-05-07T01:41:00,central,Vikhroli,Bandra,13,junction_congestion,high
SIG001372,2025-10-09T15:48:00,central,Kopar,Wadala Road,25,route_conflict,medium
SIG001373,2026-03-15T17:13:00,western,Mira Road,Andheri,7,junction_congestion,low
SIG001374,2026-09-07T07:47:00,harbour,Mankhurd,Thane,26,signal_hold,medium
SIG001375,2026-02-14T18:51:00,central,Thakurli,Kalyan,7,junction_congestion,medium
SIG001376,2025-10-22T22:06:00,central,Parel,Wadala Road,28,route_conflict,medium
SIG001377,2025-10-08T01:11:00,central,Dombivli,Bandra,12,platform_occupancy,low
SIG001378,2026-08-02T05:07:00,central,Dombivli,Bandra,13,equipment_fault,medium
SIG001379,2026-05-26T10:39:00,harbour,CSMT,Wadala Road,26,signal_hold,low
SIG001380,2026-01-20T21:56:00,central,Mumbra,Andheri,26,equipment_fault,high
SIG001381,2026-07-12T15:13:00,central,Matunga,Kalyan,3,equipment_fault,medium
SIG001382,2026-02-15T03:27:00,central,Currey Road,Thane,19,junction_congestion,high
SIG001383,2026-05-10T20:03:00,western,Mahalaxmi,Dadar,22,equipment_fault,low
SIG001384,2025-10-24T08:16:00,harbour,Seawoods-Darave,Kalyan,1,route_conflict,low
SIG001385,2025-11-20T14:26:00,central,Vidyavihar,Kurla,8,platform_occupancy,high
SIG001386,2025-11-20T22:58:00,central,Byculla,Thane,17,signal_hold,low
SIG001387,2026-05-26T22:45:00,central,Kanjurmarg,Kurla,4,route_conflict,high
SIG001388,2026-08-01T16:18:00,central,Kalyan,Dadar,13,route_conflict,low
SIG001389,2026-02-27T18:27:00,central,Bhandup,Bandra,23,junction_congestion,low
SIG001390,2026-05-14T23:07:00,harbour,Sewri,Wadala Road,23,junction_congestion,medium
SIG001391,2026-02-24T21:00:00,western,Mumbai Central,Kalyan,3,junction_congestion,high
SIG001392,2026-03-29T17:50:00,harbour,Kurla,Wadala Road,29,junction_congestion,medium
SIG001393,2026-09-02T22:11:00,harbour,Masjid,Andheri,3,platform_occupancy,high
SIG001394,2026-08-29T06:32:00,central,Thakurli,Bandra,23,platform_occupancy,medium
SIG001395,2026-02-05T12:33:00,central,Sion,Kurla,29,equipment_fault,high
SIG001396,2026-08-11T15:05:00,central,Kanjurmarg,Andheri,6,equipment_fault,low
SIG001397,2026-07-14T13:48:00,harbour,Masjid,Kurla,29,route_conflict,medium
SIG001398,2026-05-01T13:08:00,harbour,Sandhurst Road,Andheri,24,route_conflict,medium
SIG001399,2026-07-27T11:36:00,harbour,Dockyard Road,Thane,3,signal_hold,high
SIG001400,2026-05-26T09:29:00,central,Nahur,Kurla,9,route_conflict,high
SIG001401,2025-11-02T12:03:00,central,CSMT,Dadar,21,junction_congestion,medium
SIG001402,2026-06-08T05:51:00,harbour,Chembur,Bandra,7,junction_congestion,low
SIG001403,2025-10-08T19:38:00,central,Currey Road,Andheri,30,route_conflict,medium
SIG001404,2026-09-04T01:16:00,central,Nahur,Dadar,3,equipment_fault,high
SIG001405,2026-03-26T10:23:00,harbour,Mankhurd,Kurla,16,platform_occupancy,low
SIG001406,2026-02-02T05:15:00,western,Malad,Dadar,6,platform_occupancy,low
SIG001407,2026-07-12T14:35:00,western,Charni Road,Andheri,25,signal_hold,high
SIG001408,2026-04-17T23:25:00,western,Vile Parle,Thane,6,route_conflict,high
SIG001409,2025-10-26T01:58:00,harbour,Juinagar,Kurla,15,signal_hold,high
SIG001410,2025-12-14T20:26:00,central,Thakurli,Thane,15,signal_hold,high
SIG001411,2025-10-04T09:32:00,western,Bhayandar,Kalyan,25,route_conflict,low
SIG001412,2026-06-30T19:23:00,western,Lower Parel,Dadar,1,junction_congestion,low
SIG001413,2025-10-11T14:27:00,central,Matunga,Andheri,22,signal_hold,low
SIG001414,2025-12-10T08:15:00,harbour,Cotton Green,Andheri,6,signal_hold,medium
SIG001415,2025-12-18T09:54:00,central,Ghatkopar,Wadala Road,21,route_conflict,high
SIG001416,2026-02-28T19:40:00,harbour,Chembur,Kalyan,4,route_conflict,low
SIG001417,2025-12-17T02:28:00,central,Ghatkopar,Kurla,1,junction_congestion,high
SIG001418,2026-05-19T06:41:00,western,Khar Road,Kurla,15,route_conflict,low
SIG001419,2026-04-21T18:23:00,harbour,Seawoods-Darave,Thane,2,signal_hold,low
SIG001420,2026-07-27T08:26:00,central,Diva,Kalyan,4,equipment_fault,high
SIG001421,2026-02-02T20:27:00,central,Currey Road,Wadala Road,11,junction_congestion,high
SIG001422,2026-01-05T19:08:00,central,Dadar,Andheri,25,platform_occupancy,high
SIG001423,2026-09-17T01:50:00,western,Mahim,Dadar,20,equipment_fault,medium
SIG001424,2026-07-06T10:25:00,harbour,CBD Belapur,Andheri,8,equipment_fault,high
SIG001425,2025-10-10T16:17:00,western,Churchgate,Wadala Road,25,signal_hold,medium
SIG001426,2026-03-22T03:19:00,harbour,Govandi,Bandra,8,equipment_fault,low
SIG001427,2025-11-13T15:13:00,western,Bandra,Kalyan,10,route_conflict,low
SIG001428,2026-07-01T14:40:00,western,Kandivali,Dadar,8,equipment_fault,medium
SIG001429,2026-05-28T08:16:00,western,Dadar,Thane,21,signal_hold,high
SIG001430,2026-07-30T02:47:00,harbour,Chunabhatti,Bandra,1,route_conflict,high
SIG001431,2026-05-30T05:22:00,central,Sion,Kurla,18,signal_hold,high
SIG001432,2026-03-30T20:01:00,harbour,Mansarovar,Andheri,8,equipment_fault,medium
SIG001433,2026-05-23T05:00:00,western,Vile Parle,Andheri,1,signal_hold,medium
SIG001434,2025-11-20T23:04:00,western,Marine Lines,Andheri,5,route_conflict,low
SIG001435,2025-12-06T19:36:00,western,Goregaon,Wadala Road,27,route_conflict,low
SIG001436,2025-11-26T22:01:00,central,Kalyan,Kalyan,10,route_conflict,high
SIG001437,2026-02-21T20:11:00,western,Santacruz,Kurla,20,route_conflict,medium
SIG001438,2026-04-26T18:54:00,harbour,Mankhurd,Andheri,7,platform_occupancy,medium
SIG001439,2025-11-28T06:22:00,central,Kanjurmarg,Kalyan,6,junction_congestion,medium
SIG001440,2026-08-04T19:10:00,harbour,Seawoods-Darave,Andheri,14,route_conflict,medium
SIG001441,2025-10-15T10:13:00,central,Bhandup,Bandra,3,platform_occupancy,high
SIG001442,2026-01-20T06:21:00,harbour,Khandeshwar,Kurla,9,junction_congestion,medium
SIG001443,2026-05-11T17:04:00,central,Vidyavihar,Kalyan,18,equipment_fault,medium
SIG001444,2025-11-22T09:14:00,central,Parel,Andheri,16,route_conflict,low
SIG001445,2026-02-16T01:57:00,western,Churchgate,Bandra,17,platform_occupancy,medium
SIG001446,2026-07-22T14:06:00,central,Kanjurmarg,Andheri,12,junction_congestion,medium
SIG001447,2026-05-13T03:23:00,harbour,Nerul,Dadar,14,signal_hold,low
SIG001448,2026-07-08T05:19:00,harbour,Cotton Green,Kurla,25,junction_congestion,medium
SIG001449,2026-06-11T19:51:00,harbour,Mansarovar,Kalyan,21,platform_occupancy,high
SIG001450,2025-11-12T00:27:00,harbour,Chembur,Kalyan,24,route_conflict,low
SIG001451,2026-09-13T20:51:00,western,Vasai Road,Thane,21,signal_hold,high
SIG001452,2026-01-16T16:27:00,central,Diva,Kalyan,22,route_conflict,medium
SIG001453,2026-03-30T03:53:00,harbour,Nerul,Andheri,27,route_conflict,low
SIG001454,2025-12-25T00:00:00,western,Kandivali,Andheri,30,junction_congestion,medium
SIG001455,2025-11-28T12:11:00,harbour,Sewri,Kalyan,6,junction_congestion,medium
SIG001456,2026-05-09T01:40:00,harbour,Juinagar,Andheri,29,junction_congestion,high
SIG001457,2026-05-13T06:19:00,harbour,Govandi,Bandra,29,signal_hold,low
SIG001458,2026-06-08T18:42:00,western,Dadar,Andheri,7,junction_congestion,high
SIG001459,2026-05-13T08:26:00,western,Mahalaxmi,Bandra,16,signal_hold,low
SIG001460,2025-11-20T20:34:00,harbour,Govandi,Wadala Road,14,platform_occupancy,high
SIG001461,2026-08-10T19:23:00,western,Mahalaxmi,Thane,6,route_conflict,low
SIG001462,2026-09-20T05:42:00,western,Jogeshwari,Dadar,15,equipment_fault,low
SIG001463,2026-02-13T04:15:00,western,Marine Lines,Andheri,6,route_conflict,medium
SIG001464,2026-07-25T16:09:00,central,Kopar,Wadala Road,4,route_conflict,low
SIG001465,2026-05-02T10:44:00,western,Khar Road,Dadar,9,signal_hold,medium
SIG001466,2025-10-22T14:27:00,harbour,Wadala Road,Kalyan,16,signal_hold,low
SIG001467,2025-11-14T11:02:00,central,CSMT,Andheri,19,signal_hold,low
SIG001468,2026-03-03T16:41:00,harbour,CSMT,Kalyan,20,equipment_fault,medium
SIG001469,2026-09-19T20:10:00,central,Ghatkopar,Wadala Road,14,platform_occupancy,medium
SIG001470,2026-06-07T19:42:00,central,Sion,Thane,22,junction_congestion,medium
SIG001471,2025-11-11T16:22:00,central,Ghatkopar,Bandra,4,signal_hold,medium
SIG001472,2026-07-20T14:06:00,harbour,Reay Road,Dadar,20,signal_hold,high
SIG001473,2026-04-22T12:02:00,harbour,Panvel,Bandra,8,platform_occupancy,medium
SIG001474,2026-09-12T00:42:00,harbour,Govandi,Andheri,7,signal_hold,high
SIG001475,2026-05-23T14:33:00,western,Kandivali,Thane,28,signal_hold,high
SIG001476,2026-05-26T00:57:00,harbour,Mankhurd,Kurla,20,junction_congestion,medium
SIG001477,2025-11-29T06:01:00,central,Bhandup,Kalyan,22,signal_hold,high
SIG001478,2026-07-08T05:53:00,central,Diva,Kurla,23,route_conflict,high
SIG001479,2025-10-24T02:47:00,western,Andheri,Bandra,3,platform_occupancy,high
SIG001480,2026-09-05T21:58:00,western,Virar,Kalyan,4,junction_congestion,high
SIG001481,2026-03-25T10:03:00,western,Lower Parel,Kurla,25,signal_hold,low
SIG001482,2026-08-13T16:18:00,harbour,CSMT,Kurla,30,platform_occupancy,medium
SIG001483,2026-04-23T03:36:00,western,Mira Road,Thane,22,junction_congestion,high
SIG001484,2025-12-29T15:17:00,harbour,Reay Road,Wadala Road,21,junction_congestion,low
SIG001485,2026-05-31T08:07:00,western,Goregaon,Bandra,30,equipment_fault,low
SIG001486,2026-06-07T22:18:00,central,Thakurli,Andheri,24,junction_congestion,high
SIG001487,2026-08-15T04:28:00,western,Prabhadevi,Thane,4,platform_occupancy,low
SIG001488,2025-12-21T02:33:00,western,Mahim,Andheri,19,route_conflict,high
SIG001489,2025-12-24T13:06:00,harbour,Tilak Nagar,Kurla,28,platform_occupancy,medium
SIG001490,2025-10-02T05:20:00,central,Byculla,Wadala Road,18,route_conflict,medium
SIG001491,2026-08-05T12:40:00,central,Vikhroli,Bandra,22,route_conflict,high
SIG001492,2026-03-11T18:12:00,western,Khar Road,Dadar,18,junction_congestion,medium
SIG001493,2026-01-14T08:49:00,central,Sion,Kalyan,22,junction_congestion,low
SIG001494,2026-04-25T08:38:00,western,Mira Road,Andheri,28,signal_hold,high
SIG001495,2026-05-22T02:50:00,central,Thane,Andheri,4,platform_occupancy,high
SIG001496,2026-09-14T06:35:00,harbour,Sewri,Kalyan,10,junction_congestion,low
SIG001497,2026-05-31T14:07:00,western,Vasai Road,Andheri,7,route_conflict,high
SIG001498,2025-11-08T06:39:00,western,Nalasopara,Kalyan,24,junction_congestion,medium
SIG001499,2026-01-24T22:06:00,western,Ram Mandir,Kalyan,11,junction_congestion,high
SIG001500,2026-09-10T17:38:00,central,Kanjurmarg,Kalyan,3,equipment_fault,high
SIG001501,2026-04-25T02:28:00,central,Thakurli,Kurla,23,equipment_fault,medium
SIG001502,2025-12-10T20:46:00,western,Mahim,Bandra,26,equipment_fault,low
SIG001503,2026-05-10T10:04:00,central,Kopar,Kurla,19,route_conflict,medium
SIG001504,2026-09-17T07:16:00,central,Parel,Kurla,7,route_conflict,high
SIG001505,2025-10-07T15:36:00,central,Kalyan,Bandra,19,signal_hold,high
SIG001506,2026-01-16T11:35:00,central,Bhandup,Andheri,27,route_conflict,low
SIG001507,2025-12-09T22:33:00,central,Mulund,Kurla,2,signal_hold,high
SIG001508,2026-06-04T11:28:00,harbour,Govandi,Kurla,21,junction_congestion,low
SIG001509,2025-10-25T18:04:00,western,Prabhadevi,Kalyan,16,platform_occupancy,high
SIG001510,2026-02-03T14:25:00,harbour,Khandeshwar,Kalyan,25,signal_hold,medium
SIG001511,2026-07-06T05:41:00,central,Kopar,Andheri,15,platform_occupancy,low
SIG001512,2025-12-27T09:09:00,western,Charni Road,Dadar,16,equipment_fault,low
SIG001513,2025-10-17T18:25:00,harbour,Nerul,Wadala Road,16,platform_occupancy,high
SIG001514,2025-12-08T20:26:00,harbour,Cotton Green,Kalyan,16,junction_congestion,medium
SIG001515,2025-12-31T04:39:00,western,Mahim,Dadar,23,equipment_fault,low
SIG001516,2026-07-23T03:39:00,harbour,CSMT,Kalyan,18,equipment_fault,high
SIG001517,2026-09-21T18:15:00,western,Jogeshwari,Bandra,19,equipment_fault,high
SIG001518,2025-12-30T08:37:00,western,Borivali,Dadar,6,equipment_fault,high
SIG001519,2026-02-09T00:38:00,western,Ram Mandir,Kalyan,26,platform_occupancy,low
SIG001520,2025-10-29T12:04:00,western,Goregaon,Kurla,21,route_conflict,low
SIG001521,2026-04-05T23:12:00,western,Charni Road,Dadar,17,platform_occupancy,medium
SIG001522,2026-02-02T22:58:00,central,Dombivli,Dadar,8,platform_occupancy,low
SIG001523,2026-05-02T15:28:00,harbour,Juinagar,Kalyan,5,equipment_fault,medium
SIG001524,2026-05-16T20:57:00,harbour,Tilak Nagar,Wadala Road,18,equipment_fault,low
SIG001525,2025-12-12T02:18:00,harbour,Masjid,Kurla,2,route_conflict,low
SIG001526,2026-05-07T05:47:00,western,Mumbai Central,Wadala Road,18,route_conflict,high
SIG001527,2026-06-19T11:07:00,central,Parel,Andheri,20,junction_congestion,low
SIG001528,2026-04-04T15:52:00,central,Kanjurmarg,Andheri,29,route_conflict,medium
SIG001529,2026-08-29T02:21:00,western,Dadar,Andheri,14,route_conflict,high
SIG001530,2026-02-26T09:00:00,western,Kandivali,Andheri,9,route_conflict,high
SIG001531,2026-06-28T23:39:00,harbour,Kharghar,Andheri,27,equipment_fault,high
SIG001532,2026-01-28T10:51:00,central,Parel,Thane,26,junction_congestion,medium
SIG001533,2025-10-19T20:48:00,harbour,Wadala Road,Dadar,9,signal_hold,high
SIG001534,2025-12-20T02:13:00,harbour,Juinagar,Kalyan,3,platform_occupancy,high
SIG001535,2025-12-04T18:56:00,central,Ghatkopar,Bandra,9,route_conflict,low
SIG001536,2026-04-18T06:19:00,western,Grant Road,Kalyan,8,junction_congestion,low
SIG001537,2025-12-29T22:22:00,western,Jogeshwari,Andheri,29,platform_occupancy,high
SIG001538,2026-09-22T12:42:00,western,Jogeshwari,Thane,23,equipment_fault,medium
SIG001539,2026-04-16T09:00:00,harbour,Dockyard Road,Dadar,6,platform_occupancy,medium
SIG001540,2026-02-09T13:28:00,central,Kalyan,Andheri,26,equipment_fault,high
SIG001541,2026-07-21T04:50:00,central,Mumbra,Kurla,9,signal_hold,high
SIG001542,2026-01-22T05:24:00,harbour,Reay Road,Kurla,13,equipment_fault,high
SIG001543,2026-04-13T16:37:00,western,Mira Road,Andheri,12,route_conflict,high
SIG001544,2026-08-01T13:20:00,harbour,Mankhurd,Kurla,15,platform_occupancy,medium
SIG001545,2026-04-27T20:32:00,central,Bhandup,Wadala Road,23,route_conflict,medium
SIG001546,2025-12-03T07:25:00,central,Bhandup,Bandra,11,signal_hold,high
SIG001547,2025-11-27T20:55:00,western,Mira Road,Kurla,3,route_conflict,high
SIG001548,2025-11-11T19:20:00,western,Mira Road,Thane,18,junction_congestion,low
SIG001549,2026-08-05T17:39:00,harbour,Sanpada,Andheri,5,junction_congestion,medium
SIG001550,2025-12-30T19:08:00,central,CSMT,Wadala Road,7,signal_hold,high
SIG001551,2026-08-06T11:02:00,harbour,Juinagar,Andheri,12,route_conflict,high
SIG001552,2025-10-31T20:13:00,harbour,Mankhurd,Kurla,22,equipment_fault,low
SIG001553,2026-02-05T07:05:00,western,Bandra,Bandra,5,equipment_fault,medium
SIG001554,2025-11-07T01:39:00,central,Mulund,Kalyan,6,platform_occupancy,low
SIG001555,2026-06-04T02:15:00,harbour,Wadala Road,Bandra,18,signal_hold,medium
SIG001556,2026-05-06T20:30:00,central,Vidyavihar,Thane,7,signal_hold,high
SIG001557,2026-07-14T15:02:00,western,Matunga Road,Andheri,17,signal_hold,medium
SIG001558,2026-09-21T13:04:00,western,Bandra,Dadar,20,junction_congestion,medium
SIG001559,2026-05-06T06:03:00,central,Currey Road,Dadar,12,route_conflict,medium
SIG001560,2026-06-16T03:54:00,western,Grant Road,Kalyan,16,route_conflict,low
SIG001561,2026-01-20T22:17:00,central,Currey Road,Kalyan,1,route_conflict,high
SIG001562,2026-04-01T03:25:00,western,Andheri,Kalyan,12,platform_occupancy,medium
SIG001563,2026-08-08T21:48:00,western,Ram Mandir,Bandra,9,signal_hold,medium
SIG001564,2026-08-16T22:18:00,western,Mumbai Central,Thane,24,junction_congestion,low
SIG001565,2026-06-19T14:07:00,harbour,Sewri,Dadar,7,platform_occupancy,low
SIG001566,2026-01-06T08:13:00,central,Bhandup,Andheri,11,signal_hold,low
SIG001567,2026-02-22T21:38:00,central,Dombivli,Thane,4,junction_congestion,medium
SIG001568,2026-09-26T20:40:00,harbour,Mansarovar,Kurla,11,junction_congestion,high
SIG001569,2026-07-11T03:37:00,western,Grant Road,Dadar,26,signal_hold,low
SIG001570,2026-01-22T06:17:00,central,Thane,Dadar,25,route_conflict,low
SIG001571,2026-06-07T03:20:00,central,Diva,Andheri,1,junction_congestion,medium
SIG001572,2026-04-29T18:47:00,central,Mulund,Dadar,25,junction_congestion,low
SIG001573,2026-01-20T01:03:00,harbour,Sanpada,Kurla,8,platform_occupancy,low
SIG001574,2026-04-10T21:31:00,harbour,Wadala Road,Andheri,27,junction_congestion,low
SIG001575,2026-09-11T01:52:00,harbour,Dockyard Road,Andheri,24,equipment_fault,high
SIG001576,2026-02-09T22:29:00,western,Nalasopara,Wadala Road,21,route_conflict,low
SIG001577,2025-12-27T17:12:00,western,Khar Road,Dadar,9,route_conflict,low
SIG001578,2026-08-07T10:11:00,western,Malad,Kurla,3,signal_hold,medium
SIG001579,2026-07-24T14:02:00,harbour,Chunabhatti,Andheri,21,route_conflict,low
SIG001580,2026-06-02T19:08:00,central,Mulund,Dadar,17,junction_congestion,high
SIG001581,2025-11-07T14:44:00,central,Currey Road,Thane,12,platform_occupancy,medium
SIG001582,2026-08-01T10:22:00,western,Mahim,Dadar,6,signal_hold,low
SIG001583,2025-11-07T23:02:00,harbour,Khandeshwar,Thane,7,platform_occupancy,medium
SIG001584,2026-04-23T00:08:00,harbour,Dockyard Road,Kalyan,6,platform_occupancy,medium
SIG001585,2026-06-22T18:02:00,central,Vidyavihar,Dadar,4,signal_hold,high
SIG001586,2026-01-03T21:17:00,central,Vikhroli,Andheri,26,platform_occupancy,high
SIG001587,2026-06-28T14:02:00,western,Kandivali,Thane,7,equipment_fault,medium
SIG001588,2025-12-03T12:28:00,western,Mumbai Central,Andheri,24,equipment_fault,low
SIG001589,2025-10-30T21:12:00,harbour,CBD Belapur,Bandra,7,route_conflict,high
SIG001590,2026-08-21T14:23:00,western,Charni Road,Wadala Road,20,platform_occupancy,medium
SIG001591,2026-09-11T07:13:00,western,Ram Mandir,Andheri,5,signal_hold,low
SIG001592,2026-02-17T14:19:00,central,Kalwa,Andheri,9,equipment_fault,medium
SIG001593,2026-06-24T12:31:00,central,Kopar,Andheri,4,junction_congestion,low
SIG001594,2026-09-17T13:54:00,central,Thane,Wadala Road,26,signal_hold,low
SIG001595,2026-04-18T15:05:00,harbour,Reay Road,Thane,2,equipment_fault,low
SIG001596,2026-02-16T11:49:00,harbour,Chembur,Kalyan,22,equipment_fault,high
SIG001597,2025-11-24T14:28:00,western,Vile Parle,Bandra,17,junction_congestion,high
SIG001598,2026-07-12T04:03:00,central,Diva,Thane,7,route_conflict,low
SIG001599,2026-01-25T12:15:00,harbour,Sewri,Wadala Road,23,signal_hold,high
SIG001600,2026-08-28T15:24:00,harbour,Mansarovar,Andheri,17,platform_occupancy,medium
SIG001601,2026-03-10T10:39:00,central,Thakurli,Thane,18,signal_hold,low
SIG001602,2026-03-13T01:27:00,western,Ram Mandir,Kurla,10,signal_hold,high
SIG001603,2026-01-16T20:55:00,central,Parel,Thane,28,signal_hold,high
SIG001604,2026-03-31T07:43:00,western,Ram Mandir,Dadar,1,platform_occupancy,high
SIG001605,2026-06-26T18:40:00,central,Chinchpokli,Andheri,29,equipment_fault,medium
SIG001606,2026-01-06T07:01:00,central,Diva,Thane,11,signal_hold,high
SIG001607,2025-10-08T13:53:00,central,Sion,Andheri,9,route_conflict,medium
SIG001608,2025-10-12T09:18:00,harbour,Kharghar,Bandra,25,equipment_fault,low
SIG001609,2026-07-06T03:36:00,harbour,Guru Tegh Bahadur Nagar,Bandra,21,equipment_fault,high
SIG001610,2026-02-28T02:53:00,central,Sion,Thane,9,route_conflict,high
SIG001611,2026-07-15T23:13:00,western,Vile Parle,Kurla,24,junction_congestion,medium
SIG001612,2026-01-17T00:19:00,central,Chinchpokli,Kalyan,6,junction_congestion,low
SIG001613,2026-02-06T05:45:00,western,Goregaon,Kalyan,24,route_conflict,high
SIG001614,2026-04-24T09:04:00,western,Matunga Road,Kurla,29,route_conflict,medium
SIG001615,2026-02-14T18:52:00,western,Mumbai Central,Dadar,14,route_conflict,medium
SIG001616,2026-07-21T02:16:00,western,Mira Road,Wadala Road,5,signal_hold,high
SIG001617,2025-12-12T14:54:00,central,Kanjurmarg,Dadar,4,signal_hold,high
SIG001618,2025-11-01T20:24:00,western,Prabhadevi,Bandra,3,platform_occupancy,low
SIG001619,2025-10-10T19:52:00,western,Naigaon,Dadar,18,platform_occupancy,high
SIG001620,2025-12-01T20:52:00,western,Mumbai Central,Kalyan,25,equipment_fault,medium
SIG001621,2026-01-27T19:09:00,central,Ghatkopar,Kalyan,5,route_conflict,low
SIG001622,2026-04-13T18:08:00,harbour,Juinagar,Dadar,1,signal_hold,low
SIG001623,2026-05-05T01:52:00,western,Jogeshwari,Bandra,14,route_conflict,low
SIG001624,2026-03-13T08:08:00,western,Prabhadevi,Kalyan,13,route_conflict,medium
SIG001625,2026-04-27T21:00:00,western,Virar,Andheri,13,signal_hold,medium
SIG001626,2026-02-01T11:15:00,western,Prabhadevi,Dadar,10,platform_occupancy,low
SIG001627,2026-06-01T00:15:00,western,Bandra,Dadar,29,signal_hold,high
SIG001628,2026-01-19T00:42:00,western,Santacruz,Wadala Road,11,equipment_fault,low
SIG001629,2026-08-06T15:41:00,western,Virar,Andheri,22,platform_occupancy,high
SIG001630,2026-04-27T23:47:00,central,Currey Road,Thane,30,junction_congestion,high
SIG001631,2026-06-26T18:42:00,central,Thakurli,Bandra,3,signal_hold,low
SIG001632,2026-01-15T17:49:00,central,Parel,Kalyan,15,junction_congestion,low
SIG001633,2025-12-22T09:41:00,harbour,Govandi,Andheri,9,route_conflict,low
SIG001634,2026-05-24T05:46:00,western,Mahalaxmi,Bandra,13,platform_occupancy,medium
SIG001635,2026-09-25T20:53:00,central,Mulund,Andheri,14,equipment_fault,high
SIG001636,2026-05-31T19:43:00,western,Naigaon,Andheri,30,route_conflict,medium
SIG001637,2026-08-01T20:36:00,harbour,Vashi,Wadala Road,18,junction_congestion,high
SIG001638,2026-03-17T13:32:00,central,Chinchpokli,Wadala Road,23,junction_congestion,high
SIG001639,2026-03-09T17:08:00,harbour,Sandhurst Road,Kurla,12,signal_hold,low
SIG001640,2025-10-13T11:47:00,central,Kalwa,Kalyan,5,signal_hold,low
SIG001641,2026-06-12T09:17:00,central,Parel,Thane,15,route_conflict,high
SIG001642,2026-08-03T14:51:00,western,Lower Parel,Bandra,8,signal_hold,high
SIG001643,2026-01-09T08:15:00,western,Dahisar,Andheri,5,junction_congestion,high
SIG001644,2025-10-20T04:26:00,harbour,Govandi,Thane,2,signal_hold,high
SIG001645,2025-11-23T17:13:00,central,Diva,Bandra,6,signal_hold,low
SIG001646,2026-06-23T23:06:00,western,Charni Road,Kurla,3,signal_hold,high
SIG001647,2026-07-31T06:46:00,western,Bhayandar,Kurla,16,route_conflict,high
SIG001648,2026-05-07T02:16:00,central,Bhandup,Andheri,11,junction_congestion,high
SIG001649,2025-10-10T14:51:00,central,Currey Road,Kurla,2,signal_hold,high
SIG001650,2026-02-04T09:32:00,harbour,Cotton Green,Dadar,13,junction_congestion,high
SIG001651,2026-08-27T19:24:00,harbour,Mansarovar,Bandra,9,equipment_fault,high
SIG001652,2026-05-11T20:19:00,harbour,Wadala Road,Kalyan,30,route_conflict,medium
SIG001653,2025-12-06T22:42:00,harbour,Chembur,Kurla,24,route_conflict,medium
SIG001654,2025-11-10T18:36:00,western,Khar Road,Kurla,27,equipment_fault,high
SIG001655,2025-11-26T05:19:00,harbour,Mankhurd,Kalyan,11,junction_congestion,medium
SIG001656,2026-01-29T00:30:00,western,Naigaon,Thane,21,junction_congestion,low
SIG001657,2026-04-15T13:11:00,western,Grant Road,Dadar,12,equipment_fault,medium
SIG001658,2025-10-21T10:11:00,western,Matunga Road,Kurla,18,signal_hold,low
SIG001659,2026-03-04T07:23:00,harbour,CSMT,Bandra,30,platform_occupancy,low
SIG001660,2026-02-24T21:24:00,harbour,Masjid,Kurla,9,signal_hold,high
SIG001661,2025-11-02T16:14:00,harbour,Vashi,Dadar,2,platform_occupancy,low
SIG001662,2026-05-13T17:15:00,western,Bandra,Bandra,10,junction_congestion,high
SIG001663,2026-02-19T21:50:00,central,Kanjurmarg,Andheri,12,route_conflict,high
SIG001664,2025-12-10T21:50:00,central,Bhandup,Andheri,17,signal_hold,high
SIG001665,2026-01-18T08:42:00,western,Goregaon,Bandra,13,junction_congestion,high
SIG001666,2025-10-28T05:45:00,central,Dadar,Kurla,22,junction_congestion,low
SIG001667,2025-12-07T22:22:00,harbour,Wadala Road,Kurla,26,route_conflict,high
SIG001668,2026-01-26T06:30:00,harbour,Sanpada,Andheri,20,equipment_fault,medium
SIG001669,2026-08-22T20:17:00,western,Mahim,Thane,12,equipment_fault,medium
SIG001670,2025-10-30T03:16:00,harbour,Panvel,Andheri,13,route_conflict,low
SIG001671,2025-11-24T14:41:00,western,Goregaon,Andheri,16,signal_hold,low
SIG001672,2026-01-12T20:30:00,central,Kalwa,Bandra,26,signal_hold,medium
SIG001673,2025-12-08T12:45:00,central,Ghatkopar,Kurla,30,platform_occupancy,low
SIG001674,2025-11-19T15:12:00,central,Mumbra,Thane,12,signal_hold,low
SIG001675,2026-02-08T11:30:00,harbour,Panvel,Kalyan,9,junction_congestion,medium
SIG001676,2026-08-18T21:18:00,harbour,Reay Road,Dadar,19,junction_congestion,low
SIG001677,2026-06-22T16:08:00,central,Kanjurmarg,Kalyan,28,equipment_fault,high
SIG001678,2026-01-02T22:09:00,central,Vikhroli,Wadala Road,28,equipment_fault,medium
SIG001679,2026-06-30T02:35:00,western,Borivali,Kalyan,17,junction_congestion,medium
SIG001680,2025-11-01T01:48:00,harbour,CBD Belapur,Dadar,24,route_conflict,high
SIG001681,2025-10-06T18:48:00,western,Nalasopara,Dadar,10,junction_congestion,low
SIG001682,2026-07-18T17:55:00,western,Prabhadevi,Kalyan,28,junction_congestion,high
SIG001683,2025-12-08T02:05:00,central,Nahur,Kalyan,21,equipment_fault,medium
SIG001684,2025-12-19T10:59:00,western,Mahalaxmi,Andheri,4,junction_congestion,medium
SIG001685,2026-02-23T06:00:00,central,Ghatkopar,Dadar,11,platform_occupancy,high
SIG001686,2026-09-20T02:37:00,western,Dahisar,Andheri,16,signal_hold,medium
SIG001687,2026-08-28T00:20:00,western,Ram Mandir,Kurla,16,route_conflict,high
SIG001688,2026-03-05T10:39:00,central,Mumbra,Dadar,20,junction_congestion,low
SIG001689,2026-06-21T05:32:00,central,Mulund,Kurla,2,route_conflict,low
SIG001690,2026-08-04T23:04:00,central,Kurla,Andheri,6,signal_hold,low
SIG001691,2025-11-20T10:23:00,central,Kanjurmarg,Dadar,10,junction_congestion,medium
SIG001692,2026-03-05T21:45:00,harbour,Guru Tegh Bahadur Nagar,Kurla,27,signal_hold,low
SIG001693,2026-08-09T01:10:00,central,Vidyavihar,Kurla,7,platform_occupancy,medium
SIG001694,2026-09-16T17:00:00,central,Kalwa,Andheri,26,route_conflict,high
SIG001695,2026-08-15T01:21:00,central,Thakurli,Wadala Road,13,signal_hold,high
SIG001696,2026-02-22T14:05:00,western,Mira Road,Andheri,19,equipment_fault,low
SIG001697,2026-05-24T17:38:00,harbour,Khandeshwar,Andheri,27,platform_occupancy,low
SIG001698,2026-01-18T14:17:00,central,Parel,Kalyan,28,platform_occupancy,low
SIG001699,2026-07-23T22:07:00,central,Thane,Andheri,1,junction_congestion,low
SIG001700,2026-08-24T04:35:00,harbour,Nerul,Dadar,2,route_conflict,high
SIG001701,2026-02-14T15:32:00,central,Thakurli,Wadala Road,25,route_conflict,high
SIG001702,2026-07-02T22:16:00,western,Bandra,Kurla,7,equipment_fault,low
SIG001703,2026-06-27T14:41:00,central,CSMT,Thane,29,platform_occupancy,high
SIG001704,2025-12-30T20:04:00,harbour,Vashi,Andheri,15,junction_congestion,medium
SIG001705,2026-06-14T02:54:00,central,Kalwa,Kalyan,17,platform_occupancy,low
SIG001706,2026-02-06T00:34:00,central,Bhandup,Thane,6,equipment_fault,high
SIG001707,2026-01-27T10:38:00,harbour,Govandi,Kalyan,10,junction_congestion,high
SIG001708,2026-04-25T06:07:00,harbour,Seawoods-Darave,Bandra,4,signal_hold,low
SIG001709,2025-12-05T06:32:00,harbour,CSMT,Wadala Road,30,junction_congestion,low
SIG001710,2026-09-27T11:18:00,harbour,Panvel,Wadala Road,30,equipment_fault,low
SIG001711,2026-08-20T09:16:00,harbour,Nerul,Bandra,2,platform_occupancy,medium
SIG001712,2026-03-04T06:42:00,western,Bhayandar,Kalyan,18,junction_congestion,low
SIG001713,2026-02-20T09:39:00,central,Currey Road,Thane,26,junction_congestion,medium
SIG001714,2026-07-16T05:15:00,western,Bandra,Bandra,8,equipment_fault,medium
SIG001715,2026-04-13T20:48:00,harbour,Guru Tegh Bahadur Nagar,Thane,27,junction_congestion,high
SIG001716,2026-03-25T21:28:00,western,Virar,Kalyan,2,signal_hold,low
SIG001717,2026-01-20T16:25:00,central,Thane,Bandra,24,equipment_fault,medium
SIG001718,2026-06-02T00:07:00,western,Goregaon,Kalyan,8,equipment_fault,medium
SIG001719,2026-02-18T06:59:00,harbour,CBD Belapur,Kalyan,27,signal_hold,high
SIG001720,2026-08-09T11:06:00,western,Kandivali,Kalyan,24,route_conflict,medium
SIG001721,2026-05-20T15:38:00,harbour,Cotton Green,Kalyan,8,signal_hold,high
SIG001722,2025-12-31T23:46:00,harbour,Dockyard Road,Andheri,19,junction_congestion,high
SIG001723,2026-04-08T11:51:00,harbour,Cotton Green,Thane,7,signal_hold,low
SIG001724,2025-10-19T16:05:00,central,CSMT,Andheri,25,equipment_fault,low
SIG001725,2025-10-21T06:09:00,harbour,Mansarovar,Wadala Road,30,signal_hold,high
SIG001726,2026-07-06T11:00:00,western,Mira Road,Andheri,5,junction_congestion,high
SIG001727,2026-06-18T18:37:00,western,Prabhadevi,Andheri,29,route_conflict,medium
SIG001728,2026-02-19T03:24:00,harbour,Wadala Road,Andheri,25,junction_congestion,medium
SIG001729,2025-11-07T16:22:00,central,Chinchpokli,Kurla,21,signal_hold,high
SIG001730,2025-12-15T07:22:00,western,Vile Parle,Wadala Road,4,signal_hold,low
SIG001731,2026-04-24T16:23:00,central,Dadar,Dadar,3,junction_congestion,medium
SIG001732,2026-03-01T10:34:00,central,Currey Road,Kalyan,26,signal_hold,medium
SIG001733,2025-11-23T13:49:00,central,Kopar,Dadar,7,junction_congestion,medium
SIG001734,2026-05-17T08:17:00,harbour,Mankhurd,Bandra,6,route_conflict,medium
SIG001735,2025-10-08T09:12:00,western,Borivali,Wadala Road,21,equipment_fault,low
SIG001736,2025-12-25T08:20:00,central,Vikhroli,Kalyan,20,equipment_fault,high
SIG001737,2025-10-04T15:38:00,western,Jogeshwari,Andheri,9,signal_hold,low
SIG001738,2025-10-22T12:30:00,harbour,CSMT,Wadala Road,17,route_conflict,low
SIG001739,2026-06-23T16:55:00,western,Virar,Kurla,1,platform_occupancy,low
SIG001740,2026-03-10T00:36:00,western,Mira Road,Andheri,5,platform_occupancy,medium
SIG001741,2026-09-16T16:07:00,western,Charni Road,Thane,23,equipment_fault,high
SIG001742,2026-05-03T07:37:00,central,Kalyan,Bandra,16,junction_congestion,high
SIG001743,2026-07-19T05:29:00,western,Dadar,Kurla,7,platform_occupancy,medium
SIG001744,2025-12-14T22:12:00,harbour,Panvel,Wadala Road,10,route_conflict,low
SIG001745,2026-09-21T05:28:00,central,Nahur,Kalyan,20,platform_occupancy,medium
SIG001746,2025-12-18T07:43:00,harbour,Chembur,Kalyan,7,equipment_fault,medium
SIG001747,2026-06-30T07:25:00,harbour,Sandhurst Road,Kalyan,6,signal_hold,high
SIG001748,2026-04-03T06:36:00,harbour,Govandi,Thane,20,equipment_fault,medium
SIG001749,2026-07-18T00:54:00,western,Grant Road,Kurla,26,platform_occupancy,medium
SIG001750,2026-02-13T09:05:00,central,Sion,Dadar,7,platform_occupancy,medium
SIG001751,2026-01-14T14:45:00,central,Currey Road,Dadar,11,signal_hold,high
SIG001752,2026-05-28T11:24:00,western,Vile Parle,Wadala Road,26,platform_occupancy,low
SIG001753,2025-11-18T05:32:00,central,Vidyavihar,Wadala Road,7,equipment_fault,low
SIG001754,2025-12-14T22:39:00,harbour,Guru Tegh Bahadur Nagar,Andheri,20,signal_hold,high
SIG001755,2026-08-04T02:37:00,harbour,Panvel,Kalyan,11,platform_occupancy,low
SIG001756,2026-02-21T12:58:00,western,Naigaon,Kalyan,16,signal_hold,medium
SIG001757,2026-08-03T17:39:00,western,Grant Road,Kalyan,6,equipment_fault,medium
SIG001758,2026-07-06T18:55:00,western,Goregaon,Dadar,10,signal_hold,high
SIG001759,2025-10-04T09:12:00,central,Vidyavihar,Kurla,27,junction_congestion,low
SIG001760,2025-10-29T11:40:00,central,Kopar,Dadar,3,junction_congestion,low
SIG001761,2026-07-30T06:01:00,harbour,Chunabhatti,Thane,11,platform_occupancy,medium
SIG001762,2025-11-28T02:01:00,harbour,Panvel,Thane,16,equipment_fault,low
SIG001763,2026-07-14T09:53:00,central,Thakurli,Kalyan,16,signal_hold,medium
SIG001764,2025-12-14T19:34:00,western,Prabhadevi,Dadar,27,signal_hold,low
SIG001765,2025-12-16T13:22:00,central,Thakurli,Andheri,14,route_conflict,low
SIG001766,2025-12-04T02:12:00,western,Mira Road,Bandra,12,equipment_fault,low
SIG001767,2025-11-08T05:20:00,central,Byculla,Dadar,2,platform_occupancy,low
SIG001768,2026-04-11T00:57:00,central,Thakurli,Wadala Road,26,junction_congestion,medium
SIG001769,2026-02-02T00:52:00,western,Goregaon,Kalyan,4,route_conflict,medium
SIG001770,2026-01-16T18:30:00,harbour,Govandi,Andheri,15,signal_hold,high
SIG001771,2026-03-25T03:27:00,harbour,Vashi,Andheri,16,platform_occupancy,medium
SIG001772,2026-09-17T11:54:00,western,Charni Road,Thane,25,platform_occupancy,high
SIG001773,2025-11-30T06:56:00,central,Kalwa,Bandra,28,route_conflict,high
SIG001774,2026-02-27T22:12:00,harbour,Sandhurst Road,Dadar,16,signal_hold,low
SIG001775,2025-10-10T13:25:00,harbour,Sewri,Kalyan,27,junction_congestion,low
SIG001776,2026-09-21T02:13:00,western,Mahim,Kurla,27,equipment_fault,high
SIG001777,2026-05-17T04:20:00,central,Thakurli,Kalyan,21,route_conflict,high
SIG001778,2025-12-16T22:33:00,western,Prabhadevi,Thane,13,junction_congestion,high
SIG001779,2026-02-25T20:02:00,central,Matunga,Dadar,9,junction_congestion,low
SIG001780,2026-05-12T15:46:00,harbour,CBD Belapur,Dadar,5,junction_congestion,low
SIG001781,2025-12-20T05:52:00,western,Churchgate,Kalyan,6,platform_occupancy,low
SIG001782,2026-09-12T18:54:00,harbour,Sanpada,Kalyan,12,platform_occupancy,low
SIG001783,2025-12-01T05:10:00,central,Bhandup,Kurla,5,junction_congestion,high
SIG001784,2026-08-10T17:37:00,harbour,Kurla,Dadar,15,platform_occupancy,medium
SIG001785,2025-12-11T05:24:00,western,Kandivali,Kalyan,24,junction_congestion,low
SIG001786,2026-05-03T02:07:00,western,Khar Road,Kurla,20,platform_occupancy,high
SIG001787,2026-09-25T10:34:00,harbour,Govandi,Dadar,22,signal_hold,high
SIG001788,2026-03-31T06:36:00,western,Prabhadevi,Dadar,2,signal_hold,high
SIG001789,2026-04-12T19:48:00,western,Charni Road,Wadala Road,4,platform_occupancy,low
SIG001790,2026-07-22T14:11:00,central,Kanjurmarg,Dadar,8,platform_occupancy,medium
SIG001791,2026-02-27T18:57:00,western,Naigaon,Kurla,12,platform_occupancy,high
SIG001792,2026-04-28T16:47:00,harbour,CSMT,Dadar,6,equipment_fault,high
SIG001793,2026-09-13T03:57:00,harbour,Chunabhatti,Bandra,30,route_conflict,low
SIG001794,2026-05-18T10:59:00,harbour,Sandhurst Road,Kurla,6,platform_occupancy,medium
SIG001795,2026-01-12T06:43:00,western,Borivali,Kalyan,14,platform_occupancy,low
SIG001796,2026-02-07T06:18:00,central,Chinchpokli,Kurla,22,signal_hold,high
SIG001797,2026-06-14T10:09:00,central,Mumbra,Dadar,16,route_conflict,medium
SIG001798,2025-12-19T15:39:00,western,Vasai Road,Dadar,19,platform_occupancy,low
SIG001799,2026-01-30T19:51:00,western,Bhayandar,Dadar,4,platform_occupancy,high
SIG001800,2026-06-02T10:23:00,central,Mulund,Andheri,12,equipment_fault,medium
SIG001801,2026-09-20T06:05:00,central,Vikhroli,Kalyan,1,platform_occupancy,medium
SIG001802,2026-06-01T00:30:00,harbour,Panvel,Andheri,28,equipment_fault,medium
SIG001803,2025-12-22T02:38:00,central,Dombivli,Wadala Road,24,signal_hold,low
SIG001804,2026-07-26T18:50:00,western,Borivali,Kurla,12,junction_congestion,low
SIG001805,2026-03-27T22:38:00,harbour,Khandeshwar,Andheri,14,platform_occupancy,low
SIG001806,2025-12-05T00:10:00,western,Khar Road,Andheri,4,platform_occupancy,high
SIG001807,2026-08-24T03:33:00,harbour,Cotton Green,Thane,30,platform_occupancy,medium
SIG001808,2026-07-12T17:40:00,harbour,Govandi,Thane,10,route_conflict,low
SIG001809,2026-06-07T23:09:00,harbour,Dockyard Road,Kalyan,26,junction_congestion,high
SIG001810,2026-06-10T16:13:00,central,Currey Road,Dadar,16,route_conflict,medium
SIG001811,2026-01-18T09:25:00,harbour,Chunabhatti,Wadala Road,18,route_conflict,medium
SIG001812,2026-09-20T11:52:00,central,Chinchpokli,Bandra,10,signal_hold,medium
SIG001813,2025-10-30T19:42:00,western,Matunga Road,Bandra,19,signal_hold,low
SIG001814,2026-09-21T14:49:00,central,CSMT,Kalyan,12,signal_hold,low
SIG001815,2026-04-02T02:07:00,western,Bandra,Thane,26,equipment_fault,high
SIG001816,2026-01-21T21:28:00,western,Dahisar,Thane,5,route_conflict,medium
SIG001817,2025-11-28T18:38:00,central,Sion,Dadar,16,platform_occupancy,low
SIG001818,2026-07-09T06:02:00,central,Kanjurmarg,Dadar,29,platform_occupancy,medium
SIG001819,2026-05-15T06:30:00,western,Goregaon,Kalyan,22,platform_occupancy,high
SIG001820,2026-01-10T08:16:00,harbour,Panvel,Kurla,9,route_conflict,medium
SIG001821,2026-02-23T06:55:00,central,Vidyavihar,Dadar,10,equipment_fault,high
SIG001822,2026-09-01T19:15:00,harbour,Cotton Green,Kalyan,26,junction_congestion,low
SIG001823,2026-01-09T22:22:00,harbour,Mankhurd,Andheri,11,equipment_fault,high
SIG001824,2026-06-18T08:47:00,central,Vikhroli,Kalyan,15,junction_congestion,medium
SIG001825,2026-09-01T21:31:00,western,Ram Mandir,Dadar,25,junction_congestion,low
SIG001826,2026-01-11T08:54:00,harbour,Chunabhatti,Bandra,8,equipment_fault,high
SIG001827,2026-06-29T16:35:00,western,Malad,Wadala Road,29,equipment_fault,medium
SIG001828,2025-11-08T23:36:00,central,Parel,Kalyan,22,signal_hold,medium
SIG001829,2026-09-01T02:56:00,western,Charni Road,Dadar,9,signal_hold,medium
SIG001830,2025-12-10T22:10:00,central,Mumbra,Kalyan,23,platform_occupancy,low
SIG001831,2025-12-28T10:21:00,harbour,Nerul,Andheri,17,signal_hold,high
SIG001832,2026-02-27T07:45:00,harbour,Reay Road,Wadala Road,24,junction_congestion,low
SIG001833,2026-03-12T18:42:00,harbour,CBD Belapur,Bandra,5,platform_occupancy,high
SIG001834,2026-05-15T09:12:00,harbour,CSMT,Bandra,16,equipment_fault,high
SIG001835,2026-02-24T03:29:00,western,Charni Road,Dadar,5,equipment_fault,low
SIG001836,2025-12-10T12:48:00,western,Lower Parel,Dadar,16,signal_hold,high
SIG001837,2026-08-20T04:14:00,central,Byculla,Dadar,10,junction_congestion,medium
SIG001838,2026-02-12T00:24:00,western,Vasai Road,Bandra,18,platform_occupancy,high
SIG001839,2026-08-16T18:21:00,harbour,Seawoods-Darave,Dadar,14,route_conflict,high
SIG001840,2025-10-16T18:29:00,western,Mumbai Central,Bandra,24,route_conflict,low
SIG001841,2026-02-23T21:23:00,central,Mulund,Thane,10,signal_hold,high
SIG001842,2026-09-24T23:10:00,central,Dombivli,Thane,13,junction_congestion,high
SIG001843,2025-12-18T03:49:00,central,Bhandup,Bandra,14,route_conflict,low
SIG001844,2026-04-25T09:09:00,central,Currey Road,Wadala Road,13,signal_hold,high
SIG001845,2026-05-09T11:08:00,western,Kandivali,Andheri,29,equipment_fault,medium
SIG001846,2025-11-01T01:02:00,central,Parel,Kalyan,29,junction_congestion,medium
SIG001847,2025-10-07T15:23:00,western,Bandra,Wadala Road,28,equipment_fault,low
SIG001848,2026-06-12T00:19:00,harbour,Sanpada,Kalyan,17,signal_hold,low
SIG001849,2026-01-19T05:57:00,central,Kopar,Andheri,19,platform_occupancy,medium
SIG001850,2026-01-10T23:21:00,central,Dombivli,Thane,30,junction_congestion,low
SIG001851,2026-09-18T06:03:00,central,Mulund,Wadala Road,22,route_conflict,high
SIG001852,2026-04-07T18:18:00,western,Dahisar,Thane,19,equipment_fault,medium
SIG001853,2026-07-22T00:27:00,western,Marine Lines,Dadar,28,route_conflict,low
SIG001854,2025-12-10T07:09:00,harbour,Dockyard Road,Kalyan,30,junction_congestion,medium
SIG001855,2026-03-18T14:21:00,harbour,Wadala Road,Dadar,29,route_conflict,high
SIG001856,2026-07-07T16:20:00,central,Chinchpokli,Dadar,20,platform_occupancy,low
SIG001857,2025-10-28T05:55:00,harbour,Sandhurst Road,Kalyan,25,platform_occupancy,high
SIG001858,2025-10-22T10:50:00,western,Mahim,Dadar,23,junction_congestion,medium
SIG001859,2026-01-06T00:07:00,harbour,Nerul,Wadala Road,7,route_conflict,medium
SIG001860,2026-09-23T14:38:00,central,Dombivli,Thane,8,route_conflict,high
SIG001861,2026-01-27T00:43:00,central,Thane,Bandra,26,route_conflict,low
SIG001862,2025-10-18T15:40:00,harbour,Kharghar,Dadar,7,signal_hold,low
SIG001863,2025-10-04T19:30:00,central,Bhandup,Wadala Road,18,signal_hold,medium
SIG001864,2026-02-12T22:25:00,harbour,Khandeshwar,Andheri,21,equipment_fault,medium
SIG001865,2026-02-16T10:52:00,western,Goregaon,Bandra,16,equipment_fault,medium
SIG001866,2026-06-17T14:01:00,harbour,Juinagar,Bandra,5,signal_hold,medium
SIG001867,2026-08-08T07:18:00,harbour,Chembur,Bandra,3,equipment_fault,low
SIG001868,2026-01-01T14:50:00,harbour,Chunabhatti,Dadar,4,junction_congestion,low
SIG001869,2025-11-07T11:39:00,harbour,Juinagar,Thane,1,route_conflict,medium
SIG001870,2026-04-02T01:12:00,central,Thakurli,Thane,3,route_conflict,medium
SIG001871,2025-11-24T10:49:00,harbour,Nerul,Kurla,28,equipment_fault,high
SIG001872,2026-09-30T02:57:00,central,Kanjurmarg,Wadala Road,2,equipment_fault,high
SIG001873,2025-12-20T17:40:00,harbour,Vashi,Thane,21,signal_hold,low
SIG001874,2026-06-04T03:46:00,central,Kurla,Kurla,11,signal_hold,low
SIG001875,2026-02-26T17:14:00,harbour,Khandeshwar,Thane,30,signal_hold,low
SIG001876,2026-09-25T09:30:00,western,Naigaon,Wadala Road,29,equipment_fault,high
SIG001877,2025-10-26T17:59:00,central,Chinchpokli,Kalyan,20,equipment_fault,low
SIG001878,2026-09-14T15:08:00,western,Dadar,Andheri,2,signal_hold,low
SIG001879,2026-09-27T14:39:00,harbour,Wadala Road,Andheri,12,junction_congestion,medium
SIG001880,2026-05-09T22:37:00,western,Churchgate,Dadar,1,route_conflict,high
SIG001881,2026-07-04T06:17:00,harbour,Kharghar,Andheri,1,equipment_fault,medium
SIG001882,2025-11-07T23:13:00,central,Kanjurmarg,Andheri,5,junction_congestion,high
SIG001883,2026-08-07T19:27:00,harbour,Reay Road,Dadar,15,signal_hold,high
SIG001884,2026-06-25T18:10:00,central,Matunga,Thane,14,signal_hold,low
SIG001885,2026-03-18T23:04:00,western,Goregaon,Dadar,8,junction_congestion,high
SIG001886,2025-11-03T08:03:00,western,Nalasopara,Andheri,8,signal_hold,low
SIG001887,2025-11-11T06:06:00,western,Vile Parle,Kurla,10,signal_hold,medium
SIG001888,2026-06-12T14:52:00,harbour,CBD Belapur,Kurla,10,route_conflict,high
SIG001889,2026-07-17T16:23:00,central,Dombivli,Dadar,22,signal_hold,low
SIG001890,2026-04-01T04:32:00,harbour,Sewri,Kalyan,23,platform_occupancy,low
SIG001891,2026-08-19T23:27:00,harbour,Chunabhatti,Thane,25,equipment_fault,medium
SIG001892,2026-03-27T19:48:00,harbour,Guru Tegh Bahadur Nagar,Thane,23,equipment_fault,high
SIG001893,2025-12-16T00:08:00,western,Bandra,Kalyan,23,equipment_fault,medium
SIG001894,2026-04-22T17:34:00,western,Lower Parel,Kurla,27,equipment_fault,low
SIG001895,2026-05-11T01:11:00,harbour,Juinagar,Kurla,4,platform_occupancy,high
SIG001896,2026-01-12T08:57:00,western,Prabhadevi,Andheri,15,junction_congestion,low
SIG001897,2025-10-16T12:03:00,central,Byculla,Thane,9,equipment_fault,medium
SIG001898,2026-05-07T18:05:00,western,Marine Lines,Thane,28,equipment_fault,medium
SIG001899,2026-09-26T16:59:00,western,Nalasopara,Kalyan,13,junction_congestion,low
SIG001900,2026-03-13T10:31:00,western,Khar Road,Kurla,22,junction_congestion,high
SIG001901,2025-11-08T01:18:00,harbour,Chunabhatti,Dadar,18,platform_occupancy,low
SIG001902,2026-06-02T19:50:00,central,Mumbra,Kurla,25,signal_hold,medium
SIG001903,2026-08-13T02:01:00,central,Kalyan,Andheri,25,signal_hold,low
SIG001904,2026-07-10T14:43:00,harbour,Kharghar,Thane,28,equipment_fault,medium
SIG001905,2026-08-05T15:03:00,harbour,Khandeshwar,Wadala Road,25,equipment_fault,medium
SIG001906,2026-01-27T08:44:00,central,Nahur,Andheri,30,route_conflict,low
SIG001907,2025-10-12T01:20:00,central,Dombivli,Thane,3,route_conflict,high
SIG001908,2026-05-04T09:54:00,central,Mumbra,Kalyan,2,equipment_fault,medium
SIG001909,2026-06-21T09:04:00,central,Dombivli,Thane,26,equipment_fault,low
SIG001910,2025-12-30T12:24:00,central,Mumbra,Andheri,11,platform_occupancy,low
SIG001911,2026-08-20T04:07:00,central,CSMT,Kalyan,1,junction_congestion,low
SIG001912,2026-06-19T05:09:00,central,Kopar,Bandra,18,route_conflict,medium
SIG001913,2025-11-12T15:50:00,harbour,Sandhurst Road,Thane,29,equipment_fault,high
SIG001914,2026-05-17T16:00:00,western,Vile Parle,Kurla,9,platform_occupancy,medium
SIG001915,2026-09-26T09:30:00,western,Prabhadevi,Andheri,6,route_conflict,high
SIG001916,2025-11-06T02:28:00,western,Grant Road,Andheri,2,route_conflict,high
SIG001917,2026-08-17T14:57:00,harbour,Kurla,Dadar,18,route_conflict,low
SIG001918,2026-04-07T15:18:00,central,CSMT,Andheri,28,platform_occupancy,high
SIG001919,2025-11-02T13:46:00,harbour,Wadala Road,Thane,4,signal_hold,high
SIG001920,2026-08-20T04:11:00,western,Jogeshwari,Dadar,8,route_conflict,medium
SIG001921,2026-06-28T09:58:00,harbour,Govandi,Dadar,21,junction_congestion,medium
SIG001922,2026-01-13T04:29:00,western,Mahim,Wadala Road,26,platform_occupancy,medium
SIG001923,2026-07-25T04:43:00,harbour,Tilak Nagar,Kalyan,10,equipment_fault,low
SIG001924,2026-01-25T17:40:00,central,Byculla,Thane,30,route_conflict,high
SIG001925,2025-10-19T14:15:00,western,Malad,Kurla,26,platform_occupancy,high
SIG001926,2026-06-08T12:45:00,western,Khar Road,Bandra,19,signal_hold,high
SIG001927,2026-01-18T06:44:00,central,Kopar,Dadar,3,route_conflict,high
SIG001928,2026-08-01T10:28:00,harbour,Khandeshwar,Dadar,28,equipment_fault,low
SIG001929,2026-09-09T22:33:00,harbour,Sanpada,Wadala Road,15,platform_occupancy,medium
SIG001930,2026-02-20T00:17:00,harbour,Chunabhatti,Kurla,11,route_conflict,medium
SIG001931,2026-03-18T03:06:00,central,Ghatkopar,Andheri,4,route_conflict,medium
SIG001932,2026-07-26T11:58:00,central,Chinchpokli,Thane,18,equipment_fault,low
SIG001933,2026-06-21T19:35:00,harbour,Vashi,Wadala Road,8,junction_congestion,medium
SIG001934,2026-03-17T07:24:00,harbour,Reay Road,Wadala Road,8,junction_congestion,high
SIG001935,2026-01-09T14:10:00,harbour,Guru Tegh Bahadur Nagar,Bandra,10,platform_occupancy,medium
SIG001936,2025-12-25T21:34:00,western,Santacruz,Kalyan,17,route_conflict,high
SIG001937,2026-09-25T20:46:00,harbour,Panvel,Kurla,29,route_conflict,medium
SIG001938,2025-10-12T07:05:00,western,Grant Road,Kalyan,9,equipment_fault,high
SIG001939,2026-09-08T03:24:00,harbour,Dockyard Road,Kurla,28,signal_hold,medium
SIG001940,2025-10-18T10:13:00,harbour,Cotton Green,Dadar,5,equipment_fault,high
SIG001941,2026-07-10T14:47:00,central,Vikhroli,Kurla,13,equipment_fault,low
SIG001942,2026-05-02T15:23:00,western,Mahim,Bandra,29,platform_occupancy,high
SIG001943,2025-12-18T11:26:00,harbour,Masjid,Dadar,24,platform_occupancy,medium
SIG001944,2026-07-25T17:36:00,harbour,Mankhurd,Andheri,27,junction_congestion,medium
SIG001945,2026-09-13T10:01:00,harbour,Reay Road,Andheri,6,equipment_fault,high
SIG001946,2025-12-01T00:19:00,western,Virar,Dadar,19,equipment_fault,medium
SIG001947,2026-08-27T05:57:00,central,Ghatkopar,Kalyan,6,equipment_fault,high
SIG001948,2026-04-22T09:06:00,western,Prabhadevi,Thane,16,platform_occupancy,low
SIG001949,2026-08-07T16:56:00,central,Ghatkopar,Kalyan,11,route_conflict,low
SIG001950,2025-10-31T12:51:00,harbour,Khandeshwar,Kurla,14,equipment_fault,medium
SIG001951,2026-05-17T21:58:00,western,Bandra,Thane,6,signal_hold,medium
SIG001952,2026-04-18T09:50:00,central,Nahur,Kurla,29,route_conflict,medium
SIG001953,2026-04-07T21:51:00,harbour,Panvel,Dadar,30,route_conflict,high
SIG001954,2026-04-21T21:23:00,western,Grant Road,Kurla,18,equipment_fault,low
SIG001955,2025-10-20T21:58:00,harbour,Masjid,Wadala Road,18,route_conflict,low
SIG001956,2026-09-21T14:48:00,western,Bandra,Kurla,10,equipment_fault,medium
SIG001957,2026-08-20T21:52:00,harbour,Reay Road,Bandra,15,platform_occupancy,low
SIG001958,2025-12-27T08:06:00,central,Bhandup,Kalyan,9,signal_hold,low
SIG001959,2026-04-21T18:19:00,harbour,Kharghar,Dadar,12,signal_hold,high
SIG001960,2026-03-11T23:27:00,harbour,Sandhurst Road,Thane,6,equipment_fault,medium
SIG001961,2026-04-20T01:20:00,central,Kopar,Andheri,17,signal_hold,high
SIG001962,2026-05-18T05:42:00,western,Santacruz,Dadar,30,equipment_fault,medium
SIG001963,2026-02-16T15:27:00,harbour,Kharghar,Bandra,29,signal_hold,high
SIG001964,2025-10-06T19:17:00,western,Mumbai Central,Wadala Road,13,route_conflict,high
SIG001965,2026-02-20T11:43:00,central,Mulund,Kurla,16,route_conflict,high
SIG001966,2026-09-27T16:55:00,central,Parel,Kurla,21,signal_hold,high
SIG001967,2026-03-05T23:13:00,western,Santacruz,Dadar,16,equipment_fault,high
SIG001968,2026-03-01T20:37:00,harbour,Cotton Green,Dadar,14,platform_occupancy,high
SIG001969,2026-07-04T22:03:00,harbour,Nerul,Kurla,21,platform_occupancy,medium
SIG001970,2026-02-09T02:51:00,central,Sion,Thane,22,junction_congestion,medium
SIG001971,2026-07-13T14:22:00,harbour,Tilak Nagar,Wadala Road,16,platform_occupancy,low
SIG001972,2026-03-09T10:05:00,western,Virar,Bandra,25,platform_occupancy,medium
SIG001973,2026-08-22T14:54:00,central,Sion,Andheri,14,signal_hold,low
SIG001974,2026-09-04T09:50:00,central,Dombivli,Dadar,12,junction_congestion,high
SIG001975,2026-01-02T05:58:00,central,Mulund,Wadala Road,14,route_conflict,low
SIG001976,2026-04-30T20:22:00,central,Thane,Kurla,29,junction_congestion,low
SIG001977,2026-05-24T08:11:00,central,Dombivli,Thane,14,junction_congestion,medium
SIG001978,2026-08-06T14:53:00,central,Kurla,Dadar,9,junction_congestion,high
SIG001979,2026-03-09T10:23:00,central,Kopar,Bandra,2,platform_occupancy,medium
SIG001980,2026-07-26T09:58:00,western,Goregaon,Kurla,18,route_conflict,high
SIG001981,2025-12-20T07:54:00,harbour,Seawoods-Darave,Thane,5,equipment_fault,high
SIG001982,2025-10-15T12:07:00,harbour,CSMT,Bandra,13,signal_hold,high
SIG001983,2026-05-31T16:37:00,central,Kalwa,Dadar,21,signal_hold,high
SIG001984,2026-03-03T06:06:00,central,Kalwa,Kurla,6,equipment_fault,medium
SIG001985,2026-03-16T23:54:00,central,Dadar,Thane,11,junction_congestion,low
SIG001986,2026-03-31T02:24:00,western,Marine Lines,Bandra,1,equipment_fault,low
SIG001987,2026-07-17T18:27:00,central,Byculla,Kurla,10,platform_occupancy,low
SIG001988,2026-03-17T11:37:00,harbour,Panvel,Andheri,8,signal_hold,medium
SIG001989,2025-12-30T00:48:00,central,Kopar,Kalyan,5,platform_occupancy,low
SIG001990,2025-11-25T17:24:00,western,Jogeshwari,Andheri,23,junction_congestion,low
SIG001991,2025-10-11T17:37:00,harbour,Juinagar,Wadala Road,30,route_conflict,low
SIG001992,2026-07-12T19:23:00,western,Vasai Road,Wadala Road,28,platform_occupancy,medium
SIG001993,2026-08-06T14:04:00,harbour,Khandeshwar,Dadar,10,platform_occupancy,medium
SIG001994,2026-02-25T13:51:00,western,Dadar,Andheri,19,junction_congestion,medium
SIG001995,2026-05-01T01:45:00,central,Chinchpokli,Kurla,14,equipment_fault,medium
SIG001996,2026-09-17T23:08:00,central,Thakurli,Wadala Road,17,route_conflict,medium
SIG001997,2025-10-13T12:48:00,central,Kalyan,Kalyan,12,equipment_fault,high
SIG001998,2025-12-18T20:45:00,central,Sion,Wadala Road,1,junction_congestion,low
SIG001999,2026-08-22T13:22:00,central,Mulund,Wadala Road,4,platform_occupancy,medium
SIG002000,2026-01-13T16:35:00,harbour,Sandhurst Road,Dadar,18,route_conflict,low
SIG002001,2026-09-22T16:04:00,harbour,Wadala Road,Dadar,5,junction_congestion,high
SIG002002,2026-09-10T19:16:00,harbour,Khandeshwar,Bandra,19,route_conflict,low
SIG002003,2026-09-25T07:06:00,central,Bhandup,Thane,24,platform_occupancy,low
SIG002004,2025-10-27T14:03:00,central,Thakurli,Wadala Road,20,junction_congestion,low
SIG002005,2026-04-14T06:10:00,harbour,Sewri,Bandra,18,junction_congestion,high
SIG002006,2026-09-29T22:54:00,central,Kopar,Kurla,11,junction_congestion,high
SIG002007,2026-09-17T16:58:00,harbour,Juinagar,Bandra,24,signal_hold,low
SIG002008,2026-08-06T23:40:00,harbour,Sandhurst Road,Kalyan,5,signal_hold,low
SIG002009,2025-12-28T10:58:00,western,Lower Parel,Kalyan,28,signal_hold,low
SIG002010,2026-08-05T21:07:00,central,Dadar,Andheri,26,equipment_fault,medium
SIG002011,2026-01-10T20:19:00,harbour,Juinagar,Kalyan,13,signal_hold,medium
SIG002012,2025-12-25T14:55:00,central,Vidyavihar,Andheri,30,platform_occupancy,high
SIG002013,2026-05-23T18:06:00,harbour,Tilak Nagar,Wadala Road,21,route_conflict,low
SIG002014,2026-04-30T07:33:00,harbour,Kharghar,Kurla,26,equipment_fault,high
SIG002015,2026-06-28T08:07:00,harbour,Seawoods-Darave,Thane,16,junction_congestion,low
SIG002016,2026-05-29T10:15:00,harbour,Khandeshwar,Bandra,30,route_conflict,low
SIG002017,2026-09-11T01:29:00,western,Mahim,Kalyan,6,route_conflict,medium
SIG002018,2025-11-18T19:44:00,western,Matunga Road,Andheri,7,route_conflict,high
SIG002019,2025-12-08T08:06:00,harbour,Mankhurd,Thane,4,signal_hold,high
SIG002020,2026-09-07T07:01:00,harbour,Cotton Green,Dadar,12,equipment_fault,low
SIG002021,2026-06-09T04:34:00,harbour,CSMT,Kurla,9,platform_occupancy,medium
SIG002022,2026-05-11T15:22:00,central,Diva,Bandra,13,platform_occupancy,high
SIG002023,2026-02-25T12:29:00,western,Goregaon,Kurla,4,route_conflict,medium
SIG002024,2026-02-07T20:27:00,central,Mumbra,Dadar,5,equipment_fault,high
SIG002025,2026-07-06T20:28:00,central,Mumbra,Bandra,28,equipment_fault,high
SIG002026,2026-04-20T21:04:00,harbour,Seawoods-Darave,Andheri,30,junction_congestion,low
SIG002027,2026-01-31T09:44:00,western,Naigaon,Kurla,7,signal_hold,high
SIG002028,2026-01-15T16:07:00,western,Mahalaxmi,Kalyan,28,signal_hold,medium
SIG002029,2025-11-26T15:26:00,western,Mumbai Central,Wadala Road,26,junction_congestion,medium
SIG002030,2026-09-09T11:21:00,central,Vidyavihar,Wadala Road,25,signal_hold,low
SIG002031,2026-07-14T08:29:00,central,Kanjurmarg,Andheri,16,platform_occupancy,medium
SIG002032,2026-05-19T19:29:00,harbour,Sandhurst Road,Wadala Road,27,route_conflict,low
SIG002033,2026-04-21T05:48:00,harbour,Reay Road,Bandra,14,equipment_fault,medium
SIG002034,2026-09-22T21:00:00,harbour,Guru Tegh Bahadur Nagar,Andheri,4,equipment_fault,medium
SIG002035,2026-06-11T12:53:00,western,Churchgate,Bandra,12,junction_congestion,high
SIG002036,2026-06-09T22:38:00,harbour,Govandi,Kurla,20,equipment_fault,low
SIG002037,2026-07-06T11:55:00,central,Dadar,Andheri,1,route_conflict,medium
SIG002038,2026-06-20T20:46:00,harbour,Sewri,Dadar,19,platform_occupancy,medium
SIG002039,2025-12-08T12:39:00,central,Kurla,Wadala Road,30,signal_hold,high
SIG002040,2026-04-17T19:30:00,western,Kandivali,Thane,21,junction_congestion,medium
SIG002041,2025-11-01T23:30:00,harbour,Mansarovar,Thane,9,signal_hold,high
SIG002042,2025-10-23T03:44:00,harbour,Vashi,Wadala Road,21,junction_congestion,medium
SIG002043,2026-02-04T12:52:00,central,Kalyan,Bandra,21,equipment_fault,low
SIG002044,2025-10-28T19:28:00,central,CSMT,Wadala Road,29,route_conflict,high
SIG002045,2026-02-06T19:41:00,western,Charni Road,Kalyan,27,signal_hold,low
SIG002046,2026-08-19T20:35:00,harbour,Mansarovar,Dadar,11,signal_hold,high
SIG002047,2026-04-21T01:16:00,western,Kandivali,Wadala Road,24,signal_hold,medium
SIG002048,2026-05-19T10:53:00,harbour,Cotton Green,Wadala Road,24,platform_occupancy,high
SIG002049,2025-10-11T07:39:00,harbour,Chembur,Kalyan,27,signal_hold,low
SIG002050,2026-02-18T11:52:00,harbour,Reay Road,Andheri,9,signal_hold,low
SIG002051,2026-08-19T20:57:00,western,Dadar,Wadala Road,7,equipment_fault,medium
SIG002052,2026-02-03T22:50:00,harbour,Khandeshwar,Bandra,27,signal_hold,medium
SIG002053,2026-04-18T08:21:00,harbour,Tilak Nagar,Dadar,11,junction_congestion,high
SIG002054,2025-12-02T16:37:00,harbour,Mankhurd,Dadar,4,signal_hold,low
SIG002055,2025-12-02T22:15:00,western,Mahim,Wadala Road,21,signal_hold,low
SIG002056,2025-10-08T14:25:00,western,Kandivali,Thane,15,signal_hold,high
SIG002057,2026-03-29T15:57:00,central,Dombivli,Andheri,29,route_conflict,high
SIG002058,2026-01-05T15:42:00,central,Byculla,Kalyan,23,platform_occupancy,low
SIG002059,2026-04-22T03:14:00,western,Goregaon,Thane,14,route_conflict,low
SIG002060,2026-04-17T15:30:00,western,Mahalaxmi,Thane,9,junction_congestion,medium
SIG002061,2025-12-07T07:01:00,central,Vikhroli,Wadala Road,12,platform_occupancy,high
SIG002062,2026-08-24T10:36:00,harbour,Kharghar,Bandra,6,signal_hold,high
SIG002063,2026-07-08T20:15:00,western,Ram Mandir,Wadala Road,7,junction_congestion,medium
SIG002064,2026-04-29T05:12:00,western,Mahim,Andheri,17,equipment_fault,high
SIG002065,2026-04-14T20:14:00,western,Jogeshwari,Bandra,7,platform_occupancy,low
SIG002066,2026-09-06T13:26:00,central,Byculla,Dadar,17,route_conflict,medium
SIG002067,2026-01-10T19:26:00,central,Mumbra,Thane,12,equipment_fault,medium
SIG002068,2025-10-25T15:34:00,central,Thakurli,Dadar,21,platform_occupancy,low
SIG002069,2026-01-24T14:21:00,central,Mulund,Thane,11,signal_hold,low
SIG002070,2026-06-18T16:34:00,central,Dadar,Kalyan,18,route_conflict,low
SIG002071,2026-08-16T16:13:00,harbour,Mankhurd,Wadala Road,19,junction_congestion,high
SIG002072,2026-07-18T18:51:00,central,Sion,Thane,24,platform_occupancy,high
SIG002073,2026-06-04T00:51:00,central,Dombivli,Kalyan,10,signal_hold,low
SIG002074,2025-12-18T12:54:00,central,Bhandup,Bandra,9,equipment_fault,medium
SIG002075,2025-10-21T19:02:00,western,Jogeshwari,Kurla,30,platform_occupancy,high
SIG002076,2026-02-22T12:22:00,harbour,Panvel,Kurla,5,platform_occupancy,low
SIG002077,2025-12-05T19:49:00,central,Parel,Bandra,12,junction_congestion,medium
SIG002078,2026-01-29T09:33:00,central,CSMT,Andheri,5,route_conflict,low
SIG002079,2026-05-08T09:17:00,central,Chinchpokli,Kurla,8,route_conflict,medium
SIG002080,2025-12-05T15:46:00,harbour,Wadala Road,Kurla,22,equipment_fault,medium
SIG002081,2025-10-04T14:24:00,central,Dadar,Thane,4,junction_congestion,high
SIG002082,2026-07-14T22:28:00,harbour,Sewri,Kalyan,22,junction_congestion,medium
SIG002083,2026-03-26T18:13:00,western,Khar Road,Kurla,11,route_conflict,medium
SIG002084,2026-05-27T04:41:00,central,Dombivli,Andheri,28,junction_congestion,high
SIG002085,2026-07-14T19:02:00,harbour,Sandhurst Road,Thane,16,equipment_fault,low
SIG002086,2026-03-11T10:23:00,harbour,Cotton Green,Bandra,8,platform_occupancy,medium
SIG002087,2026-06-05T11:19:00,harbour,CSMT,Wadala Road,20,junction_congestion,low
SIG002088,2026-03-17T12:49:00,western,Andheri,Kurla,2,route_conflict,medium
SIG002089,2026-08-14T01:10:00,western,Mahim,Kalyan,21,route_conflict,medium
SIG002090,2026-01-18T18:30:00,central,Vidyavihar,Kalyan,22,junction_congestion,low
SIG002091,2026-04-09T01:38:00,central,Dadar,Kurla,13,equipment_fault,low
SIG002092,2026-09-04T13:06:00,western,Bandra,Andheri,24,signal_hold,high
SIG002093,2026-07-22T12:41:00,western,Mahalaxmi,Thane,5,equipment_fault,high
SIG002094,2026-07-07T14:42:00,harbour,Mankhurd,Dadar,16,junction_congestion,medium
SIG002095,2025-11-09T16:39:00,central,Bhandup,Thane,24,signal_hold,high
SIG002096,2026-08-24T21:02:00,harbour,Tilak Nagar,Bandra,16,platform_occupancy,high
SIG002097,2026-06-23T16:25:00,western,Naigaon,Kurla,14,equipment_fault,medium
SIG002098,2025-11-28T06:15:00,western,Churchgate,Thane,30,equipment_fault,medium
SIG002099,2026-02-21T21:32:00,harbour,Seawoods-Darave,Andheri,28,junction_congestion,medium
SIG002100,2025-11-05T08:21:00,central,Vidyavihar,Dadar,4,junction_congestion,medium
SIG002101,2026-06-25T07:36:00,western,Virar,Wadala Road,22,platform_occupancy,medium
SIG002102,2026-08-06T23:41:00,central,Dombivli,Thane,25,signal_hold,high
SIG002103,2026-04-13T14:16:00,western,Matunga Road,Thane,14,signal_hold,medium
SIG002104,2026-05-25T09:21:00,central,Kopar,Dadar,20,signal_hold,medium
SIG002105,2025-10-27T15:50:00,harbour,Khandeshwar,Kalyan,8,route_conflict,low
SIG002106,2025-12-08T20:46:00,western,Mira Road,Kurla,21,junction_congestion,medium
SIG002107,2026-04-19T00:39:00,central,Nahur,Andheri,20,route_conflict,high
SIG002108,2026-08-30T19:27:00,western,Charni Road,Thane,12,signal_hold,low
SIG002109,2025-12-13T15:14:00,central,Thane,Andheri,3,platform_occupancy,high
SIG002110,2026-05-08T21:35:00,central,Kanjurmarg,Dadar,6,platform_occupancy,high
SIG002111,2025-11-27T17:34:00,central,Currey Road,Bandra,7,equipment_fault,medium
SIG002112,2026-05-09T18:49:00,harbour,Sanpada,Wadala Road,28,route_conflict,high
SIG002113,2025-11-05T13:23:00,central,Mumbra,Kalyan,7,junction_congestion,medium
SIG002114,2026-02-13T05:34:00,central,Thane,Andheri,2,equipment_fault,medium
SIG002115,2026-02-09T23:45:00,harbour,Chunabhatti,Thane,1,junction_congestion,low
SIG002116,2025-10-14T15:08:00,central,Dombivli,Kurla,9,platform_occupancy,medium
SIG002117,2026-05-20T16:14:00,western,Prabhadevi,Kurla,1,platform_occupancy,low
SIG002118,2025-11-16T09:37:00,harbour,Chunabhatti,Andheri,23,equipment_fault,medium
SIG002119,2026-08-03T09:23:00,harbour,Seawoods-Darave,Thane,18,junction_congestion,medium
SIG002120,2025-10-10T03:37:00,central,Ghatkopar,Thane,12,junction_congestion,low
SIG002121,2026-09-02T09:07:00,harbour,Vashi,Kurla,18,route_conflict,high
SIG002122,2026-07-12T00:48:00,central,Kanjurmarg,Dadar,22,equipment_fault,low
SIG002123,2026-09-20T06:52:00,harbour,Tilak Nagar,Dadar,7,equipment_fault,medium
SIG002124,2026-05-10T09:21:00,central,Ghatkopar,Kalyan,22,junction_congestion,low
SIG002125,2026-01-22T12:33:00,harbour,Nerul,Kurla,20,platform_occupancy,high
SIG002126,2026-08-11T05:32:00,central,CSMT,Bandra,10,equipment_fault,high
SIG002127,2026-09-23T08:35:00,western,Khar Road,Wadala Road,5,junction_congestion,high
SIG002128,2025-12-29T22:12:00,western,Khar Road,Kurla,7,signal_hold,high
SIG002129,2026-04-29T16:44:00,western,Nalasopara,Kurla,25,junction_congestion,high
SIG002130,2026-07-25T11:20:00,central,Matunga,Kalyan,29,equipment_fault,medium
SIG002131,2026-05-21T13:58:00,central,Kopar,Dadar,22,platform_occupancy,high
SIG002132,2026-07-13T13:43:00,western,Nalasopara,Kalyan,16,junction_congestion,medium
SIG002133,2026-08-24T06:48:00,western,Nalasopara,Kurla,13,platform_occupancy,low
SIG002134,2026-06-01T06:01:00,central,Kopar,Kurla,22,signal_hold,medium
SIG002135,2026-08-01T10:49:00,central,Bhandup,Kurla,21,signal_hold,high
SIG002136,2026-03-13T06:02:00,western,Malad,Wadala Road,17,signal_hold,high
SIG002137,2026-07-25T15:51:00,western,Mahim,Wadala Road,8,route_conflict,high
SIG002138,2026-09-09T15:17:00,harbour,Sandhurst Road,Thane,1,equipment_fault,high
SIG002139,2026-07-11T12:11:00,harbour,Sanpada,Bandra,7,route_conflict,medium
SIG002140,2026-06-26T17:51:00,harbour,Wadala Road,Kurla,16,route_conflict,medium
SIG002141,2026-01-05T14:13:00,central,Chinchpokli,Dadar,7,equipment_fault,medium
SIG002142,2026-08-31T08:58:00,western,Borivali,Wadala Road,15,route_conflict,low
SIG002143,2026-09-01T23:39:00,harbour,CBD Belapur,Dadar,26,equipment_fault,medium
SIG002144,2026-01-24T23:23:00,western,Vile Parle,Andheri,3,signal_hold,high
SIG002145,2025-10-24T12:52:00,harbour,Kharghar,Kalyan,28,equipment_fault,medium
SIG002146,2026-07-08T13:52:00,western,Naigaon,Kalyan,9,equipment_fault,low
SIG002147,2025-10-18T06:32:00,central,Mulund,Bandra,24,signal_hold,medium
SIG002148,2026-07-18T02:29:00,harbour,Panvel,Dadar,12,junction_congestion,high
SIG002149,2026-08-17T10:21:00,central,Currey Road,Dadar,5,platform_occupancy,high
SIG002150,2025-12-21T09:33:00,harbour,Cotton Green,Thane,14,platform_occupancy,low
SIG002151,2026-03-26T23:55:00,central,Matunga,Thane,4,platform_occupancy,high
SIG002152,2025-11-23T22:27:00,central,Thakurli,Kalyan,25,route_conflict,medium
SIG002153,2026-06-07T08:37:00,central,Thakurli,Kalyan,11,junction_congestion,high
SIG002154,2026-04-06T19:30:00,harbour,Guru Tegh Bahadur Nagar,Wadala Road,2,route_conflict,low
SIG002155,2026-04-29T00:41:00,western,Prabhadevi,Thane,19,platform_occupancy,high
SIG002156,2026-05-01T01:24:00,central,Thakurli,Kurla,19,platform_occupancy,medium
SIG002157,2026-08-17T07:09:00,harbour,Chunabhatti,Kurla,24,route_conflict,low
SIG002158,2026-05-01T20:53:00,central,Kurla,Andheri,8,signal_hold,low
SIG002159,2026-05-09T14:32:00,western,Goregaon,Dadar,9,platform_occupancy,high
SIG002160,2026-07-23T12:38:00,central,Diva,Kurla,12,route_conflict,high
SIG002161,2026-09-30T21:16:00,central,Thane,Thane,13,junction_congestion,high
SIG002162,2026-02-01T03:36:00,harbour,Vashi,Kurla,16,junction_congestion,low
SIG002163,2025-11-17T03:38:00,central,Sion,Thane,7,route_conflict,low
SIG002164,2026-04-21T15:55:00,harbour,Panvel,Andheri,26,signal_hold,high
SIG002165,2026-02-21T09:48:00,central,Mulund,Kalyan,19,signal_hold,high
SIG002166,2026-03-16T07:04:00,harbour,Sewri,Thane,22,signal_hold,medium
SIG002167,2025-12-11T23:21:00,central,Thane,Dadar,9,equipment_fault,high
SIG002168,2025-11-27T20:26:00,western,Vile Parle,Wadala Road,17,route_conflict,low
SIG002169,2026-04-05T11:11:00,harbour,Cotton Green,Andheri,30,route_conflict,low
SIG002170,2026-08-29T02:19:00,western,Marine Lines,Wadala Road,9,equipment_fault,medium
SIG002171,2025-12-06T12:37:00,harbour,Sewri,Andheri,27,signal_hold,low
SIG002172,2026-05-09T11:07:00,western,Lower Parel,Kurla,8,equipment_fault,high
SIG002173,2026-09-13T13:06:00,central,Currey Road,Wadala Road,29,signal_hold,medium
SIG002174,2025-11-23T04:43:00,western,Andheri,Dadar,15,signal_hold,medium
SIG002175,2026-02-21T17:44:00,western,Ram Mandir,Wadala Road,7,equipment_fault,medium
SIG002176,2026-05-07T10:11:00,harbour,CSMT,Wadala Road,14,signal_hold,high
SIG002177,2026-08-19T07:43:00,harbour,Sewri,Wadala Road,26,equipment_fault,medium
SIG002178,2025-10-01T08:39:00,central,Bhandup,Wadala Road,9,junction_congestion,high
SIG002179,2026-02-06T13:07:00,central,Thane,Kalyan,17,platform_occupancy,high
SIG002180,2026-05-07T04:32:00,central,Kalwa,Kurla,11,platform_occupancy,high
SIG002181,2026-05-13T20:44:00,harbour,Mankhurd,Dadar,25,route_conflict,medium
SIG002182,2025-10-05T17:53:00,central,Thane,Kalyan,16,route_conflict,low
SIG002183,2025-11-17T17:44:00,central,Dombivli,Thane,4,junction_congestion,medium
SIG002184,2026-02-11T00:08:00,western,Bhayandar,Dadar,25,route_conflict,low
SIG002185,2026-05-12T16:42:00,harbour,Chunabhatti,Thane,25,equipment_fault,medium
SIG002186,2025-12-14T22:36:00,harbour,Chunabhatti,Wadala Road,7,equipment_fault,high
SIG002187,2026-01-21T13:47:00,central,Dadar,Kurla,25,junction_congestion,low
SIG002188,2026-01-24T00:15:00,harbour,Kharghar,Kurla,11,equipment_fault,medium
SIG002189,2026-07-31T14:00:00,harbour,Guru Tegh Bahadur Nagar,Kurla,30,platform_occupancy,medium
SIG002190,2026-05-10T02:06:00,central,Parel,Thane,11,platform_occupancy,high
SIG002191,2026-05-18T15:04:00,central,Vidyavihar,Kalyan,19,junction_congestion,medium
SIG002192,2025-10-05T03:08:00,central,Byculla,Kalyan,12,route_conflict,medium
SIG002193,2026-04-18T16:07:00,western,Vasai Road,Andheri,7,route_conflict,high
SIG002194,2026-04-05T08:41:00,central,Vikhroli,Dadar,11,junction_congestion,medium
SIG002195,2026-05-26T03:45:00,harbour,Juinagar,Andheri,7,route_conflict,high
SIG002196,2026-08-17T11:21:00,central,Currey Road,Dadar,8,route_conflict,medium
SIG002197,2026-09-15T07:03:00,harbour,Nerul,Kalyan,2,junction_congestion,high
SIG002198,2026-09-20T15:39:00,western,Dadar,Wadala Road,19,junction_congestion,low
SIG002199,2025-12-13T20:47:00,western,Kandivali,Thane,9,equipment_fault,medium
SIG002200,2026-08-16T00:46:00,central,Currey Road,Kalyan,5,signal_hold,medium
SIG002201,2026-07-29T07:17:00,western,Nalasopara,Kurla,19,platform_occupancy,high
SIG002202,2026-02-23T15:09:00,harbour,Sandhurst Road,Kalyan,8,platform_occupancy,high
SIG002203,2026-04-08T20:23:00,harbour,Sanpada,Bandra,10,signal_hold,low
SIG002204,2025-11-19T12:27:00,harbour,Mansarovar,Andheri,11,platform_occupancy,medium
SIG002205,2026-03-06T10:07:00,western,Mahim,Kalyan,8,junction_congestion,medium
SIG002206,2026-05-31T11:48:00,western,Borivali,Andheri,9,platform_occupancy,high
SIG002207,2025-10-17T20:22:00,western,Grant Road,Andheri,14,junction_congestion,medium
SIG002208,2026-09-20T03:42:00,western,Vasai Road,Wadala Road,2,equipment_fault,medium
SIG002209,2025-10-12T19:08:00,harbour,Govandi,Dadar,17,platform_occupancy,high
SIG002210,2026-09-24T06:29:00,central,Mumbra,Thane,21,signal_hold,high
SIG002211,2025-11-25T00:22:00,harbour,Sandhurst Road,Wadala Road,25,signal_hold,high
SIG002212,2026-01-24T05:09:00,harbour,Sandhurst Road,Wadala Road,30,junction_congestion,high
SIG002213,2026-02-17T00:00:00,western,Bhayandar,Andheri,14,platform_occupancy,medium
SIG002214,2026-08-25T14:50:00,harbour,Reay Road,Andheri,11,signal_hold,low
SIG002215,2026-06-05T10:36:00,central,Thane,Bandra,23,junction_congestion,low
SIG002216,2026-07-20T08:07:00,harbour,Chunabhatti,Dadar,20,junction_congestion,low
SIG002217,2025-10-07T05:12:00,western,Mahim,Kalyan,5,platform_occupancy,low
SIG002218,2026-05-26T20:05:00,harbour,Mankhurd,Andheri,22,route_conflict,high
SIG002219,2026-06-16T05:52:00,harbour,Nerul,Kurla,7,route_conflict,low
SIG002220,2026-05-13T15:06:00,western,Grant Road,Dadar,18,equipment_fault,low
SIG002221,2026-01-01T17:08:00,harbour,Tilak Nagar,Dadar,11,platform_occupancy,low
SIG002222,2026-03-02T01:10:00,western,Matunga Road,Kurla,14,platform_occupancy,low
SIG002223,2026-03-08T04:28:00,central,CSMT,Kurla,29,junction_congestion,low
SIG002224,2026-07-01T03:35:00,western,Vile Parle,Bandra,24,route_conflict,medium
SIG002225,2025-11-05T20:04:00,central,Nahur,Kalyan,7,route_conflict,medium
SIG002226,2025-12-30T18:24:00,western,Mahalaxmi,Wadala Road,30,equipment_fault,high
SIG002227,2025-12-28T14:55:00,western,Bhayandar,Kurla,4,junction_congestion,high
SIG002228,2026-06-18T23:19:00,harbour,Kurla,Kalyan,7,route_conflict,low
SIG002229,2026-06-20T00:58:00,central,Kurla,Wadala Road,4,junction_congestion,low
SIG002230,2025-10-06T06:48:00,central,Bhandup,Kalyan,28,signal_hold,medium
SIG002231,2026-06-20T10:18:00,central,Chinchpokli,Kalyan,28,platform_occupancy,low
SIG002232,2025-12-01T11:53:00,harbour,CBD Belapur,Bandra,13,junction_congestion,low
SIG002233,2026-04-19T01:00:00,harbour,CBD Belapur,Thane,2,route_conflict,low
SIG002234,2026-02-07T03:33:00,harbour,CSMT,Kurla,17,route_conflict,low
SIG002235,2026-09-08T02:34:00,western,Marine Lines,Wadala Road,26,route_conflict,high
SIG002236,2026-05-02T10:01:00,central,Diva,Kalyan,27,route_conflict,medium
SIG002237,2026-02-03T13:15:00,western,Jogeshwari,Kurla,24,route_conflict,medium
SIG002238,2025-12-19T15:45:00,western,Churchgate,Kalyan,7,platform_occupancy,medium
SIG002239,2026-06-29T17:51:00,central,Diva,Thane,1,signal_hold,medium
SIG002240,2025-10-21T18:01:00,central,Byculla,Andheri,28,route_conflict,medium
SIG002241,2025-11-03T20:38:00,harbour,Chembur,Bandra,20,equipment_fault,low
SIG002242,2026-01-24T04:15:00,western,Churchgate,Thane,29,route_conflict,low
SIG002243,2026-08-02T17:59:00,western,Grant Road,Kalyan,15,junction_congestion,high
SIG002244,2026-08-17T16:49:00,western,Nalasopara,Wadala Road,26,signal_hold,medium
SIG002245,2026-09-12T18:57:00,central,Kurla,Kurla,11,equipment_fault,medium
SIG002246,2025-12-10T04:40:00,central,Mulund,Andheri,27,equipment_fault,low
SIG002247,2025-12-31T15:05:00,western,Jogeshwari,Kurla,26,route_conflict,low
SIG002248,2025-11-29T20:21:00,harbour,Dockyard Road,Andheri,13,platform_occupancy,high
SIG002249,2025-12-16T14:59:00,western,Prabhadevi,Thane,6,platform_occupancy,medium
SIG002250,2026-09-02T12:38:00,harbour,Nerul,Wadala Road,17,equipment_fault,medium
SIG002251,2026-01-04T21:44:00,central,Bhandup,Thane,22,route_conflict,high
SIG002252,2025-10-25T22:07:00,harbour,Chembur,Andheri,2,route_conflict,low
SIG002253,2025-10-11T10:17:00,western,Kandivali,Dadar,27,route_conflict,low
SIG002254,2026-07-16T21:56:00,central,CSMT,Wadala Road,16,junction_congestion,medium
SIG002255,2026-02-14T17:08:00,harbour,Nerul,Kalyan,15,route_conflict,medium
SIG002256,2026-04-10T08:50:00,harbour,Mankhurd,Dadar,24,platform_occupancy,high
SIG002257,2026-06-03T15:37:00,central,Dadar,Thane,11,junction_congestion,high
SIG002258,2026-08-29T06:42:00,harbour,Dockyard Road,Andheri,28,platform_occupancy,high
SIG002259,2026-04-10T09:52:00,western,Naigaon,Thane,14,signal_hold,high
SIG002260,2025-12-31T21:59:00,western,Prabhadevi,Kalyan,27,signal_hold,low
SIG002261,2026-05-04T07:58:00,western,Nalasopara,Thane,10,junction_congestion,medium
SIG002262,2025-11-30T09:57:00,harbour,Cotton Green,Kalyan,27,equipment_fault,low
SIG002263,2026-01-12T04:32:00,harbour,Wadala Road,Bandra,1,route_conflict,high
SIG002264,2026-06-15T17:29:00,harbour,Seawoods-Darave,Bandra,5,equipment_fault,high
SIG002265,2025-11-04T05:18:00,harbour,Tilak Nagar,Wadala Road,8,equipment_fault,low
SIG002266,2026-06-30T16:22:00,western,Grant Road,Andheri,6,equipment_fault,low
SIG002267,2026-01-19T17:17:00,harbour,Seawoods-Darave,Kalyan,28,route_conflict,medium
SIG002268,2025-11-05T14:48:00,central,Vidyavihar,Kalyan,29,equipment_fault,medium
SIG002269,2026-09-13T00:14:00,central,Ghatkopar,Kurla,24,platform_occupancy,low
SIG002270,2025-11-24T12:27:00,central,Thakurli,Wadala Road,22,platform_occupancy,low
SIG002271,2025-11-18T15:40:00,western,Bhayandar,Kalyan,5,route_conflict,medium
SIG002272,2026-01-25T16:37:00,western,Khar Road,Bandra,6,junction_congestion,medium
SIG002273,2026-02-18T19:24:00,western,Vasai Road,Thane,3,route_conflict,medium
SIG002274,2026-01-11T06:22:00,central,Currey Road,Andheri,24,equipment_fault,high
SIG002275,2026-01-19T13:42:00,western,Vile Parle,Kurla,22,platform_occupancy,medium
SIG002276,2025-10-08T20:12:00,harbour,Dockyard Road,Wadala Road,10,equipment_fault,low
SIG002277,2026-09-09T01:13:00,western,Borivali,Kalyan,10,signal_hold,high
SIG002278,2026-08-27T20:38:00,western,Charni Road,Bandra,30,platform_occupancy,medium
SIG002279,2025-10-30T20:01:00,central,Kurla,Dadar,21,junction_congestion,medium
SIG002280,2026-01-31T15:58:00,harbour,Mansarovar,Bandra,26,junction_congestion,medium
SIG002281,2026-03-13T13:45:00,harbour,Dockyard Road,Dadar,24,equipment_fault,high
SIG002282,2026-06-22T00:00:00,western,Nalasopara,Bandra,22,junction_congestion,high
SIG002283,2026-08-11T22:05:00,central,Byculla,Andheri,4,platform_occupancy,high
SIG002284,2026-04-19T21:06:00,central,Kopar,Wadala Road,11,junction_congestion,high
SIG002285,2026-04-01T22:53:00,central,Chinchpokli,Dadar,4,junction_congestion,low
SIG002286,2026-09-26T10:20:00,western,Goregaon,Kalyan,22,platform_occupancy,low
SIG002287,2026-09-21T06:00:00,harbour,Seawoods-Darave,Bandra,19,junction_congestion,high
SIG002288,2026-07-06T14:11:00,western,Malad,Dadar,19,signal_hold,high
SIG002289,2025-12-09T02:44:00,western,Bhayandar,Kurla,12,equipment_fault,high
SIG002290,2026-08-04T04:00:00,central,Thakurli,Andheri,2,platform_occupancy,high
SIG002291,2026-08-17T13:50:00,central,Mumbra,Bandra,17,signal_hold,medium
SIG002292,2026-08-11T10:12:00,harbour,CSMT,Kurla,19,route_conflict,low
SIG002293,2026-05-28T13:01:00,western,Matunga Road,Kalyan,26,signal_hold,high
SIG002294,2026-08-29T12:04:00,central,Vikhroli,Bandra,22,platform_occupancy,medium
SIG002295,2026-03-31T02:21:00,central,Nahur,Bandra,2,platform_occupancy,medium
SIG002296,2026-04-10T15:17:00,western,Lower Parel,Wadala Road,25,equipment_fault,high
SIG002297,2026-05-23T09:16:00,harbour,Chembur,Bandra,12,route_conflict,medium
SIG002298,2025-12-04T17:06:00,central,Vikhroli,Wadala Road,18,route_conflict,medium
SIG002299,2026-05-11T16:51:00,western,Mira Road,Dadar,21,junction_congestion,medium
SIG002300,2026-09-28T01:04:00,harbour,Cotton Green,Bandra,13,route_conflict,medium
SIG002301,2026-09-19T11:41:00,central,Ghatkopar,Bandra,15,platform_occupancy,low
SIG002302,2026-01-31T17:30:00,central,CSMT,Dadar,7,equipment_fault,medium
SIG002303,2026-05-04T16:32:00,harbour,Juinagar,Kurla,13,equipment_fault,high
SIG002304,2025-11-25T07:03:00,western,Charni Road,Dadar,23,equipment_fault,high
SIG002305,2026-07-22T15:32:00,central,Parel,Andheri,11,equipment_fault,medium
SIG002306,2026-07-16T21:49:00,western,Khar Road,Dadar,28,platform_occupancy,high
SIG002307,2025-11-29T20:45:00,central,Sion,Kalyan,27,signal_hold,low
SIG002308,2026-01-21T21:01:00,harbour,Guru Tegh Bahadur Nagar,Dadar,16,route_conflict,high
SIG002309,2026-03-09T10:52:00,western,Virar,Kurla,15,route_conflict,low
SIG002310,2025-10-10T01:01:00,central,Sion,Dadar,28,equipment_fault,medium
SIG002311,2026-08-16T15:12:00,central,Kalwa,Wadala Road,19,route_conflict,medium
SIG002312,2026-02-13T11:35:00,harbour,Nerul,Kalyan,21,equipment_fault,medium
SIG002313,2026-04-09T09:54:00,harbour,Tilak Nagar,Bandra,26,platform_occupancy,medium
SIG002314,2026-06-27T14:12:00,central,Sion,Thane,18,platform_occupancy,low
SIG002315,2026-01-06T22:25:00,central,Thakurli,Kurla,26,equipment_fault,high
SIG002316,2026-01-02T18:19:00,western,Naigaon,Wadala Road,23,junction_congestion,high
SIG002317,2026-05-17T06:32:00,western,Naigaon,Bandra,20,route_conflict,high
SIG002318,2026-06-11T15:43:00,harbour,Mansarovar,Andheri,18,route_conflict,medium
SIG002319,2026-04-14T23:26:00,harbour,Masjid,Kalyan,20,junction_congestion,medium
SIG002320,2026-08-14T14:52:00,western,Mahalaxmi,Dadar,18,junction_congestion,high
SIG002321,2025-11-11T21:41:00,central,Mulund,Bandra,23,route_conflict,low
SIG002322,2026-06-16T01:48:00,western,Mira Road,Thane,19,platform_occupancy,high
SIG002323,2025-10-21T01:56:00,harbour,Seawoods-Darave,Kalyan,14,route_conflict,medium
SIG002324,2026-03-06T16:57:00,harbour,Mankhurd,Thane,18,platform_occupancy,medium
SIG002325,2026-03-19T08:21:00,harbour,Sanpada,Kalyan,5,equipment_fault,high
SIG002326,2026-05-17T23:33:00,western,Malad,Dadar,23,platform_occupancy,high
SIG002327,2025-12-27T03:37:00,western,Malad,Dadar,17,junction_congestion,high
SIG002328,2026-01-26T09:18:00,harbour,Sewri,Kurla,20,route_conflict,low
SIG002329,2025-10-22T11:19:00,harbour,Vashi,Andheri,4,platform_occupancy,low
SIG002330,2025-12-08T13:35:00,central,Mumbra,Andheri,22,junction_congestion,medium
SIG002331,2026-07-05T15:32:00,harbour,Vashi,Kurla,28,platform_occupancy,low
SIG002332,2025-12-09T19:19:00,central,Vikhroli,Kurla,23,junction_congestion,medium
SIG002333,2026-09-29T20:34:00,western,Mahalaxmi,Thane,13,route_conflict,low
SIG002334,2026-06-13T17:40:00,harbour,CBD Belapur,Dadar,11,junction_congestion,low
SIG002335,2026-04-06T16:49:00,western,Virar,Wadala Road,2,equipment_fault,low
SIG002336,2026-06-29T17:12:00,western,Mahalaxmi,Dadar,17,signal_hold,low
SIG002337,2026-05-27T00:17:00,central,Vidyavihar,Dadar,26,equipment_fault,high
SIG002338,2026-06-30T22:44:00,western,Mahalaxmi,Kurla,21,equipment_fault,medium
SIG002339,2026-02-10T08:57:00,harbour,Sewri,Thane,4,route_conflict,high
SIG002340,2026-06-30T11:03:00,harbour,Cotton Green,Kalyan,23,route_conflict,high
SIG002341,2026-01-17T09:20:00,central,CSMT,Wadala Road,2,equipment_fault,low
SIG002342,2026-05-15T22:44:00,central,Currey Road,Thane,22,route_conflict,high
SIG002343,2026-01-30T21:16:00,western,Andheri,Kurla,20,route_conflict,high
SIG002344,2026-06-03T16:26:00,central,Dombivli,Wadala Road,27,junction_congestion,medium
SIG002345,2025-12-24T17:54:00,harbour,Juinagar,Dadar,11,route_conflict,medium
SIG002346,2026-01-11T22:49:00,western,Vasai Road,Kalyan,7,junction_congestion,low
SIG002347,2026-06-18T22:07:00,western,Andheri,Bandra,27,equipment_fault,low
SIG002348,2025-12-06T05:31:00,harbour,CBD Belapur,Thane,30,equipment_fault,high
SIG002349,2026-07-15T00:52:00,harbour,CBD Belapur,Kurla,10,platform_occupancy,low
SIG002350,2026-08-23T03:41:00,western,Matunga Road,Andheri,14,junction_congestion,medium
SIG002351,2026-07-02T13:43:00,western,Andheri,Dadar,16,signal_hold,medium
SIG002352,2026-09-18T12:20:00,harbour,Chembur,Thane,16,platform_occupancy,high
SIG002353,2025-11-10T03:12:00,harbour,Masjid,Kurla,3,platform_occupancy,high
SIG002354,2026-02-04T05:39:00,harbour,Kurla,Andheri,2,equipment_fault,low
SIG002355,2025-11-04T09:00:00,central,Kanjurmarg,Kurla,12,equipment_fault,low
SIG002356,2026-08-12T21:16:00,harbour,Sanpada,Wadala Road,28,route_conflict,high
SIG002357,2026-06-28T00:37:00,harbour,Mansarovar,Dadar,30,route_conflict,low
SIG002358,2026-08-29T22:44:00,western,Virar,Kurla,23,platform_occupancy,low
SIG002359,2026-02-26T06:18:00,central,Matunga,Wadala Road,21,equipment_fault,low
SIG002360,2025-11-02T22:31:00,central,Matunga,Andheri,4,platform_occupancy,low
SIG002361,2026-03-25T01:04:00,harbour,Kurla,Kurla,13,route_conflict,medium
SIG002362,2026-07-20T16:44:00,western,Mumbai Central,Kurla,20,route_conflict,high
SIG002363,2026-04-07T00:06:00,central,Dombivli,Wadala Road,23,platform_occupancy,low
SIG002364,2026-04-17T12:17:00,central,Thakurli,Dadar,14,junction_congestion,medium
SIG002365,2026-04-21T11:55:00,western,Vasai Road,Bandra,16,platform_occupancy,high
SIG002366,2025-10-08T14:16:00,harbour,Mansarovar,Kalyan,2,junction_congestion,low
SIG002367,2026-03-12T08:45:00,western,Kandivali,Dadar,4,route_conflict,medium
SIG002368,2025-11-18T10:10:00,western,Ram Mandir,Thane,6,platform_occupancy,high
SIG002369,2026-07-17T23:07:00,central,Kalwa,Thane,10,equipment_fault,medium
SIG002370,2025-12-19T00:02:00,western,Khar Road,Bandra,29,route_conflict,low
SIG002371,2026-09-28T14:36:00,western,Mumbai Central,Wadala Road,2,junction_congestion,medium
SIG002372,2025-12-19T14:55:00,western,Prabhadevi,Dadar,27,junction_congestion,low
SIG002373,2025-11-30T21:09:00,harbour,Sandhurst Road,Kurla,14,equipment_fault,medium
SIG002374,2026-08-16T00:30:00,harbour,Reay Road,Kalyan,20,signal_hold,high
SIG002375,2026-02-15T14:28:00,western,Mira Road,Thane,2,equipment_fault,low
SIG002376,2026-01-20T04:48:00,central,Kurla,Kurla,12,junction_congestion,low
SIG002377,2025-11-11T02:09:00,central,Kanjurmarg,Kurla,10,equipment_fault,low
SIG002378,2026-03-14T00:16:00,western,Kandivali,Kurla,11,junction_congestion,low
SIG002379,2026-08-17T18:49:00,western,Vasai Road,Kurla,20,equipment_fault,medium
SIG002380,2026-01-26T07:23:00,western,Ram Mandir,Thane,2,signal_hold,high
SIG002381,2025-11-17T10:15:00,central,Thane,Wadala Road,1,equipment_fault,high
SIG002382,2026-02-01T17:29:00,harbour,Kurla,Thane,2,route_conflict,low
SIG002383,2026-03-20T03:32:00,western,Khar Road,Dadar,19,signal_hold,medium
SIG002384,2025-12-27T02:53:00,western,Bhayandar,Andheri,2,equipment_fault,high
SIG002385,2025-11-23T19:54:00,western,Kandivali,Bandra,30,junction_congestion,high
SIG002386,2026-07-09T02:47:00,central,Dombivli,Wadala Road,13,junction_congestion,high
SIG002387,2026-03-23T01:34:00,harbour,Vashi,Wadala Road,9,platform_occupancy,high
SIG002388,2026-08-28T07:25:00,central,Parel,Kalyan,18,platform_occupancy,low
SIG002389,2026-01-14T03:42:00,central,Kopar,Andheri,6,junction_congestion,medium
SIG002390,2026-01-25T17:44:00,central,Kalyan,Dadar,14,platform_occupancy,low
SIG002391,2025-10-31T23:42:00,central,Bhandup,Andheri,29,equipment_fault,low
SIG002392,2026-07-20T21:29:00,western,Vasai Road,Andheri,12,route_conflict,medium
SIG002393,2026-08-03T15:57:00,central,Nahur,Andheri,15,junction_congestion,medium
SIG002394,2026-09-03T12:32:00,central,Ghatkopar,Thane,22,junction_congestion,low
SIG002395,2026-02-27T22:37:00,western,Lower Parel,Andheri,7,equipment_fault,low
SIG002396,2026-06-22T15:08:00,central,Kalwa,Bandra,25,junction_congestion,medium
SIG002397,2026-05-12T11:26:00,western,Khar Road,Kurla,16,signal_hold,high
SIG002398,2026-08-26T08:51:00,central,Diva,Kalyan,2,route_conflict,low
SIG002399,2026-06-03T21:26:00,harbour,Cotton Green,Andheri,13,equipment_fault,medium
SIG002400,2026-02-09T07:14:00,central,CSMT,Andheri,7,junction_congestion,high
SIG002401,2026-02-03T11:52:00,central,Kalyan,Andheri,19,route_conflict,high
SIG002402,2026-07-20T15:18:00,harbour,Sewri,Kurla,14,platform_occupancy,medium
SIG002403,2026-03-28T21:53:00,harbour,Reay Road,Bandra,30,junction_congestion,medium
SIG002404,2025-10-26T16:56:00,harbour,Dockyard Road,Bandra,3,signal_hold,low
SIG002405,2025-10-07T07:29:00,western,Mahim,Bandra,3,platform_occupancy,medium
SIG002406,2026-02-25T19:48:00,harbour,Reay Road,Kurla,10,signal_hold,medium
SIG002407,2026-05-18T17:45:00,harbour,Mankhurd,Kalyan,11,route_conflict,medium
SIG002408,2026-05-09T19:30:00,western,Naigaon,Wadala Road,6,route_conflict,low
SIG002409,2026-07-30T07:53:00,western,Ram Mandir,Wadala Road,14,route_conflict,high
SIG002410,2026-09-07T22:17:00,harbour,Guru Tegh Bahadur Nagar,Andheri,28,route_conflict,low
SIG002411,2026-01-15T18:49:00,central,Currey Road,Bandra,2,route_conflict,medium
SIG002412,2026-09-10T07:00:00,central,Mulund,Kurla,25,signal_hold,high
SIG002413,2026-06-21T21:07:00,central,Mumbra,Wadala Road,6,junction_congestion,low
SIG002414,2026-09-24T02:15:00,harbour,Nerul,Thane,29,platform_occupancy,low
SIG002415,2026-06-27T09:39:00,western,Mahalaxmi,Kurla,20,platform_occupancy,high
SIG002416,2026-07-14T14:56:00,western,Grant Road,Bandra,22,route_conflict,high
SIG002417,2026-05-22T12:36:00,central,Thakurli,Bandra,26,signal_hold,medium
SIG002418,2026-09-26T06:22:00,western,Malad,Wadala Road,14,route_conflict,medium
SIG002419,2026-04-03T00:31:00,western,Jogeshwari,Thane,17,signal_hold,medium
SIG002420,2026-05-20T23:22:00,western,Marine Lines,Andheri,8,platform_occupancy,medium
SIG002421,2026-08-23T21:38:00,central,Ghatkopar,Dadar,9,junction_congestion,high
SIG002422,2025-11-28T10:22:00,central,Kalwa,Dadar,5,equipment_fault,low
SIG002423,2025-10-14T23:45:00,central,Kanjurmarg,Kurla,29,junction_congestion,medium
SIG002424,2026-07-10T19:43:00,western,Dahisar,Andheri,9,junction_congestion,medium
SIG002425,2026-06-25T02:11:00,harbour,Govandi,Kalyan,23,platform_occupancy,low
SIG002426,2026-06-10T02:58:00,harbour,Guru Tegh Bahadur Nagar,Wadala Road,7,junction_congestion,medium
SIG002427,2026-04-13T04:26:00,western,Vile Parle,Andheri,3,platform_occupancy,high
SIG002428,2025-12-22T15:59:00,western,Naigaon,Kurla,26,signal_hold,low
SIG002429,2025-11-24T04:29:00,western,Bandra,Dadar,5,equipment_fault,low
SIG002430,2025-12-03T15:11:00,western,Churchgate,Andheri,1,platform_occupancy,high
SIG002431,2025-11-21T06:01:00,western,Goregaon,Andheri,28,junction_congestion,high
SIG002432,2026-05-29T22:54:00,harbour,Dockyard Road,Wadala Road,4,signal_hold,high
SIG002433,2026-01-10T00:13:00,western,Mira Road,Dadar,6,signal_hold,high
SIG002434,2025-12-06T16:34:00,western,Santacruz,Bandra,22,route_conflict,low
SIG002435,2025-11-06T09:47:00,harbour,Sandhurst Road,Kalyan,11,equipment_fault,low
SIG002436,2026-09-12T15:28:00,western,Dahisar,Kalyan,20,route_conflict,medium
SIG002437,2026-04-28T18:16:00,harbour,Kharghar,Wadala Road,28,signal_hold,medium
SIG002438,2026-02-12T15:50:00,harbour,CSMT,Dadar,6,route_conflict,medium
SIG002439,2026-01-13T18:42:00,harbour,Nerul,Kurla,23,signal_hold,high
SIG002440,2025-11-25T04:20:00,western,Mahalaxmi,Bandra,11,route_conflict,low
SIG002441,2026-07-15T09:19:00,harbour,Nerul,Thane,20,junction_congestion,high
SIG002442,2026-04-26T19:46:00,western,Santacruz,Thane,27,platform_occupancy,high
SIG002443,2026-03-25T07:46:00,harbour,CSMT,Andheri,29,platform_occupancy,medium
SIG002444,2026-01-26T10:17:00,western,Marine Lines,Dadar,16,platform_occupancy,high
SIG002445,2025-11-13T23:38:00,harbour,Panvel,Bandra,14,signal_hold,high
SIG002446,2026-08-21T17:13:00,western,Mira Road,Andheri,3,platform_occupancy,high
SIG002447,2026-06-21T05:19:00,harbour,Kharghar,Wadala Road,22,signal_hold,high
SIG002448,2026-04-10T02:25:00,harbour,Kurla,Kalyan,12,junction_congestion,medium
SIG002449,2026-09-29T20:48:00,central,Mulund,Thane,18,route_conflict,low
SIG002450,2026-02-02T04:37:00,western,Dahisar,Thane,14,junction_congestion,medium
SIG002451,2026-05-25T04:44:00,central,Nahur,Bandra,29,junction_congestion,medium
SIG002452,2026-01-20T04:21:00,western,Mira Road,Bandra,13,junction_congestion,low
SIG002453,2026-01-10T12:45:00,central,Kanjurmarg,Bandra,21,route_conflict,medium
SIG002454,2026-06-24T07:14:00,western,Santacruz,Bandra,27,route_conflict,low
SIG002455,2026-02-11T22:03:00,western,Grant Road,Dadar,13,junction_congestion,low
SIG002456,2026-04-16T06:08:00,central,Matunga,Dadar,16,junction_congestion,low
SIG002457,2026-05-10T00:26:00,harbour,Guru Tegh Bahadur Nagar,Kurla,7,junction_congestion,high
SIG002458,2026-09-29T11:02:00,central,Bhandup,Bandra,6,junction_congestion,high
SIG002459,2025-11-13T12:23:00,central,Currey Road,Dadar,11,junction_congestion,high
SIG002460,2026-04-29T16:15:00,western,Prabhadevi,Wadala Road,16,route_conflict,medium
SIG002461,2026-09-23T04:13:00,western,Matunga Road,Andheri,6,platform_occupancy,high
SIG002462,2026-05-15T04:20:00,harbour,Seawoods-Darave,Kalyan,20,signal_hold,high
SIG002463,2026-01-03T05:55:00,harbour,Chunabhatti,Thane,24,platform_occupancy,high
SIG002464,2026-01-02T07:17:00,central,Mumbra,Kalyan,3,signal_hold,medium
SIG002465,2026-06-27T10:22:00,central,Sion,Kurla,11,route_conflict,medium
SIG002466,2026-09-12T17:58:00,central,Kalwa,Thane,19,platform_occupancy,high
SIG002467,2026-02-19T12:59:00,western,Mahim,Bandra,21,equipment_fault,low
SIG002468,2026-03-22T14:11:00,western,Andheri,Wadala Road,16,signal_hold,medium
SIG002469,2025-12-09T14:25:00,central,Parel,Wadala Road,11,signal_hold,high
SIG002470,2026-09-23T11:48:00,central,Diva,Andheri,9,signal_hold,medium
SIG002471,2026-07-11T16:20:00,western,Naigaon,Bandra,9,route_conflict,medium
SIG002472,2025-11-12T23:28:00,central,Sion,Kurla,21,signal_hold,medium
SIG002473,2026-06-17T08:30:00,harbour,Vashi,Wadala Road,5,platform_occupancy,medium
SIG002474,2026-09-18T22:42:00,central,Diva,Wadala Road,7,route_conflict,high
SIG002475,2025-12-27T15:29:00,central,Kalyan,Dadar,24,route_conflict,high
SIG002476,2026-04-24T16:16:00,western,Naigaon,Kalyan,14,signal_hold,medium
SIG002477,2026-04-09T01:05:00,western,Mumbai Central,Thane,1,signal_hold,high
SIG002478,2026-08-03T20:54:00,western,Bandra,Kalyan,25,route_conflict,medium
SIG002479,2026-07-06T04:16:00,harbour,Cotton Green,Wadala Road,15,platform_occupancy,low
SIG002480,2026-04-18T04:40:00,central,Kurla,Kurla,23,equipment_fault,medium
SIG002481,2026-04-26T08:35:00,western,Goregaon,Kurla,11,signal_hold,low
SIG002482,2025-11-08T04:10:00,central,Kalwa,Kalyan,12,route_conflict,medium
SIG002483,2026-07-01T02:06:00,harbour,CSMT,Andheri,14,platform_occupancy,medium
SIG002484,2026-02-07T14:44:00,central,Diva,Bandra,25,signal_hold,high
SIG002485,2026-04-25T00:11:00,central,Mumbra,Bandra,19,signal_hold,high
SIG002486,2025-11-10T16:12:00,harbour,Mansarovar,Andheri,5,junction_congestion,low
SIG002487,2025-11-19T10:32:00,western,Mumbai Central,Dadar,17,route_conflict,high
SIG002488,2026-03-21T03:09:00,western,Bhayandar,Thane,12,platform_occupancy,low
SIG002489,2026-07-28T11:26:00,central,Chinchpokli,Kalyan,13,equipment_fault,low
SIG002490,2026-07-31T04:17:00,harbour,Chembur,Andheri,5,equipment_fault,low
SIG002491,2026-02-28T22:02:00,central,Dadar,Dadar,25,platform_occupancy,low
SIG002492,2026-03-24T05:27:00,western,Kandivali,Andheri,18,signal_hold,low
SIG002493,2026-03-14T05:14:00,central,Byculla,Dadar,8,route_conflict,low
SIG002494,2026-01-09T06:00:00,harbour,Kurla,Thane,13,junction_congestion,low
SIG002495,2026-04-29T21:48:00,central,CSMT,Andheri,23,junction_congestion,high
SIG002496,2025-11-19T11:42:00,western,Lower Parel,Wadala Road,2,route_conflict,low
SIG002497,2026-09-23T20:58:00,western,Bandra,Andheri,3,equipment_fault,medium
SIG002498,2026-01-28T13:14:00,central,Matunga,Kurla,18,signal_hold,high
SIG002499,2026-04-23T22:07:00,central,Kalwa,Thane,17,junction_congestion,low
SIG002500,2026-02-24T18:58:00,harbour,Guru Tegh Bahadur Nagar,Thane,7,platform_occupancy,medium
SIG002501,2026-07-13T21:44:00,western,Kandivali,Thane,15,signal_hold,medium
SIG002502,2026-07-23T09:57:00,western,Mahalaxmi,Dadar,2,junction_congestion,low
SIG002503,2026-02-27T16:49:00,western,Bhayandar,Wadala Road,24,platform_occupancy,high
SIG002504,2026-03-06T01:54:00,harbour,Chunabhatti,Thane,15,signal_hold,high
SIG002505,2026-03-17T08:13:00,harbour,Guru Tegh Bahadur Nagar,Kurla,17,signal_hold,medium
SIG002506,2025-10-10T00:00:00,western,Vasai Road,Kurla,28,platform_occupancy,low
SIG002507,2026-09-29T19:00:00,harbour,Chembur,Andheri,11,junction_congestion,medium
SIG002508,2026-01-29T08:04:00,central,Mulund,Wadala Road,20,platform_occupancy,high
SIG002509,2026-03-30T23:10:00,western,Malad,Dadar,29,signal_hold,low
SIG002510,2025-11-06T10:18:00,western,Dadar,Dadar,10,junction_congestion,medium
SIG002511,2026-01-25T03:14:00,western,Marine Lines,Thane,7,route_conflict,medium
SIG002512,2026-06-29T11:31:00,western,Dadar,Kalyan,21,signal_hold,medium
SIG002513,2025-10-26T11:32:00,western,Matunga Road,Kurla,9,junction_congestion,low
SIG002514,2025-12-27T14:49:00,harbour,Khandeshwar,Andheri,26,signal_hold,medium
SIG002515,2026-02-05T03:01:00,western,Grant Road,Dadar,24,route_conflict,medium
SIG002516,2026-04-17T21:22:00,central,CSMT,Andheri,19,junction_congestion,low
SIG002517,2026-01-20T15:01:00,western,Charni Road,Kalyan,22,junction_congestion,low
SIG002518,2025-10-28T01:26:00,central,Bhandup,Bandra,15,junction_congestion,low
SIG002519,2025-10-10T15:53:00,harbour,Masjid,Andheri,3,platform_occupancy,high
SIG002520,2026-04-24T00:46:00,harbour,Vashi,Kurla,26,platform_occupancy,low
SIG002521,2026-04-17T00:53:00,western,Prabhadevi,Andheri,15,signal_hold,high
SIG002522,2025-11-02T03:06:00,harbour,Govandi,Wadala Road,23,junction_congestion,low
SIG002523,2025-11-04T10:31:00,central,Vikhroli,Dadar,20,platform_occupancy,medium
SIG002524,2026-09-10T01:06:00,harbour,Cotton Green,Thane,22,platform_occupancy,high
SIG002525,2026-01-15T02:13:00,central,Kalyan,Andheri,12,junction_congestion,low
SIG002526,2026-07-20T13:36:00,central,Nahur,Thane,25,platform_occupancy,low
SIG002527,2026-09-26T02:12:00,harbour,Juinagar,Kalyan,12,junction_congestion,low
SIG002528,2026-04-03T08:59:00,western,Mahim,Thane,21,junction_congestion,medium
SIG002529,2026-01-28T14:56:00,western,Mahim,Wadala Road,30,route_conflict,high
SIG002530,2026-06-06T18:45:00,harbour,CBD Belapur,Bandra,24,route_conflict,high
SIG002531,2026-01-10T14:18:00,western,Vasai Road,Andheri,13,signal_hold,medium
SIG002532,2025-12-21T11:14:00,harbour,Juinagar,Dadar,17,signal_hold,high
SIG002533,2025-10-03T22:36:00,central,Kalwa,Andheri,6,route_conflict,high
SIG002534,2026-06-01T20:47:00,central,Currey Road,Thane,24,platform_occupancy,high
SIG002535,2026-07-15T14:26:00,harbour,Kharghar,Bandra,13,route_conflict,high
SIG002536,2026-06-13T16:31:00,harbour,Govandi,Andheri,25,signal_hold,low
SIG002537,2026-08-27T08:10:00,western,Vasai Road,Andheri,29,route_conflict,high
SIG002538,2025-10-01T10:25:00,harbour,Dockyard Road,Kalyan,5,signal_hold,high
SIG002539,2026-05-12T05:27:00,western,Bhayandar,Kalyan,10,route_conflict,high
SIG002540,2025-12-10T07:59:00,western,Churchgate,Dadar,1,platform_occupancy,low
SIG002541,2026-02-28T19:06:00,western,Vasai Road,Bandra,22,signal_hold,low
SIG002542,2026-04-03T13:04:00,central,Currey Road,Kalyan,12,junction_congestion,low
SIG002543,2026-05-07T14:38:00,central,Kanjurmarg,Thane,7,platform_occupancy,medium
SIG002544,2026-09-14T09:20:00,harbour,Seawoods-Darave,Wadala Road,2,junction_congestion,low
SIG002545,2026-09-30T02:02:00,central,Vikhroli,Dadar,9,junction_congestion,medium
SIG002546,2025-12-11T08:47:00,central,Thakurli,Wadala Road,20,platform_occupancy,high
SIG002547,2026-09-23T00:45:00,western,Khar Road,Dadar,16,signal_hold,medium
SIG002548,2026-04-02T14:45:00,harbour,Sandhurst Road,Dadar,8,signal_hold,medium
SIG002549,2026-07-04T14:22:00,harbour,Kurla,Kurla,20,junction_congestion,low
SIG002550,2026-05-24T02:36:00,central,Kalwa,Bandra,23,junction_congestion,low
SIG002551,2026-07-26T23:52:00,western,Churchgate,Andheri,5,equipment_fault,high
SIG002552,2025-10-21T13:27:00,harbour,Mankhurd,Dadar,17,route_conflict,medium
SIG002553,2026-04-19T01:26:00,harbour,Nerul,Kalyan,26,equipment_fault,high
SIG002554,2025-11-05T11:21:00,central,Mumbra,Dadar,23,equipment_fault,medium
SIG002555,2026-02-04T15:26:00,central,Vidyavihar,Bandra,6,signal_hold,medium
SIG002556,2026-05-30T07:54:00,central,Currey Road,Andheri,5,signal_hold,low
SIG002557,2026-09-17T02:06:00,central,Sion,Dadar,13,route_conflict,medium
SIG002558,2025-11-01T22:45:00,central,Dadar,Kurla,11,equipment_fault,medium
SIG002559,2026-03-16T13:23:00,harbour,Mankhurd,Bandra,23,signal_hold,low
SIG002560,2026-01-28T17:40:00,western,Mumbai Central,Andheri,20,equipment_fault,low
SIG002561,2026-08-16T00:18:00,central,Vikhroli,Bandra,23,junction_congestion,low
SIG002562,2026-06-26T04:18:00,harbour,Juinagar,Dadar,14,junction_congestion,low
SIG002563,2026-04-22T02:10:00,central,Kalwa,Andheri,14,signal_hold,low
SIG002564,2025-12-03T12:40:00,central,Dombivli,Thane,16,junction_congestion,high
SIG002565,2026-03-27T02:47:00,western,Grant Road,Dadar,6,signal_hold,high
SIG002566,2026-02-14T00:24:00,harbour,Sewri,Kalyan,22,equipment_fault,medium
SIG002567,2026-04-10T12:22:00,central,Chinchpokli,Bandra,22,route_conflict,high
SIG002568,2026-07-28T22:10:00,western,Ram Mandir,Dadar,8,route_conflict,low
SIG002569,2026-05-07T16:52:00,western,Mira Road,Andheri,13,signal_hold,medium
SIG002570,2025-11-13T16:28:00,harbour,CSMT,Dadar,17,platform_occupancy,high
SIG002571,2025-10-07T10:47:00,central,Parel,Thane,30,route_conflict,medium
SIG002572,2026-03-05T12:14:00,western,Borivali,Kalyan,16,junction_congestion,low
SIG002573,2025-12-12T02:58:00,western,Khar Road,Wadala Road,21,equipment_fault,low
SIG002574,2026-01-15T09:29:00,harbour,Reay Road,Bandra,17,route_conflict,low
SIG002575,2026-09-13T20:12:00,harbour,Sandhurst Road,Wadala Road,6,route_conflict,high
SIG002576,2026-07-29T02:35:00,harbour,Tilak Nagar,Kurla,27,platform_occupancy,medium
SIG002577,2025-11-13T10:51:00,central,Byculla,Bandra,11,junction_congestion,low
SIG002578,2026-02-18T06:01:00,harbour,Khandeshwar,Thane,13,junction_congestion,high
SIG002579,2026-03-13T15:17:00,harbour,Reay Road,Kalyan,20,equipment_fault,medium
SIG002580,2026-01-23T12:45:00,western,Malad,Wadala Road,10,junction_congestion,low
SIG002581,2026-08-12T02:42:00,harbour,CSMT,Kalyan,3,equipment_fault,low
SIG002582,2026-01-14T23:54:00,harbour,Masjid,Thane,9,junction_congestion,medium
SIG002583,2026-09-04T05:50:00,harbour,Kurla,Thane,27,equipment_fault,high
SIG002584,2026-05-27T04:16:00,central,Mulund,Wadala Road,16,junction_congestion,high
SIG002585,2026-01-08T22:55:00,central,Ghatkopar,Dadar,23,junction_congestion,medium
SIG002586,2025-11-15T19:51:00,central,Kopar,Thane,30,platform_occupancy,medium
SIG002587,2026-03-15T21:49:00,central,Ghatkopar,Kurla,19,route_conflict,medium
SIG002588,2026-05-12T01:48:00,western,Vasai Road,Thane,17,junction_congestion,medium
SIG002589,2026-04-11T04:09:00,harbour,Govandi,Andheri,22,route_conflict,high
SIG002590,2026-01-10T10:03:00,harbour,Chunabhatti,Kurla,22,platform_occupancy,high
SIG002591,2026-05-22T20:22:00,western,Naigaon,Kalyan,19,equipment_fault,low
SIG002592,2025-12-25T08:24:00,harbour,Khandeshwar,Thane,21,route_conflict,low
SIG002593,2026-06-03T16:00:00,western,Virar,Andheri,26,junction_congestion,medium
SIG002594,2026-03-28T20:45:00,central,Mulund,Andheri,9,equipment_fault,medium
SIG002595,2026-06-06T14:23:00,western,Dadar,Wadala Road,3,platform_occupancy,low
SIG002596,2026-07-02T04:53:00,harbour,Chembur,Dadar,3,route_conflict,medium
SIG002597,2026-09-26T11:43:00,central,Kalwa,Wadala Road,27,platform_occupancy,high
SIG002598,2026-08-03T04:39:00,western,Dadar,Dadar,14,junction_congestion,high
SIG002599,2025-12-18T16:49:00,central,Bhandup,Kalyan,11,signal_hold,low
SIG002600,2026-02-09T21:02:00,western,Bandra,Bandra,26,signal_hold,low
SIG002601,2025-11-21T04:13:00,central,Currey Road,Wadala Road,18,platform_occupancy,low
SIG002602,2025-12-09T19:48:00,harbour,Kharghar,Kalyan,7,signal_hold,high
SIG002603,2025-11-13T14:28:00,western,Grant Road,Thane,20,platform_occupancy,medium
SIG002604,2026-08-09T23:20:00,western,Prabhadevi,Kurla,20,equipment_fault,high
SIG002605,2026-04-13T05:32:00,harbour,Tilak Nagar,Bandra,8,route_conflict,low
SIG002606,2026-05-19T15:02:00,western,Mahalaxmi,Bandra,27,junction_congestion,low
SIG002607,2025-10-13T16:47:00,western,Charni Road,Wadala Road,24,equipment_fault,medium
SIG002608,2026-09-20T01:57:00,western,Grant Road,Kurla,28,junction_congestion,low
SIG002609,2026-03-26T05:41:00,central,Diva,Kurla,29,route_conflict,low
SIG002610,2026-04-22T12:06:00,western,Churchgate,Kurla,22,platform_occupancy,medium
SIG002611,2026-07-09T14:07:00,central,Matunga,Kurla,4,signal_hold,medium
SIG002612,2026-08-20T09:47:00,central,Parel,Andheri,29,junction_congestion,high
SIG002613,2026-07-04T19:49:00,western,Ram Mandir,Bandra,9,route_conflict,high
SIG002614,2026-09-23T21:55:00,central,Thane,Thane,11,signal_hold,medium
SIG002615,2026-07-10T11:03:00,central,Diva,Kurla,12,route_conflict,high
SIG002616,2025-11-26T07:54:00,harbour,Mansarovar,Andheri,13,route_conflict,medium
SIG002617,2026-02-28T19:52:00,western,Mahim,Thane,13,platform_occupancy,low
SIG002618,2026-04-30T15:58:00,western,Khar Road,Wadala Road,29,junction_congestion,low
SIG002619,2026-03-27T17:28:00,harbour,Mansarovar,Dadar,15,signal_hold,medium
SIG002620,2026-06-09T08:31:00,central,Kanjurmarg,Dadar,16,junction_congestion,high
SIG002621,2026-08-21T06:39:00,central,Chinchpokli,Kalyan,9,platform_occupancy,low
SIG002622,2026-04-14T23:14:00,central,Kurla,Kalyan,6,route_conflict,low
SIG002623,2026-02-20T12:19:00,western,Khar Road,Thane,2,route_conflict,low
SIG002624,2026-01-24T14:25:00,western,Malad,Andheri,18,signal_hold,medium
SIG002625,2025-11-27T17:05:00,harbour,Guru Tegh Bahadur Nagar,Kalyan,5,platform_occupancy,low
SIG002626,2026-08-14T09:47:00,central,Dadar,Kurla,14,platform_occupancy,low
SIG002627,2025-11-18T15:02:00,western,Nalasopara,Dadar,20,signal_hold,high
SIG002628,2026-02-06T02:50:00,central,Kalwa,Kalyan,14,route_conflict,low
SIG002629,2025-10-13T12:16:00,western,Malad,Andheri,3,signal_hold,low
SIG002630,2026-04-14T21:53:00,western,Ram Mandir,Dadar,25,junction_congestion,high
SIG002631,2026-06-26T15:31:00,harbour,Cotton Green,Kurla,18,route_conflict,low
SIG002632,2025-10-07T08:51:00,central,Dadar,Bandra,9,equipment_fault,low
SIG002633,2026-09-30T18:05:00,harbour,Masjid,Kalyan,5,route_conflict,low
SIG002634,2026-09-07T13:32:00,western,Nalasopara,Kurla,8,equipment_fault,medium
SIG002635,2026-04-22T08:43:00,central,Sion,Kalyan,6,signal_hold,high
SIG002636,2026-03-30T17:52:00,western,Kandivali,Wadala Road,25,signal_hold,low
SIG002637,2026-07-02T19:58:00,western,Churchgate,Thane,15,equipment_fault,medium
SIG002638,2026-07-15T15:25:00,harbour,Juinagar,Andheri,13,equipment_fault,medium
SIG002639,2026-06-15T17:28:00,harbour,Nerul,Andheri,27,junction_congestion,medium
SIG002640,2026-07-24T20:41:00,western,Jogeshwari,Bandra,16,route_conflict,low
SIG002641,2026-02-28T15:43:00,western,Malad,Thane,27,platform_occupancy,low
SIG002642,2026-07-28T07:26:00,central,Kanjurmarg,Thane,12,signal_hold,medium
SIG002643,2026-09-20T18:48:00,western,Bhayandar,Dadar,7,junction_congestion,high
SIG002644,2026-01-16T03:59:00,central,Mumbra,Bandra,25,route_conflict,high
SIG002645,2026-05-08T21:20:00,central,Sion,Kurla,1,route_conflict,medium
SIG002646,2026-04-03T04:05:00,central,Kanjurmarg,Kalyan,23,junction_congestion,medium
SIG002647,2026-02-27T01:15:00,central,Parel,Kalyan,2,route_conflict,low
SIG002648,2025-12-13T18:04:00,central,Vikhroli,Dadar,12,junction_congestion,medium
SIG002649,2026-08-12T13:54:00,western,Malad,Thane,12,equipment_fault,high
SIG002650,2026-09-13T10:04:00,western,Nalasopara,Bandra,16,signal_hold,medium
SIG002651,2026-05-30T08:33:00,western,Matunga Road,Wadala Road,6,signal_hold,low
SIG002652,2026-01-15T06:28:00,harbour,Mansarovar,Wadala Road,9,signal_hold,low
SIG002653,2026-03-09T05:57:00,harbour,Sanpada,Thane,1,junction_congestion,medium
SIG002654,2026-06-01T05:47:00,harbour,Mankhurd,Thane,20,platform_occupancy,medium
SIG002655,2026-06-25T22:41:00,western,Naigaon,Wadala Road,19,signal_hold,medium
SIG002656,2026-09-20T23:58:00,central,Thane,Dadar,22,equipment_fault,high
SIG002657,2025-11-18T23:57:00,western,Vasai Road,Kalyan,11,junction_congestion,high
SIG002658,2026-04-13T12:00:00,western,Mumbai Central,Bandra,30,route_conflict,low
SIG002659,2026-07-07T12:57:00,central,Kanjurmarg,Kurla,2,signal_hold,medium
SIG002660,2025-10-09T19:43:00,western,Lower Parel,Kalyan,19,route_conflict,medium
SIG002661,2026-01-19T10:12:00,central,Kalwa,Wadala Road,9,route_conflict,low
SIG002662,2025-11-18T05:25:00,western,Nalasopara,Dadar,9,junction_congestion,low
SIG002663,2026-03-09T12:57:00,central,Dadar,Andheri,16,signal_hold,low
SIG002664,2026-08-31T16:12:00,central,Diva,Andheri,12,junction_congestion,medium
SIG002665,2026-05-29T17:39:00,harbour,Kharghar,Thane,17,route_conflict,high
SIG002666,2026-04-22T03:15:00,harbour,Panvel,Kurla,8,signal_hold,medium
SIG002667,2026-09-17T23:57:00,central,Ghatkopar,Wadala Road,10,junction_congestion,high
SIG002668,2026-07-22T16:48:00,western,Goregaon,Thane,26,platform_occupancy,low
SIG002669,2026-01-16T17:59:00,harbour,Wadala Road,Bandra,26,route_conflict,low
SIG002670,2026-09-04T03:03:00,western,Grant Road,Andheri,18,equipment_fault,medium
SIG002671,2026-07-28T11:29:00,harbour,Chembur,Kalyan,19,platform_occupancy,medium
SIG002672,2025-11-29T01:50:00,western,Mahalaxmi,Wadala Road,16,signal_hold,medium
SIG002673,2025-11-11T10:27:00,central,Kanjurmarg,Bandra,14,route_conflict,medium
SIG002674,2026-09-10T13:19:00,western,Mahim,Thane,4,platform_occupancy,low
SIG002675,2026-09-20T06:33:00,central,Kanjurmarg,Wadala Road,7,junction_congestion,medium
SIG002676,2026-03-21T04:52:00,central,Sion,Wadala Road,26,route_conflict,medium
SIG002677,2026-01-24T22:04:00,harbour,Kurla,Wadala Road,13,signal_hold,low
SIG002678,2025-11-29T18:42:00,western,Naigaon,Andheri,1,route_conflict,high
SIG002679,2026-08-09T01:19:00,central,Chinchpokli,Bandra,26,route_conflict,low
SIG002680,2025-10-02T12:28:00,central,Dadar,Dadar,5,platform_occupancy,medium
SIG002681,2026-06-18T03:24:00,harbour,Nerul,Dadar,2,route_conflict,medium
SIG002682,2026-05-29T09:38:00,western,Marine Lines,Wadala Road,3,signal_hold,high
SIG002683,2025-10-01T03:43:00,western,Naigaon,Kurla,29,junction_congestion,medium
SIG002684,2025-12-18T07:22:00,central,Mumbra,Thane,20,equipment_fault,low
SIG002685,2026-04-26T03:02:00,western,Charni Road,Kalyan,20,platform_occupancy,low
SIG002686,2025-12-09T23:49:00,central,Diva,Kurla,23,platform_occupancy,low
SIG002687,2026-07-14T11:02:00,central,Dombivli,Kurla,23,junction_congestion,medium
SIG002688,2026-06-19T05:38:00,harbour,Chunabhatti,Thane,21,junction_congestion,medium
SIG002689,2026-03-21T05:06:00,central,Dombivli,Thane,7,route_conflict,medium
SIG002690,2026-01-17T07:05:00,harbour,Reay Road,Dadar,3,signal_hold,high
SIG002691,2025-12-25T17:16:00,western,Grant Road,Kalyan,5,route_conflict,high
SIG002692,2025-11-23T11:29:00,central,Ghatkopar,Andheri,11,equipment_fault,low
SIG002693,2026-09-16T16:30:00,central,Bhandup,Dadar,30,equipment_fault,high
SIG002694,2026-05-09T07:22:00,harbour,Sewri,Kalyan,21,signal_hold,medium
SIG002695,2026-01-22T23:34:00,central,Matunga,Thane,3,signal_hold,low
SIG002696,2026-04-02T15:11:00,central,Dadar,Bandra,16,junction_congestion,high
SIG002697,2026-07-17T10:38:00,harbour,Kurla,Kalyan,5,platform_occupancy,high
SIG002698,2026-08-04T13:04:00,harbour,Kurla,Bandra,19,route_conflict,low
SIG002699,2026-01-28T13:14:00,central,Bhandup,Dadar,16,platform_occupancy,low
SIG002700,2025-10-31T14:26:00,western,Prabhadevi,Wadala Road,20,junction_congestion,medium
SIG002701,2026-02-25T06:40:00,harbour,Cotton Green,Kalyan,2,signal_hold,high
SIG002702,2026-06-20T16:10:00,harbour,Kurla,Bandra,20,platform_occupancy,medium
SIG002703,2025-10-02T23:50:00,western,Andheri,Bandra,27,equipment_fault,low
SIG002704,2026-03-03T16:34:00,western,Mahim,Andheri,22,equipment_fault,medium
SIG002705,2026-07-12T11:48:00,harbour,Nerul,Wadala Road,30,equipment_fault,low
SIG002706,2026-08-13T17:05:00,harbour,Masjid,Kalyan,24,equipment_fault,high
SIG002707,2026-04-30T07:29:00,harbour,Panvel,Kalyan,2,platform_occupancy,medium
SIG002708,2025-10-14T01:05:00,central,Mumbra,Andheri,26,signal_hold,medium
SIG002709,2026-07-31T19:53:00,central,Diva,Wadala Road,8,platform_occupancy,high
SIG002710,2026-03-12T07:27:00,central,Kurla,Thane,29,signal_hold,low
SIG002711,2026-04-04T01:27:00,central,Kurla,Dadar,17,route_conflict,low
SIG002712,2026-03-11T12:15:00,central,Sion,Kalyan,1,junction_congestion,low
SIG002713,2025-11-25T10:02:00,central,Kalwa,Bandra,29,equipment_fault,medium
SIG002714,2025-10-12T21:37:00,harbour,Khandeshwar,Bandra,25,platform_occupancy,high
SIG002715,2025-11-07T06:42:00,central,Mumbra,Kurla,18,equipment_fault,medium
SIG002716,2025-12-24T09:00:00,western,Khar Road,Wadala Road,24,platform_occupancy,low
SIG002717,2026-02-23T19:44:00,western,Borivali,Kalyan,3,platform_occupancy,high
SIG002718,2026-03-28T20:06:00,central,CSMT,Dadar,5,platform_occupancy,low
SIG002719,2026-05-01T20:36:00,harbour,Guru Tegh Bahadur Nagar,Kalyan,6,junction_congestion,low
SIG002720,2026-01-28T08:29:00,central,Currey Road,Bandra,30,platform_occupancy,medium
SIG002721,2025-11-19T22:41:00,western,Mumbai Central,Bandra,4,signal_hold,low
SIG002722,2025-11-18T01:07:00,central,Dadar,Dadar,25,junction_congestion,medium
SIG002723,2025-12-28T10:18:00,harbour,Panvel,Bandra,25,equipment_fault,medium
SIG002724,2025-12-28T21:48:00,central,Dombivli,Wadala Road,9,signal_hold,medium
SIG002725,2025-12-07T00:20:00,central,Dadar,Kalyan,26,route_conflict,high
SIG002726,2026-04-01T05:53:00,harbour,CSMT,Wadala Road,26,signal_hold,low
SIG002727,2026-01-27T04:15:00,western,Mahim,Kurla,17,equipment_fault,low
SIG002728,2026-09-14T13:43:00,harbour,Tilak Nagar,Dadar,11,junction_congestion,medium
SIG002729,2025-12-15T10:00:00,harbour,Panvel,Bandra,13,route_conflict,low
SIG002730,2026-02-16T11:00:00,harbour,CBD Belapur,Kalyan,25,equipment_fault,high
SIG002731,2025-11-18T17:10:00,harbour,Wadala Road,Bandra,22,junction_congestion,high
SIG002732,2026-08-30T09:33:00,central,Ghatkopar,Andheri,12,route_conflict,low
SIG002733,2025-10-27T11:46:00,central,Matunga,Dadar,19,platform_occupancy,low
SIG002734,2026-06-29T06:33:00,harbour,Kurla,Kalyan,24,signal_hold,medium
SIG002735,2026-09-03T11:55:00,western,Mumbai Central,Bandra,4,equipment_fault,high
SIG002736,2025-12-24T19:52:00,harbour,Reay Road,Kalyan,16,equipment_fault,high
SIG002737,2026-06-06T02:13:00,western,Malad,Bandra,2,platform_occupancy,low
SIG002738,2026-05-16T05:36:00,harbour,Govandi,Thane,2,signal_hold,low
SIG002739,2026-05-07T14:27:00,harbour,Reay Road,Andheri,9,junction_congestion,low
SIG002740,2026-04-23T09:01:00,central,Bhandup,Dadar,17,platform_occupancy,low
SIG002741,2026-09-28T20:11:00,central,Kalyan,Thane,14,signal_hold,low
SIG002742,2026-04-26T15:26:00,central,Dadar,Andheri,3,route_conflict,high
SIG002743,2025-12-12T21:46:00,central,Currey Road,Dadar,9,platform_occupancy,medium
SIG002744,2025-12-30T02:17:00,western,Goregaon,Kurla,19,signal_hold,low
SIG002745,2025-11-05T17:42:00,central,Vidyavihar,Bandra,25,equipment_fault,high
SIG002746,2025-11-28T00:12:00,harbour,Juinagar,Wadala Road,28,equipment_fault,medium
SIG002747,2026-05-05T15:59:00,western,Virar,Kalyan,25,signal_hold,medium
SIG002748,2026-08-02T23:01:00,western,Borivali,Thane,9,signal_hold,low
SIG002749,2025-11-20T01:27:00,western,Goregaon,Dadar,4,junction_congestion,low
SIG002750,2026-09-07T16:16:00,central,Kanjurmarg,Wadala Road,4,platform_occupancy,low
SIG002751,2026-03-30T06:42:00,western,Mahim,Kurla,6,equipment_fault,high
SIG002752,2025-12-15T15:19:00,harbour,CSMT,Kalyan,7,route_conflict,low
SIG002753,2026-03-23T17:36:00,central,CSMT,Andheri,17,platform_occupancy,high
SIG002754,2026-02-14T13:40:00,central,Kalwa,Kurla,2,junction_congestion,low
SIG002755,2026-07-10T20:30:00,western,Vasai Road,Wadala Road,10,platform_occupancy,low
SIG002756,2026-07-22T13:30:00,harbour,Govandi,Wadala Road,10,platform_occupancy,low
SIG002757,2025-12-30T18:23:00,harbour,Govandi,Thane,21,equipment_fault,medium
SIG002758,2025-10-02T01:23:00,western,Khar Road,Wadala Road,7,platform_occupancy,high
SIG002759,2026-01-02T08:18:00,harbour,Cotton Green,Bandra,21,equipment_fault,low
SIG002760,2026-03-31T03:44:00,western,Dahisar,Dadar,8,route_conflict,high
SIG002761,2025-11-03T21:46:00,harbour,Sandhurst Road,Andheri,13,route_conflict,low
SIG002762,2026-04-20T09:02:00,western,Goregaon,Dadar,21,route_conflict,high
SIG002763,2025-12-20T15:55:00,harbour,CSMT,Kalyan,4,platform_occupancy,low
SIG002764,2026-08-22T13:11:00,western,Mumbai Central,Andheri,21,signal_hold,medium
SIG002765,2026-05-25T17:44:00,central,Kanjurmarg,Andheri,17,platform_occupancy,medium
SIG002766,2026-02-24T18:19:00,harbour,Reay Road,Kurla,13,platform_occupancy,low
SIG002767,2026-03-26T18:41:00,central,Mulund,Thane,14,signal_hold,medium
SIG002768,2025-10-03T05:25:00,central,Nahur,Kurla,2,signal_hold,high
SIG002769,2026-08-31T01:11:00,harbour,Chunabhatti,Kurla,14,signal_hold,medium
SIG002770,2026-01-11T10:52:00,central,Kurla,Kurla,14,signal_hold,medium
SIG002771,2025-11-17T13:06:00,harbour,Mankhurd,Thane,10,route_conflict,medium
SIG002772,2026-02-24T07:24:00,harbour,Guru Tegh Bahadur Nagar,Bandra,16,junction_congestion,medium
SIG002773,2026-01-25T20:12:00,central,Sion,Kalyan,29,route_conflict,low
SIG002774,2026-03-20T16:48:00,harbour,Vashi,Kalyan,8,equipment_fault,high
SIG002775,2026-01-14T08:40:00,western,Dadar,Andheri,12,equipment_fault,medium
SIG002776,2025-12-11T23:15:00,central,Dombivli,Wadala Road,26,platform_occupancy,high
SIG002777,2026-07-21T23:25:00,western,Charni Road,Wadala Road,29,signal_hold,low
SIG002778,2026-04-24T22:31:00,central,Sion,Bandra,22,equipment_fault,high
SIG002779,2026-02-11T05:14:00,harbour,Vashi,Wadala Road,1,route_conflict,low
SIG002780,2026-05-27T09:19:00,harbour,Panvel,Wadala Road,14,equipment_fault,medium
SIG002781,2025-10-02T01:31:00,central,Matunga,Kurla,4,platform_occupancy,high
SIG002782,2026-08-06T08:46:00,central,Thakurli,Bandra,9,equipment_fault,low
SIG002783,2026-07-20T16:38:00,harbour,Seawoods-Darave,Wadala Road,19,platform_occupancy,low
SIG002784,2026-07-04T15:36:00,central,Diva,Kurla,29,route_conflict,medium
SIG002785,2025-11-03T08:28:00,central,Vikhroli,Kalyan,25,route_conflict,high
SIG002786,2026-05-31T19:05:00,central,Sion,Kalyan,18,signal_hold,high
SIG002787,2025-11-25T12:53:00,western,Goregaon,Kurla,8,junction_congestion,low
SIG002788,2026-02-27T05:55:00,central,Bhandup,Wadala Road,24,signal_hold,low
SIG002789,2026-08-18T07:56:00,harbour,Reay Road,Kurla,24,route_conflict,low
SIG002790,2026-06-28T01:32:00,western,Marine Lines,Thane,1,equipment_fault,medium
SIG002791,2025-12-27T14:00:00,central,Kopar,Wadala Road,29,junction_congestion,low
SIG002792,2025-12-08T01:43:00,central,Sion,Wadala Road,4,signal_hold,medium
SIG002793,2026-03-25T15:27:00,western,Andheri,Andheri,9,equipment_fault,low
SIG002794,2025-10-05T15:05:00,central,Matunga,Bandra,14,platform_occupancy,low
SIG002795,2025-12-04T14:19:00,harbour,Nerul,Kurla,30,equipment_fault,medium
SIG002796,2025-10-01T01:37:00,central,Thakurli,Thane,30,platform_occupancy,medium
SIG002797,2026-01-28T15:15:00,western,Mira Road,Dadar,21,equipment_fault,low
SIG002798,2026-04-19T10:28:00,western,Mahalaxmi,Bandra,6,route_conflict,high
SIG002799,2025-11-02T22:00:00,harbour,Cotton Green,Kurla,27,route_conflict,low
SIG002800,2026-01-05T13:50:00,central,Nahur,Dadar,22,junction_congestion,low
SIG002801,2026-01-06T22:49:00,western,Grant Road,Andheri,30,route_conflict,medium
SIG002802,2026-05-07T03:46:00,harbour,Govandi,Kurla,23,signal_hold,low
SIG002803,2026-09-10T23:01:00,central,CSMT,Kurla,12,signal_hold,high
SIG002804,2026-02-05T12:01:00,harbour,Govandi,Dadar,3,route_conflict,low
SIG002805,2025-11-23T07:29:00,western,Santacruz,Dadar,14,route_conflict,high
SIG002806,2026-01-30T00:21:00,central,Thakurli,Wadala Road,23,equipment_fault,high
SIG002807,2026-05-29T08:01:00,central,Dadar,Bandra,20,equipment_fault,high
SIG002808,2026-03-06T23:39:00,central,Bhandup,Kurla,20,junction_congestion,medium
SIG002809,2026-05-18T21:47:00,central,Diva,Kurla,30,signal_hold,low
SIG002810,2026-07-23T12:09:00,central,Kanjurmarg,Bandra,18,junction_congestion,low
SIG002811,2025-12-23T23:50:00,harbour,Reay Road,Dadar,8,equipment_fault,low
SIG002812,2026-09-15T00:45:00,central,Kopar,Wadala Road,23,route_conflict,low
SIG002813,2026-02-08T22:06:00,harbour,Wadala Road,Bandra,5,route_conflict,low
SIG002814,2025-11-24T00:15:00,western,Ram Mandir,Wadala Road,3,platform_occupancy,high
SIG002815,2025-12-08T02:40:00,central,Kurla,Thane,18,route_conflict,low
SIG002816,2025-11-02T01:16:00,central,Mulund,Bandra,27,route_conflict,low
SIG002817,2026-03-10T13:39:00,harbour,CBD Belapur,Dadar,17,route_conflict,high
SIG002818,2026-08-19T02:35:00,western,Santacruz,Andheri,21,equipment_fault,low
SIG002819,2026-05-23T08:36:00,central,Dadar,Andheri,9,platform_occupancy,low
SIG002820,2025-10-25T02:34:00,western,Bhayandar,Dadar,25,signal_hold,high
SIG002821,2025-10-23T02:21:00,western,Mahim,Kurla,25,equipment_fault,low
SIG002822,2025-11-30T04:06:00,harbour,Sewri,Kalyan,26,signal_hold,medium
SIG002823,2026-06-28T13:07:00,western,Naigaon,Andheri,24,equipment_fault,low
SIG002824,2026-01-18T01:30:00,central,Ghatkopar,Kalyan,22,signal_hold,high
SIG002825,2026-04-30T01:42:00,central,Kurla,Kurla,3,equipment_fault,low
SIG002826,2026-09-13T04:18:00,central,Mulund,Wadala Road,30,signal_hold,low
SIG002827,2026-02-05T23:00:00,central,Thane,Wadala Road,26,signal_hold,medium
SIG002828,2026-07-04T07:17:00,central,Byculla,Wadala Road,14,junction_congestion,low
SIG002829,2025-11-02T03:30:00,harbour,Masjid,Dadar,22,platform_occupancy,low
SIG002830,2026-07-03T04:12:00,central,Kopar,Thane,3,platform_occupancy,high
SIG002831,2026-04-19T07:21:00,harbour,Reay Road,Kalyan,13,equipment_fault,low
SIG002832,2026-03-21T16:56:00,central,Parel,Bandra,9,equipment_fault,low
SIG002833,2026-05-23T05:04:00,central,Dombivli,Dadar,12,platform_occupancy,low
SIG002834,2026-07-01T07:17:00,harbour,Masjid,Wadala Road,23,signal_hold,high
SIG002835,2026-09-08T01:48:00,western,Santacruz,Kurla,8,junction_congestion,high
SIG002836,2026-08-31T23:29:00,harbour,Tilak Nagar,Bandra,1,equipment_fault,high
SIG002837,2026-02-12T13:01:00,western,Charni Road,Dadar,9,signal_hold,low
SIG002838,2026-07-13T05:02:00,central,Thane,Dadar,29,equipment_fault,high
SIG002839,2025-10-04T14:53:00,central,Kopar,Andheri,9,route_conflict,high
SIG002840,2026-09-10T21:29:00,central,Sion,Wadala Road,7,junction_congestion,high
SIG002841,2026-02-14T16:00:00,harbour,CBD Belapur,Dadar,13,platform_occupancy,low
SIG002842,2026-01-21T18:23:00,harbour,Sandhurst Road,Kurla,23,junction_congestion,high
SIG002843,2026-05-03T22:08:00,harbour,Cotton Green,Wadala Road,19,platform_occupancy,medium
SIG002844,2026-05-05T16:42:00,western,Churchgate,Kurla,29,junction_congestion,high
SIG002845,2026-01-04T00:50:00,central,Kalyan,Andheri,28,equipment_fault,medium
SIG002846,2026-03-05T17:43:00,western,Matunga Road,Bandra,9,signal_hold,medium
SIG002847,2025-10-30T16:39:00,central,Vidyavihar,Andheri,13,route_conflict,medium
SIG002848,2026-06-30T02:16:00,central,Byculla,Kurla,13,route_conflict,high
SIG002849,2026-06-26T17:34:00,central,Kalwa,Andheri,6,platform_occupancy,low
SIG002850,2025-10-17T22:34:00,harbour,Sandhurst Road,Kalyan,13,platform_occupancy,medium
SIG002851,2026-04-22T17:38:00,central,Thane,Wadala Road,27,equipment_fault,high
SIG002852,2025-10-17T09:04:00,western,Mira Road,Dadar,12,route_conflict,high
SIG002853,2026-09-30T19:04:00,harbour,Cotton Green,Bandra,9,platform_occupancy,high
SIG002854,2026-01-06T18:15:00,central,Diva,Bandra,23,signal_hold,high
SIG002855,2026-06-05T12:41:00,western,Matunga Road,Andheri,21,signal_hold,medium
SIG002856,2026-03-23T21:37:00,western,Lower Parel,Kurla,25,platform_occupancy,low
SIG002857,2026-04-06T15:55:00,harbour,Kurla,Andheri,4,junction_congestion,high
SIG002858,2026-03-11T13:36:00,western,Naigaon,Dadar,3,signal_hold,high
SIG002859,2026-08-28T03:13:00,harbour,Mankhurd,Andheri,29,signal_hold,high
SIG002860,2025-11-05T04:38:00,harbour,Sewri,Kurla,19,signal_hold,high
SIG002861,2026-02-22T04:07:00,central,Matunga,Kurla,13,platform_occupancy,low
SIG002862,2025-10-29T13:15:00,central,Byculla,Andheri,3,signal_hold,high
SIG002863,2026-09-27T15:52:00,central,Kanjurmarg,Dadar,15,equipment_fault,medium
SIG002864,2025-10-07T02:29:00,western,Mahalaxmi,Kurla,27,signal_hold,low
SIG002865,2025-12-17T17:31:00,central,Bhandup,Dadar,18,route_conflict,high
SIG002866,2025-10-10T13:17:00,western,Dahisar,Kalyan,11,junction_congestion,high
SIG002867,2026-09-28T03:51:00,central,Kalyan,Thane,27,equipment_fault,low
SIG002868,2026-07-30T13:34:00,western,Virar,Wadala Road,22,route_conflict,medium
SIG002869,2026-06-25T21:36:00,harbour,Tilak Nagar,Kurla,29,signal_hold,low
SIG002870,2026-05-15T15:06:00,harbour,Sandhurst Road,Bandra,4,equipment_fault,high
SIG002871,2026-04-27T20:49:00,western,Ram Mandir,Thane,8,route_conflict,medium
SIG002872,2026-09-13T14:14:00,central,CSMT,Wadala Road,5,junction_congestion,low
SIG002873,2026-02-02T05:27:00,harbour,Cotton Green,Kurla,20,equipment_fault,high
SIG002874,2026-01-16T16:25:00,western,Prabhadevi,Kalyan,9,platform_occupancy,medium
SIG002875,2026-08-01T13:46:00,western,Charni Road,Thane,30,signal_hold,high
SIG002876,2026-05-03T01:07:00,western,Jogeshwari,Wadala Road,14,signal_hold,medium
SIG002877,2025-10-16T11:26:00,central,Sion,Kalyan,30,junction_congestion,medium
SIG002878,2026-08-14T00:39:00,harbour,Masjid,Wadala Road,23,signal_hold,low
SIG002879,2026-01-02T18:42:00,central,CSMT,Dadar,7,signal_hold,high
SIG002880,2026-02-25T22:51:00,central,Kanjurmarg,Kalyan,29,equipment_fault,low
SIG002881,2025-10-20T20:34:00,central,Parel,Andheri,15,signal_hold,medium
SIG002882,2026-03-04T23:53:00,western,Mahalaxmi,Bandra,7,platform_occupancy,medium
SIG002883,2026-06-17T01:58:00,western,Vasai Road,Kalyan,17,equipment_fault,low
SIG002884,2026-08-14T15:51:00,harbour,Dockyard Road,Kalyan,21,junction_congestion,medium
SIG002885,2026-01-12T20:02:00,harbour,Sewri,Wadala Road,27,platform_occupancy,medium
SIG002886,2025-10-30T09:01:00,western,Prabhadevi,Thane,29,equipment_fault,low
SIG002887,2026-08-22T19:24:00,western,Mahim,Thane,8,junction_congestion,high
SIG002888,2026-01-08T09:25:00,central,Byculla,Kurla,8,platform_occupancy,high
SIG002889,2025-12-30T09:27:00,western,Grant Road,Andheri,12,junction_congestion,high
SIG002890,2025-10-14T03:31:00,harbour,Masjid,Wadala Road,12,equipment_fault,high
SIG002891,2025-11-17T05:09:00,central,Vidyavihar,Wadala Road,6,signal_hold,high
SIG002892,2026-08-26T22:38:00,central,Mumbra,Bandra,6,junction_congestion,high
SIG002893,2026-08-03T08:55:00,harbour,Nerul,Bandra,13,platform_occupancy,high
SIG002894,2026-08-29T04:42:00,western,Virar,Wadala Road,10,route_conflict,high
SIG002895,2026-06-24T15:28:00,harbour,Chembur,Andheri,19,route_conflict,low
SIG002896,2026-05-29T13:21:00,harbour,Dockyard Road,Thane,1,equipment_fault,medium
SIG002897,2026-02-19T14:16:00,western,Virar,Kurla,4,route_conflict,low
SIG002898,2026-05-03T09:33:00,western,Bhayandar,Kalyan,13,equipment_fault,high
SIG002899,2025-11-09T21:13:00,central,Diva,Andheri,1,equipment_fault,medium
SIG002900,2026-01-21T20:50:00,central,Kopar,Dadar,15,junction_congestion,low
SIG002901,2026-08-18T20:19:00,western,Mira Road,Kurla,10,equipment_fault,high
SIG002902,2026-03-16T02:31:00,harbour,Seawoods-Darave,Kurla,11,equipment_fault,medium
SIG002903,2026-03-27T15:32:00,harbour,Reay Road,Andheri,29,equipment_fault,low
SIG002904,2026-04-26T07:31:00,western,Virar,Thane,14,signal_hold,low
SIG002905,2026-08-13T03:17:00,central,CSMT,Wadala Road,26,route_conflict,medium
SIG002906,2026-06-19T05:07:00,harbour,Kharghar,Kurla,14,platform_occupancy,low
SIG002907,2026-07-06T11:30:00,harbour,Chembur,Thane,14,signal_hold,low
SIG002908,2025-10-11T20:58:00,harbour,Vashi,Bandra,14,signal_hold,high
SIG002909,2026-01-15T02:35:00,western,Naigaon,Wadala Road,11,equipment_fault,medium
SIG002910,2025-12-27T12:24:00,central,Matunga,Bandra,9,junction_congestion,high
SIG002911,2026-01-17T11:07:00,western,Goregaon,Bandra,25,platform_occupancy,high
SIG002912,2026-04-16T23:49:00,harbour,Masjid,Bandra,1,route_conflict,medium
SIG002913,2026-03-12T22:02:00,western,Churchgate,Andheri,28,equipment_fault,medium
SIG002914,2026-07-12T11:30:00,central,Chinchpokli,Dadar,4,junction_congestion,high
SIG002915,2026-02-25T03:13:00,western,Charni Road,Andheri,7,equipment_fault,medium
SIG002916,2025-10-19T13:23:00,western,Charni Road,Kalyan,17,signal_hold,high
SIG002917,2026-04-22T08:11:00,western,Matunga Road,Andheri,20,signal_hold,high
SIG002918,2026-05-23T00:44:00,western,Vile Parle,Kalyan,25,route_conflict,high
SIG002919,2026-02-20T15:35:00,harbour,Mankhurd,Andheri,14,route_conflict,low
SIG002920,2026-06-26T05:34:00,western,Kandivali,Thane,9,signal_hold,medium
SIG002921,2026-08-17T20:54:00,central,Diva,Thane,13,route_conflict,low
SIG002922,2026-08-23T23:16:00,western,Mira Road,Kalyan,25,junction_congestion,high
SIG002923,2026-01-03T16:25:00,harbour,Reay Road,Thane,1,equipment_fault,low
SIG002924,2026-09-24T07:58:00,harbour,CBD Belapur,Bandra,16,junction_congestion,low
SIG002925,2026-01-26T05:11:00,harbour,Mansarovar,Wadala Road,3,platform_occupancy,low
SIG002926,2026-07-17T06:57:00,harbour,Kharghar,Wadala Road,9,signal_hold,low
SIG002927,2026-02-22T11:58:00,western,Vile Parle,Kurla,3,route_conflict,medium
SIG002928,2026-06-18T14:23:00,harbour,Cotton Green,Kurla,12,junction_congestion,low
SIG002929,2026-09-06T04:47:00,harbour,Sandhurst Road,Kalyan,1,route_conflict,low
SIG002930,2025-12-14T00:34:00,western,Malad,Kurla,1,junction_congestion,low
SIG002931,2026-03-09T09:02:00,central,Sion,Bandra,17,platform_occupancy,low
SIG002932,2026-09-06T14:08:00,central,Kalwa,Wadala Road,12,junction_congestion,low
SIG002933,2026-02-16T15:15:00,western,Vile Parle,Dadar,29,equipment_fault,medium
SIG002934,2026-05-12T14:55:00,central,Mumbra,Dadar,24,route_conflict,high
SIG002935,2026-05-24T05:13:00,western,Mumbai Central,Bandra,13,platform_occupancy,high
SIG002936,2025-11-01T07:30:00,western,Santacruz,Thane,10,signal_hold,low
SIG002937,2026-08-25T22:42:00,western,Borivali,Thane,27,signal_hold,medium
SIG002938,2026-09-08T12:48:00,harbour,Dockyard Road,Kurla,29,junction_congestion,high
SIG002939,2026-09-29T20:09:00,harbour,Sanpada,Kurla,30,route_conflict,low
SIG002940,2025-10-11T04:54:00,western,Kandivali,Dadar,29,junction_congestion,high
SIG002941,2026-02-10T19:31:00,western,Kandivali,Kurla,9,equipment_fault,medium
SIG002942,2026-02-02T23:16:00,harbour,Juinagar,Thane,24,junction_congestion,high
SIG002943,2026-08-15T21:23:00,western,Bhayandar,Kalyan,28,route_conflict,high
SIG002944,2026-03-26T23:14:00,western,Nalasopara,Wadala Road,6,equipment_fault,high
SIG002945,2026-05-20T21:10:00,central,CSMT,Thane,8,equipment_fault,medium
SIG002946,2025-10-17T16:31:00,central,Thakurli,Wadala Road,18,junction_congestion,medium
SIG002947,2025-12-26T15:35:00,central,Mulund,Andheri,2,junction_congestion,medium
SIG002948,2026-03-21T19:31:00,central,Thane,Bandra,26,route_conflict,low
SIG002949,2026-06-23T20:20:00,western,Khar Road,Wadala Road,5,signal_hold,high
SIG002950,2026-02-02T11:23:00,western,Prabhadevi,Andheri,12,platform_occupancy,high
SIG002951,2026-01-24T22:31:00,western,Khar Road,Andheri,28,platform_occupancy,low
SIG002952,2026-06-01T23:26:00,harbour,Mankhurd,Dadar,22,platform_occupancy,medium
SIG002953,2026-01-18T11:23:00,harbour,Sandhurst Road,Wadala Road,21,route_conflict,low
SIG002954,2026-01-10T00:43:00,central,Mumbra,Kalyan,15,equipment_fault,low
SIG002955,2026-04-14T12:40:00,western,Santacruz,Wadala Road,20,equipment_fault,medium
SIG002956,2025-10-12T18:31:00,western,Mumbai Central,Dadar,28,platform_occupancy,low
SIG002957,2026-03-17T08:01:00,harbour,Juinagar,Kalyan,24,equipment_fault,high
SIG002958,2026-04-01T14:32:00,harbour,Chunabhatti,Andheri,5,platform_occupancy,high
SIG002959,2026-06-03T22:06:00,harbour,Seawoods-Darave,Wadala Road,18,signal_hold,high
SIG002960,2025-12-01T04:15:00,central,Vikhroli,Kalyan,21,equipment_fault,high
SIG002961,2026-08-30T10:07:00,western,Dahisar,Andheri,15,signal_hold,medium
SIG002962,2026-02-08T08:59:00,western,Virar,Wadala Road,13,junction_congestion,medium
SIG002963,2026-09-13T18:41:00,western,Ram Mandir,Bandra,22,route_conflict,low
SIG002964,2026-08-26T03:23:00,central,Kanjurmarg,Bandra,3,equipment_fault,low
SIG002965,2026-09-01T23:39:00,central,Diva,Wadala Road,16,junction_congestion,high
SIG002966,2026-01-18T03:59:00,harbour,Nerul,Kalyan,17,junction_congestion,high
SIG002967,2026-01-21T01:51:00,western,Mahim,Wadala Road,19,route_conflict,medium
SIG002968,2025-10-28T19:14:00,harbour,Juinagar,Thane,22,equipment_fault,low
SIG002969,2026-07-18T05:55:00,harbour,Cotton Green,Andheri,21,route_conflict,medium
SIG002970,2025-11-07T18:31:00,harbour,Guru Tegh Bahadur Nagar,Dadar,22,platform_occupancy,medium
SIG002971,2026-07-05T09:23:00,harbour,Seawoods-Darave,Thane,22,junction_congestion,high
SIG002972,2025-10-28T21:37:00,western,Borivali,Dadar,6,platform_occupancy,high
SIG002973,2026-02-06T02:12:00,harbour,Kurla,Bandra,12,platform_occupancy,medium
SIG002974,2026-02-10T22:23:00,harbour,Chembur,Kalyan,19,junction_congestion,low
SIG002975,2026-01-11T04:52:00,central,Diva,Thane,6,route_conflict,high
SIG002976,2026-01-05T22:03:00,harbour,Juinagar,Andheri,19,platform_occupancy,medium
SIG002977,2026-03-11T19:10:00,western,Ram Mandir,Wadala Road,30,signal_hold,medium
SIG002978,2026-07-22T20:09:00,western,Dadar,Dadar,22,platform_occupancy,low
SIG002979,2026-06-04T01:01:00,harbour,Vashi,Kurla,30,platform_occupancy,medium
SIG002980,2026-01-31T02:24:00,harbour,Cotton Green,Kalyan,19,route_conflict,high
SIG002981,2026-03-11T20:27:00,central,Thane,Wadala Road,26,platform_occupancy,low
SIG002982,2026-03-12T18:52:00,harbour,Dockyard Road,Wadala Road,23,junction_congestion,medium
SIG002983,2026-06-24T08:53:00,western,Kandivali,Kalyan,17,platform_occupancy,medium
SIG002984,2026-05-25T04:53:00,western,Malad,Thane,25,junction_congestion,high
SIG002985,2026-04-28T05:00:00,central,Sion,Dadar,7,platform_occupancy,high
SIG002986,2025-12-27T08:45:00,harbour,Sanpada,Bandra,19,signal_hold,low
SIG002987,2026-09-16T09:52:00,harbour,Vashi,Kurla,2,route_conflict,high
SIG002988,2026-05-31T22:20:00,harbour,Wadala Road,Thane,26,signal_hold,low
SIG002989,2026-06-23T05:16:00,western,Khar Road,Thane,3,platform_occupancy,medium
SIG002990,2026-08-27T08:34:00,western,Mahim,Bandra,11,route_conflict,low
SIG002991,2026-03-07T17:17:00,harbour,Cotton Green,Thane,20,route_conflict,medium
SIG002992,2026-09-12T12:10:00,harbour,Sanpada,Dadar,8,junction_congestion,medium
SIG002993,2026-05-20T01:34:00,western,Churchgate,Wadala Road,9,route_conflict,high
SIG002994,2025-12-19T10:44:00,central,Chinchpokli,Dadar,25,platform_occupancy,low
SIG002995,2026-08-29T12:14:00,central,Diva,Wadala Road,4,equipment_fault,high
SIG002996,2026-09-10T08:18:00,harbour,Masjid,Wadala Road,24,route_conflict,medium
SIG002997,2025-10-05T21:33:00,central,Vikhroli,Kurla,8,equipment_fault,high
SIG002998,2026-06-11T15:16:00,central,Dadar,Kurla,30,platform_occupancy,high
SIG002999,2026-08-08T18:29:00,central,Byculla,Thane,28,equipment_fault,high
SIG003000,2026-07-30T13:36:00,central,Kalwa,Kalyan,9,platform_occupancy,low
SIG003001,2026-01-09T15:33:00,central,Thakurli,Thane,17,platform_occupancy,high
SIG003002,2026-04-22T14:36:00,harbour,CBD Belapur,Thane,24,equipment_fault,medium
SIG003003,2026-06-22T20:17:00,central,Thakurli,Bandra,20,platform_occupancy,low
SIG003004,2026-01-02T20:38:00,central,Diva,Dadar,3,junction_congestion,medium
SIG003005,2025-10-19T11:49:00,western,Nalasopara,Dadar,29,signal_hold,low
SIG003006,2026-01-22T13:18:00,central,Vikhroli,Andheri,8,equipment_fault,high
SIG003007,2026-03-19T00:03:00,western,Prabhadevi,Kurla,21,signal_hold,medium
SIG003008,2026-05-20T02:33:00,western,Lower Parel,Dadar,11,platform_occupancy,medium
SIG003009,2025-10-25T14:30:00,harbour,Sewri,Andheri,21,junction_congestion,high
SIG003010,2026-02-10T15:17:00,harbour,Dockyard Road,Thane,10,platform_occupancy,high
SIG003011,2026-07-06T22:35:00,central,Mumbra,Wadala Road,23,junction_congestion,low
SIG003012,2026-09-29T18:52:00,harbour,Wadala Road,Kalyan,15,junction_congestion,high
SIG003013,2026-05-02T02:44:00,harbour,Govandi,Kurla,24,signal_hold,low
SIG003014,2026-06-24T17:27:00,harbour,Khandeshwar,Andheri,6,platform_occupancy,medium
SIG003015,2026-03-02T07:10:00,western,Jogeshwari,Kurla,26,route_conflict,high
SIG003016,2025-12-17T02:03:00,harbour,Reay Road,Kurla,27,signal_hold,low
SIG003017,2026-02-23T18:25:00,harbour,Reay Road,Bandra,21,signal_hold,high
SIG003018,2026-05-10T23:58:00,harbour,Sandhurst Road,Dadar,13,signal_hold,low
SIG003019,2026-03-28T05:17:00,central,Kurla,Kalyan,6,route_conflict,high
SIG003020,2026-09-03T06:45:00,central,CSMT,Wadala Road,6,junction_congestion,medium
SIG003021,2025-12-03T10:02:00,harbour,Mankhurd,Kurla,26,route_conflict,medium
SIG003022,2026-09-15T13:59:00,central,Ghatkopar,Thane,24,platform_occupancy,high
SIG003023,2026-04-12T10:13:00,central,Parel,Kalyan,5,equipment_fault,low
SIG003024,2026-05-25T23:22:00,western,Malad,Dadar,17,junction_congestion,medium
SIG003025,2026-03-25T13:20:00,harbour,Dockyard Road,Kalyan,2,equipment_fault,low
SIG003026,2026-08-17T01:27:00,western,Kandivali,Kalyan,6,signal_hold,medium
SIG003027,2026-03-06T14:35:00,western,Vile Parle,Bandra,23,route_conflict,high
SIG003028,2026-02-13T13:10:00,western,Mahim,Kurla,6,route_conflict,high
SIG003029,2026-03-05T21:38:00,harbour,Govandi,Kurla,4,junction_congestion,medium
SIG003030,2025-11-24T21:03:00,harbour,Chunabhatti,Kurla,18,equipment_fault,low
SIG003031,2026-03-22T04:20:00,western,Mahim,Andheri,12,route_conflict,high
SIG003032,2026-02-25T22:56:00,central,Kalwa,Thane,9,junction_congestion,low
SIG003033,2026-09-22T03:41:00,harbour,CBD Belapur,Kalyan,24,junction_congestion,low
SIG003034,2026-01-26T15:29:00,central,Vidyavihar,Kurla,1,equipment_fault,medium
SIG003035,2026-04-09T01:58:00,central,Mumbra,Bandra,25,junction_congestion,high
SIG003036,2025-12-24T19:36:00,western,Virar,Kalyan,20,equipment_fault,medium
SIG003037,2025-10-02T22:58:00,western,Goregaon,Kurla,15,signal_hold,low
SIG003038,2025-11-10T08:50:00,central,Sion,Andheri,29,equipment_fault,medium
SIG003039,2026-09-28T09:57:00,harbour,Dockyard Road,Kurla,16,platform_occupancy,low
SIG003040,2026-03-26T23:12:00,western,Mumbai Central,Dadar,26,signal_hold,low
SIG003041,2026-06-23T06:43:00,central,Kalyan,Bandra,24,signal_hold,high
SIG003042,2026-02-15T05:14:00,western,Marine Lines,Dadar,9,equipment_fault,medium
SIG003043,2026-09-05T00:59:00,harbour,Sanpada,Wadala Road,28,equipment_fault,medium
SIG003044,2026-06-12T08:41:00,harbour,Sewri,Andheri,24,platform_occupancy,high
SIG003045,2026-06-18T05:23:00,western,Prabhadevi,Andheri,18,junction_congestion,low
SIG003046,2025-10-30T10:42:00,western,Churchgate,Thane,10,route_conflict,medium
SIG003047,2025-11-29T17:13:00,harbour,Nerul,Thane,4,junction_congestion,low
SIG003048,2026-06-10T14:17:00,western,Lower Parel,Bandra,24,equipment_fault,low
SIG003049,2025-10-17T15:10:00,western,Kandivali,Wadala Road,6,equipment_fault,high
SIG003050,2026-06-11T14:04:00,harbour,CSMT,Dadar,10,route_conflict,medium
SIG003051,2026-04-20T20:08:00,harbour,Khandeshwar,Wadala Road,7,signal_hold,high
SIG003052,2026-02-20T23:09:00,western,Goregaon,Kalyan,16,signal_hold,low
SIG003053,2026-09-29T23:46:00,western,Malad,Dadar,5,junction_congestion,low
SIG003054,2026-01-18T21:43:00,harbour,Reay Road,Dadar,7,route_conflict,low
SIG003055,2026-09-01T05:06:00,central,Nahur,Bandra,22,route_conflict,low
SIG003056,2025-12-23T20:40:00,harbour,Panvel,Andheri,22,signal_hold,low
SIG003057,2025-12-22T01:44:00,central,Kanjurmarg,Dadar,5,route_conflict,low
SIG003058,2025-12-28T01:52:00,harbour,Khandeshwar,Dadar,15,route_conflict,high
SIG003059,2026-06-07T17:17:00,harbour,Khandeshwar,Wadala Road,25,junction_congestion,low
SIG003060,2026-02-22T03:27:00,harbour,Khandeshwar,Andheri,7,signal_hold,medium
SIG003061,2026-02-18T03:12:00,central,Kanjurmarg,Thane,7,equipment_fault,low
SIG003062,2026-02-08T05:24:00,central,Kopar,Andheri,26,platform_occupancy,high
SIG003063,2025-12-15T11:03:00,western,Bhayandar,Bandra,10,route_conflict,low
SIG003064,2025-12-05T14:37:00,central,CSMT,Bandra,18,junction_congestion,high
SIG003065,2026-01-11T09:21:00,central,CSMT,Wadala Road,22,platform_occupancy,low
SIG003066,2026-01-18T07:40:00,harbour,Chunabhatti,Kalyan,5,signal_hold,high
SIG003067,2026-02-19T00:20:00,harbour,Tilak Nagar,Thane,24,junction_congestion,low
SIG003068,2025-10-01T21:36:00,western,Dahisar,Andheri,19,equipment_fault,medium
SIG003069,2026-01-02T08:30:00,harbour,Nerul,Kalyan,27,signal_hold,low
SIG003070,2026-03-16T15:40:00,central,Currey Road,Kurla,9,route_conflict,medium
SIG003071,2026-06-19T10:15:00,harbour,Kurla,Wadala Road,12,junction_congestion,medium
SIG003072,2026-01-03T21:44:00,western,Nalasopara,Dadar,9,signal_hold,high
SIG003073,2026-01-22T17:16:00,western,Mumbai Central,Kalyan,30,signal_hold,medium
SIG003074,2025-12-29T15:33:00,central,Diva,Kurla,16,route_conflict,high
SIG003075,2026-09-26T08:15:00,central,Byculla,Kurla,20,equipment_fault,low
SIG003076,2026-08-19T15:59:00,harbour,Khandeshwar,Dadar,14,junction_congestion,high
SIG003077,2025-10-17T07:07:00,central,Sion,Kurla,5,platform_occupancy,high
SIG003078,2025-12-17T22:39:00,central,Ghatkopar,Thane,28,route_conflict,high
SIG003079,2025-10-06T12:25:00,western,Dahisar,Andheri,28,platform_occupancy,low
SIG003080,2026-03-31T19:46:00,western,Grant Road,Dadar,20,platform_occupancy,medium
SIG003081,2026-09-27T10:59:00,harbour,Panvel,Andheri,15,platform_occupancy,medium
SIG003082,2026-05-13T11:13:00,harbour,Sandhurst Road,Thane,15,equipment_fault,high
SIG003083,2026-06-11T10:18:00,central,Vidyavihar,Kalyan,27,route_conflict,low
SIG003084,2026-04-01T23:27:00,central,Currey Road,Kurla,27,platform_occupancy,medium
SIG003085,2026-08-13T03:55:00,western,Grant Road,Dadar,18,signal_hold,low
SIG003086,2025-12-29T07:14:00,western,Lower Parel,Dadar,26,junction_congestion,high
SIG003087,2026-03-17T08:56:00,western,Vile Parle,Kalyan,9,signal_hold,medium
SIG003088,2026-01-26T20:57:00,central,Thane,Dadar,18,signal_hold,high
SIG003089,2025-12-10T22:41:00,harbour,Kharghar,Thane,15,signal_hold,low
SIG003090,2025-10-23T04:42:00,harbour,Dockyard Road,Thane,23,signal_hold,medium
SIG003091,2025-12-01T11:36:00,western,Jogeshwari,Dadar,14,junction_congestion,low
SIG003092,2026-03-29T11:57:00,western,Vile Parle,Andheri,8,platform_occupancy,low
SIG003093,2025-11-04T19:20:00,central,Vikhroli,Wadala Road,9,junction_congestion,medium
SIG003094,2026-02-23T06:25:00,central,Dadar,Dadar,23,route_conflict,low
SIG003095,2025-10-13T16:36:00,harbour,Govandi,Kurla,12,equipment_fault,high
SIG003096,2026-06-16T17:54:00,central,Bhandup,Andheri,14,equipment_fault,medium
SIG003097,2026-09-27T07:16:00,western,Lower Parel,Dadar,18,signal_hold,medium
SIG003098,2026-02-22T21:09:00,harbour,Panvel,Kurla,20,junction_congestion,low
SIG003099,2026-08-17T00:24:00,central,Bhandup,Kalyan,14,route_conflict,low
SIG003100,2026-06-15T05:12:00,harbour,Sandhurst Road,Wadala Road,8,route_conflict,high
SIG003101,2026-09-11T21:17:00,western,Marine Lines,Dadar,9,junction_congestion,medium
SIG003102,2026-08-06T21:15:00,western,Matunga Road,Thane,21,equipment_fault,low
SIG003103,2025-11-19T09:05:00,western,Marine Lines,Kalyan,19,junction_congestion,high
SIG003104,2026-09-06T07:41:00,western,Dadar,Dadar,1,platform_occupancy,high
SIG003105,2026-03-21T19:33:00,harbour,Panvel,Wadala Road,3,equipment_fault,high
SIG003106,2026-04-15T06:50:00,harbour,CSMT,Thane,8,signal_hold,medium
SIG003107,2026-02-03T08:01:00,western,Dadar,Wadala Road,20,equipment_fault,low
SIG003108,2026-05-05T17:26:00,harbour,Seawoods-Darave,Bandra,16,junction_congestion,high
SIG003109,2026-09-24T20:43:00,harbour,Wadala Road,Andheri,3,route_conflict,medium
SIG003110,2026-08-16T16:23:00,harbour,Dockyard Road,Bandra,14,junction_congestion,high
SIG003111,2026-05-02T01:50:00,western,Santacruz,Kalyan,4,route_conflict,low
SIG003112,2026-09-19T03:12:00,central,Byculla,Kalyan,16,equipment_fault,medium
SIG003113,2026-03-30T18:20:00,western,Vasai Road,Kurla,25,platform_occupancy,medium
SIG003114,2026-02-11T06:25:00,western,Mira Road,Andheri,17,equipment_fault,high
SIG003115,2026-04-29T12:29:00,harbour,Nerul,Dadar,20,junction_congestion,low
SIG003116,2025-11-18T18:49:00,harbour,Guru Tegh Bahadur Nagar,Kurla,29,junction_congestion,high
SIG003117,2026-01-10T15:06:00,western,Lower Parel,Kalyan,2,equipment_fault,medium
SIG003118,2026-02-02T21:40:00,western,Charni Road,Kalyan,2,route_conflict,high
SIG003119,2025-10-20T23:21:00,harbour,Kharghar,Andheri,9,signal_hold,high
SIG003120,2025-11-30T22:33:00,western,Bandra,Andheri,23,equipment_fault,high
SIG003121,2026-08-23T15:30:00,western,Virar,Dadar,3,junction_congestion,low
SIG003122,2026-04-30T00:02:00,harbour,Sanpada,Dadar,27,signal_hold,high
SIG003123,2026-07-18T13:03:00,central,Vidyavihar,Wadala Road,5,route_conflict,low
SIG003124,2026-08-25T14:53:00,central,Thane,Wadala Road,24,route_conflict,high
SIG003125,2026-08-17T15:44:00,harbour,Tilak Nagar,Kalyan,30,signal_hold,high
SIG003126,2026-02-03T15:58:00,western,Naigaon,Dadar,9,equipment_fault,low
SIG003127,2026-08-01T22:50:00,central,Ghatkopar,Kalyan,22,signal_hold,low
SIG003128,2026-02-15T13:31:00,central,Mumbra,Dadar,10,equipment_fault,medium
SIG003129,2025-12-06T15:08:00,harbour,Kharghar,Dadar,30,route_conflict,high
SIG003130,2026-09-29T20:37:00,harbour,Nerul,Thane,26,route_conflict,high
SIG003131,2026-08-05T08:45:00,harbour,Sanpada,Kurla,15,junction_congestion,high
SIG003132,2026-09-13T10:33:00,harbour,CBD Belapur,Dadar,9,signal_hold,high
SIG003133,2026-06-16T05:48:00,western,Dahisar,Dadar,9,signal_hold,high
SIG003134,2026-08-05T09:35:00,western,Bandra,Kalyan,2,junction_congestion,high
SIG003135,2026-03-30T16:03:00,western,Andheri,Thane,22,equipment_fault,high
SIG003136,2026-03-13T04:58:00,central,Kalyan,Kalyan,12,signal_hold,medium
SIG003137,2026-07-17T22:19:00,western,Matunga Road,Andheri,2,equipment_fault,medium
SIG003138,2026-04-25T02:28:00,harbour,Chembur,Kalyan,18,route_conflict,high
SIG003139,2026-04-11T20:15:00,harbour,Govandi,Dadar,9,junction_congestion,high
SIG003140,2026-05-16T11:28:00,western,Charni Road,Kalyan,1,route_conflict,high
SIG003141,2026-06-04T03:17:00,western,Khar Road,Kurla,6,platform_occupancy,high
SIG003142,2026-03-27T01:29:00,harbour,Govandi,Thane,18,equipment_fault,low
SIG003143,2025-10-01T05:59:00,harbour,Nerul,Bandra,25,route_conflict,medium
SIG003144,2026-07-19T08:47:00,harbour,Mansarovar,Wadala Road,8,equipment_fault,low
SIG003145,2026-08-14T10:02:00,western,Dadar,Kalyan,16,route_conflict,high
SIG003146,2026-08-21T03:59:00,harbour,Nerul,Dadar,14,signal_hold,high
SIG003147,2025-11-16T04:10:00,western,Matunga Road,Dadar,7,signal_hold,high
SIG003148,2026-03-30T19:05:00,central,Dombivli,Bandra,20,route_conflict,low
SIG003149,2026-07-24T15:28:00,western,Prabhadevi,Kurla,16,junction_congestion,low
SIG003150,2026-06-06T20:08:00,western,Prabhadevi,Dadar,30,platform_occupancy,medium
SIG003151,2025-12-08T17:40:00,central,Ghatkopar,Bandra,27,signal_hold,low
SIG003152,2026-06-20T08:58:00,central,Vidyavihar,Kalyan,5,platform_occupancy,low
SIG003153,2025-12-10T21:30:00,central,Ghatkopar,Andheri,2,route_conflict,high
SIG003154,2026-04-29T13:18:00,central,CSMT,Bandra,19,junction_congestion,medium
SIG003155,2025-11-16T00:08:00,central,Kalyan,Kalyan,29,signal_hold,high
SIG003156,2026-01-01T07:35:00,harbour,Guru Tegh Bahadur Nagar,Wadala Road,18,equipment_fault,high
SIG003157,2025-10-31T11:02:00,harbour,Juinagar,Andheri,1,junction_congestion,medium
SIG003158,2026-01-14T22:06:00,western,Dadar,Dadar,15,platform_occupancy,medium
SIG003159,2025-12-16T03:46:00,western,Vasai Road,Thane,20,route_conflict,medium
SIG003160,2026-07-02T04:22:00,central,Kalwa,Kalyan,20,equipment_fault,high
SIG003161,2026-03-31T07:10:00,harbour,Nerul,Kalyan,23,equipment_fault,high
SIG003162,2026-08-17T15:36:00,central,Thane,Kalyan,19,platform_occupancy,high
SIG003163,2025-12-05T18:02:00,central,Ghatkopar,Wadala Road,9,platform_occupancy,high
SIG003164,2025-11-05T21:35:00,western,Grant Road,Wadala Road,5,equipment_fault,high
SIG003165,2026-02-09T11:53:00,western,Nalasopara,Andheri,25,junction_congestion,medium
SIG003166,2026-03-29T10:05:00,harbour,Chembur,Andheri,2,platform_occupancy,low
SIG003167,2025-11-21T06:02:00,central,Chinchpokli,Kalyan,22,signal_hold,low
SIG003168,2026-07-15T13:07:00,western,Santacruz,Thane,8,junction_congestion,high
SIG003169,2025-12-31T13:52:00,western,Jogeshwari,Wadala Road,9,platform_occupancy,medium
SIG003170,2025-11-10T15:22:00,central,Mulund,Dadar,2,signal_hold,high
SIG003171,2026-05-08T06:40:00,western,Matunga Road,Wadala Road,19,platform_occupancy,low
SIG003172,2025-11-04T04:39:00,central,Kanjurmarg,Kalyan,22,platform_occupancy,high
SIG003173,2026-08-13T16:34:00,central,Mulund,Kalyan,2,platform_occupancy,medium
SIG003174,2026-04-09T21:04:00,western,Churchgate,Bandra,26,platform_occupancy,medium
SIG003175,2026-08-05T10:47:00,central,Mulund,Bandra,15,platform_occupancy,high
SIG003176,2025-10-22T06:01:00,harbour,Mankhurd,Bandra,10,platform_occupancy,low
SIG003177,2026-02-18T00:28:00,harbour,Seawoods-Darave,Dadar,14,route_conflict,low
SIG003178,2026-06-27T01:59:00,central,Kanjurmarg,Kalyan,26,route_conflict,high
SIG003179,2026-02-12T05:19:00,central,Ghatkopar,Andheri,10,signal_hold,low
SIG003180,2026-07-16T17:10:00,harbour,Kurla,Wadala Road,20,platform_occupancy,low
SIG003181,2025-11-09T02:27:00,western,Dahisar,Andheri,14,route_conflict,low
SIG003182,2025-12-26T05:26:00,western,Mumbai Central,Thane,6,junction_congestion,medium
SIG003183,2026-09-14T08:01:00,harbour,Kharghar,Kalyan,10,junction_congestion,low
SIG003184,2026-05-19T02:35:00,harbour,Sandhurst Road,Kalyan,1,signal_hold,low
SIG003185,2026-02-06T19:09:00,central,Thakurli,Dadar,3,platform_occupancy,high
SIG003186,2026-04-01T22:03:00,harbour,Sanpada,Andheri,13,signal_hold,low
SIG003187,2025-10-11T22:23:00,western,Andheri,Wadala Road,17,junction_congestion,medium
SIG003188,2026-09-26T02:36:00,harbour,Reay Road,Kurla,28,signal_hold,low
SIG003189,2026-06-18T22:52:00,central,CSMT,Bandra,9,junction_congestion,low
SIG003190,2026-07-25T11:54:00,central,Dadar,Andheri,26,junction_congestion,low
SIG003191,2026-01-16T05:48:00,harbour,Dockyard Road,Kurla,2,route_conflict,high
SIG003192,2026-04-01T22:32:00,western,Mira Road,Bandra,29,junction_congestion,medium
SIG003193,2026-03-16T00:10:00,central,Vikhroli,Andheri,19,junction_congestion,high
SIG003194,2025-11-05T00:29:00,central,Kalwa,Thane,27,route_conflict,medium
SIG003195,2026-04-11T18:26:00,harbour,Cotton Green,Thane,5,signal_hold,high
SIG003196,2026-03-19T08:17:00,harbour,Kurla,Thane,12,platform_occupancy,low
SIG003197,2025-10-23T21:22:00,harbour,Govandi,Thane,10,platform_occupancy,medium
SIG003198,2026-09-06T05:19:00,central,Kalyan,Kurla,28,route_conflict,low
SIG003199,2025-12-21T02:55:00,western,Lower Parel,Kurla,30,junction_congestion,medium
SIG003200,2026-09-23T17:16:00,harbour,Seawoods-Darave,Andheri,27,signal_hold,medium
SIG003201,2026-08-16T05:23:00,central,Matunga,Kurla,22,platform_occupancy,high
SIG003202,2026-01-30T03:18:00,central,Dadar,Dadar,7,equipment_fault,high
SIG003203,2026-07-04T08:21:00,harbour,Cotton Green,Bandra,3,junction_congestion,medium
SIG003204,2025-10-10T04:28:00,harbour,Juinagar,Dadar,26,signal_hold,high
SIG003205,2026-07-09T19:44:00,western,Vasai Road,Dadar,9,platform_occupancy,high
SIG003206,2026-02-19T12:43:00,western,Khar Road,Wadala Road,26,route_conflict,medium
SIG003207,2026-01-14T11:01:00,central,Diva,Kurla,11,route_conflict,medium
SIG003208,2025-10-09T14:29:00,western,Nalasopara,Bandra,23,signal_hold,high
SIG003209,2025-11-20T08:01:00,harbour,Chembur,Kalyan,16,equipment_fault,medium
SIG003210,2025-11-18T18:13:00,central,Vikhroli,Kurla,9,platform_occupancy,medium
SIG003211,2026-06-19T18:05:00,central,Kurla,Kalyan,2,equipment_fault,low
SIG003212,2026-06-21T07:58:00,harbour,Sandhurst Road,Kalyan,20,equipment_fault,low
SIG003213,2026-08-24T22:11:00,harbour,Juinagar,Dadar,1,platform_occupancy,low
SIG003214,2025-12-29T19:23:00,western,Ram Mandir,Kalyan,17,equipment_fault,high
SIG003215,2026-04-05T00:25:00,harbour,Khandeshwar,Kalyan,26,equipment_fault,high
SIG003216,2026-08-06T21:38:00,harbour,Sanpada,Wadala Road,25,route_conflict,high
SIG003217,2025-11-14T08:40:00,central,Ghatkopar,Kalyan,19,route_conflict,medium
SIG003218,2025-12-16T04:57:00,central,Nahur,Andheri,5,platform_occupancy,medium
SIG003219,2026-03-19T08:07:00,western,Naigaon,Dadar,28,equipment_fault,high
SIG003220,2026-07-05T16:22:00,harbour,Guru Tegh Bahadur Nagar,Kurla,9,route_conflict,low
SIG003221,2026-03-14T20:20:00,harbour,Mankhurd,Kurla,17,route_conflict,low
SIG003222,2025-12-15T03:36:00,western,Grant Road,Andheri,22,equipment_fault,medium
SIG003223,2025-10-22T21:44:00,central,Dadar,Wadala Road,7,route_conflict,high
SIG003224,2025-11-05T22:54:00,harbour,Nerul,Wadala Road,30,route_conflict,low
SIG003225,2026-01-15T02:23:00,western,Marine Lines,Bandra,4,signal_hold,low
SIG003226,2026-03-17T11:52:00,western,Virar,Dadar,1,signal_hold,high
SIG003227,2026-07-09T00:47:00,central,Bhandup,Kalyan,4,signal_hold,low
SIG003228,2026-09-16T03:24:00,harbour,Chembur,Dadar,1,equipment_fault,low
SIG003229,2026-05-04T03:44:00,western,Bandra,Kalyan,26,signal_hold,medium
SIG003230,2025-11-14T22:29:00,harbour,Wadala Road,Wadala Road,10,platform_occupancy,high
SIG003231,2026-03-27T15:39:00,harbour,Sandhurst Road,Wadala Road,17,signal_hold,medium
SIG003232,2026-04-20T05:48:00,central,Kalwa,Andheri,5,route_conflict,medium
SIG003233,2026-05-14T05:56:00,central,Mumbra,Thane,27,signal_hold,low
SIG003234,2025-10-03T15:47:00,western,Mira Road,Bandra,1,junction_congestion,medium
SIG003235,2026-02-10T19:18:00,western,Bandra,Bandra,27,platform_occupancy,medium
SIG003236,2026-07-04T02:48:00,central,Chinchpokli,Thane,1,signal_hold,medium
SIG003237,2026-08-12T04:36:00,harbour,Chembur,Kalyan,9,signal_hold,low
SIG003238,2025-10-10T11:55:00,harbour,Chembur,Thane,10,signal_hold,high
SIG003239,2025-12-05T18:02:00,harbour,Wadala Road,Thane,1,junction_congestion,high
SIG003240,2026-05-24T21:06:00,western,Khar Road,Wadala Road,27,equipment_fault,medium
SIG003241,2026-09-07T19:56:00,western,Jogeshwari,Wadala Road,1,platform_occupancy,high
SIG003242,2026-02-19T17:42:00,central,Bhandup,Wadala Road,7,platform_occupancy,high
SIG003243,2026-01-11T13:07:00,central,Kalwa,Andheri,19,equipment_fault,high
SIG003244,2026-07-23T02:22:00,western,Khar Road,Wadala Road,15,signal_hold,high
SIG003245,2026-03-20T10:50:00,harbour,Govandi,Wadala Road,18,equipment_fault,high
SIG003246,2025-12-26T03:40:00,central,Thane,Andheri,22,junction_congestion,high
SIG003247,2025-11-22T21:36:00,central,CSMT,Thane,26,equipment_fault,medium
SIG003248,2026-02-09T12:23:00,central,Nahur,Bandra,3,equipment_fault,medium
SIG003249,2026-07-02T13:30:00,western,Dahisar,Wadala Road,8,route_conflict,low
SIG003250,2025-12-03T08:00:00,western,Santacruz,Andheri,25,platform_occupancy,medium
SIG003251,2026-02-14T00:04:00,central,CSMT,Thane,3,equipment_fault,low
SIG003252,2026-06-26T08:46:00,western,Charni Road,Bandra,15,platform_occupancy,medium
SIG003253,2026-05-17T21:44:00,western,Vile Parle,Kalyan,15,platform_occupancy,high
SIG003254,2025-12-05T16:34:00,harbour,Khandeshwar,Kurla,16,platform_occupancy,medium
SIG003255,2026-02-12T14:58:00,western,Grant Road,Wadala Road,22,equipment_fault,low
SIG003256,2026-04-23T03:08:00,western,Malad,Andheri,19,junction_congestion,low
SIG003257,2026-08-14T07:09:00,central,Dadar,Kurla,5,equipment_fault,medium
SIG003258,2026-06-01T09:44:00,harbour,Nerul,Dadar,15,signal_hold,high
SIG003259,2026-04-11T11:34:00,harbour,Khandeshwar,Thane,9,route_conflict,low
SIG003260,2026-06-10T09:28:00,harbour,Chunabhatti,Thane,16,signal_hold,medium
SIG003261,2026-08-13T20:13:00,harbour,Reay Road,Dadar,28,equipment_fault,low
SIG003262,2025-12-31T23:45:00,central,Mulund,Bandra,1,equipment_fault,low
SIG003263,2025-11-06T05:59:00,western,Kandivali,Kalyan,8,platform_occupancy,medium
SIG003264,2026-04-19T07:52:00,western,Vile Parle,Kurla,7,route_conflict,medium
SIG003265,2026-09-08T05:53:00,western,Jogeshwari,Kurla,30,equipment_fault,high
SIG003266,2026-05-27T21:56:00,harbour,Guru Tegh Bahadur Nagar,Dadar,2,signal_hold,medium
SIG003267,2026-02-11T02:06:00,western,Dahisar,Thane,23,junction_congestion,low
SIG003268,2025-12-05T14:25:00,western,Santacruz,Dadar,13,equipment_fault,medium
SIG003269,2025-10-05T13:10:00,central,Chinchpokli,Dadar,26,platform_occupancy,high
SIG003270,2025-11-12T23:07:00,western,Grant Road,Wadala Road,12,signal_hold,high
SIG003271,2026-02-07T14:46:00,central,Currey Road,Bandra,22,signal_hold,medium
SIG003272,2026-02-13T09:21:00,central,Chinchpokli,Andheri,29,signal_hold,high
SIG003273,2026-06-22T03:07:00,western,Vasai Road,Bandra,26,junction_congestion,low
SIG003274,2026-01-08T03:38:00,western,Marine Lines,Dadar,15,signal_hold,medium
SIG003275,2026-05-17T13:58:00,harbour,CSMT,Dadar,16,platform_occupancy,high
SIG003276,2025-12-03T01:51:00,harbour,Nerul,Bandra,10,equipment_fault,high
SIG003277,2026-05-27T06:44:00,harbour,Chunabhatti,Kurla,26,route_conflict,high
SIG003278,2026-09-07T00:34:00,central,Mumbra,Wadala Road,19,route_conflict,medium
SIG003279,2026-06-08T22:33:00,western,Malad,Thane,9,junction_congestion,low
SIG003280,2026-07-29T01:01:00,harbour,Sandhurst Road,Wadala Road,26,equipment_fault,low
SIG003281,2026-09-11T06:06:00,western,Naigaon,Thane,26,equipment_fault,low
SIG003282,2026-03-05T06:14:00,harbour,Panvel,Dadar,2,platform_occupancy,medium
SIG003283,2025-11-03T01:29:00,western,Bandra,Bandra,18,equipment_fault,medium
SIG003284,2026-03-11T11:52:00,harbour,Cotton Green,Dadar,15,platform_occupancy,low
SIG003285,2026-06-20T02:27:00,central,Kurla,Wadala Road,25,route_conflict,medium
SIG003286,2026-01-19T05:37:00,central,Thane,Dadar,13,platform_occupancy,high
SIG003287,2026-08-14T01:32:00,western,Mira Road,Kalyan,15,route_conflict,high
SIG003288,2026-03-09T11:48:00,harbour,Guru Tegh Bahadur Nagar,Thane,30,equipment_fault,high
SIG003289,2026-02-20T03:55:00,harbour,Chunabhatti,Kurla,11,route_conflict,medium
SIG003290,2026-05-05T22:26:00,central,Parel,Wadala Road,2,platform_occupancy,medium
SIG003291,2025-11-08T15:31:00,central,Nahur,Thane,23,signal_hold,medium
SIG003292,2026-06-20T05:18:00,central,Diva,Thane,12,signal_hold,medium
SIG003293,2026-07-17T03:13:00,western,Lower Parel,Wadala Road,6,signal_hold,high
SIG003294,2025-10-25T18:26:00,harbour,Kurla,Bandra,11,signal_hold,low
SIG003295,2026-09-25T06:31:00,harbour,Mansarovar,Thane,24,signal_hold,high
SIG003296,2025-12-14T01:37:00,western,Grant Road,Dadar,4,junction_congestion,high
SIG003297,2026-07-10T11:02:00,western,Malad,Andheri,1,route_conflict,medium
SIG003298,2026-05-03T18:18:00,harbour,Mankhurd,Andheri,13,signal_hold,high
SIG003299,2026-02-06T23:52:00,western,Kandivali,Dadar,13,equipment_fault,medium
SIG003300,2026-03-20T06:05:00,central,Kurla,Andheri,3,route_conflict,low
SIG003301,2025-11-30T05:09:00,harbour,Reay Road,Kurla,15,platform_occupancy,high
SIG003302,2026-06-18T05:02:00,western,Churchgate,Kurla,28,junction_congestion,high
SIG003303,2025-11-06T23:20:00,western,Mahim,Dadar,11,route_conflict,high
SIG003304,2026-02-11T07:46:00,central,Kopar,Andheri,22,equipment_fault,medium
SIG003305,2026-08-17T12:15:00,harbour,Seawoods-Darave,Thane,2,junction_congestion,medium
SIG003306,2025-11-01T21:54:00,central,Currey Road,Bandra,15,route_conflict,low
SIG003307,2026-09-03T15:40:00,harbour,Juinagar,Dadar,30,platform_occupancy,high
SIG003308,2026-06-24T15:03:00,harbour,CSMT,Kurla,22,signal_hold,low
SIG003309,2025-10-08T01:55:00,central,Vidyavihar,Andheri,20,route_conflict,medium
SIG003310,2025-10-09T21:17:00,western,Dahisar,Wadala Road,4,signal_hold,medium
SIG003311,2026-06-11T13:24:00,western,Marine Lines,Kurla,14,signal_hold,high
SIG003312,2026-04-25T22:57:00,western,Charni Road,Wadala Road,10,equipment_fault,low
SIG003313,2026-03-11T04:55:00,harbour,Kurla,Wadala Road,20,route_conflict,high
SIG003314,2026-06-19T13:01:00,central,Sion,Thane,22,equipment_fault,medium
SIG003315,2026-01-15T16:24:00,western,Bandra,Kalyan,3,signal_hold,low
SIG003316,2026-07-24T18:34:00,central,Mumbra,Wadala Road,1,signal_hold,medium
SIG003317,2026-08-09T00:06:00,harbour,Masjid,Dadar,18,junction_congestion,high
SIG003318,2026-08-16T20:08:00,central,Kurla,Dadar,25,route_conflict,medium
SIG003319,2026-09-30T18:48:00,central,Thakurli,Andheri,5,route_conflict,high
SIG003320,2026-02-19T03:41:00,harbour,Chunabhatti,Thane,19,platform_occupancy,low
SIG003321,2025-10-15T22:27:00,western,Khar Road,Kalyan,15,junction_congestion,low
SIG003322,2026-06-01T08:07:00,central,CSMT,Kurla,6,platform_occupancy,low
SIG003323,2025-11-23T01:38:00,central,Matunga,Kalyan,11,platform_occupancy,low
SIG003324,2026-07-12T20:04:00,western,Matunga Road,Dadar,15,equipment_fault,medium
SIG003325,2026-02-11T19:37:00,harbour,Masjid,Andheri,6,equipment_fault,high
SIG003326,2026-01-17T19:51:00,western,Naigaon,Kurla,10,platform_occupancy,low
SIG003327,2025-11-20T18:51:00,western,Mira Road,Bandra,2,equipment_fault,low
SIG003328,2026-08-04T02:42:00,harbour,Masjid,Thane,8,signal_hold,high
SIG003329,2026-07-29T11:15:00,harbour,Guru Tegh Bahadur Nagar,Kurla,1,route_conflict,low
SIG003330,2025-12-04T08:39:00,central,Kanjurmarg,Kalyan,8,route_conflict,high
SIG003331,2025-10-05T17:30:00,central,Dombivli,Thane,30,junction_congestion,medium
SIG003332,2026-08-25T12:22:00,central,Mumbra,Bandra,6,signal_hold,low
SIG003333,2026-08-05T09:09:00,central,Dadar,Kalyan,2,route_conflict,low
SIG003334,2026-08-02T03:57:00,harbour,Cotton Green,Bandra,1,route_conflict,medium
SIG003335,2026-06-27T10:59:00,central,Thane,Kurla,3,platform_occupancy,medium
SIG003336,2026-09-03T09:55:00,western,Dahisar,Wadala Road,5,signal_hold,medium
SIG003337,2025-12-23T09:38:00,western,Naigaon,Thane,27,route_conflict,low
SIG003338,2025-10-05T10:56:00,western,Lower Parel,Kalyan,23,route_conflict,low
SIG003339,2026-02-02T10:59:00,western,Bandra,Wadala Road,26,signal_hold,high
SIG003340,2026-09-21T22:58:00,harbour,CSMT,Andheri,12,equipment_fault,low
SIG003341,2026-08-12T20:03:00,western,Bhayandar,Dadar,17,junction_congestion,low
SIG003342,2026-06-28T11:10:00,central,Kalwa,Wadala Road,3,equipment_fault,medium
SIG003343,2026-09-03T16:37:00,harbour,Vashi,Kurla,23,signal_hold,medium
SIG003344,2025-11-02T08:56:00,harbour,Masjid,Bandra,25,platform_occupancy,low
SIG003345,2026-09-14T14:45:00,harbour,Panvel,Bandra,23,equipment_fault,low
SIG003346,2025-11-18T21:51:00,harbour,Chembur,Wadala Road,5,equipment_fault,high
SIG003347,2026-09-15T05:28:00,western,Naigaon,Wadala Road,9,platform_occupancy,medium
SIG003348,2025-11-08T21:35:00,harbour,Dockyard Road,Wadala Road,5,route_conflict,high
SIG003349,2026-09-13T04:11:00,western,Churchgate,Dadar,6,equipment_fault,low
SIG003350,2026-05-03T11:33:00,harbour,Reay Road,Andheri,30,route_conflict,low
SIG003351,2026-01-22T05:20:00,western,Dadar,Dadar,9,platform_occupancy,medium
SIG003352,2026-04-21T23:42:00,harbour,Sewri,Andheri,5,equipment_fault,high
SIG003353,2025-12-19T21:15:00,western,Santacruz,Thane,19,equipment_fault,high
SIG003354,2026-02-20T22:17:00,harbour,CSMT,Andheri,5,signal_hold,low
SIG003355,2025-10-27T07:10:00,harbour,Sewri,Dadar,9,route_conflict,low
SIG003356,2026-01-04T12:53:00,western,Dahisar,Kalyan,16,platform_occupancy,low
SIG003357,2025-12-15T04:10:00,western,Bandra,Andheri,7,signal_hold,low
SIG003358,2025-12-08T02:40:00,central,Ghatkopar,Dadar,14,platform_occupancy,medium
SIG003359,2026-02-21T11:32:00,western,Borivali,Bandra,2,platform_occupancy,high
SIG003360,2026-03-18T01:40:00,central,Nahur,Kalyan,12,junction_congestion,high
SIG003361,2025-12-09T20:54:00,harbour,Juinagar,Kurla,5,signal_hold,high
SIG003362,2025-10-17T16:31:00,harbour,Cotton Green,Wadala Road,3,junction_congestion,high
SIG003363,2025-11-23T21:43:00,central,Vidyavihar,Kalyan,28,equipment_fault,low
SIG003364,2026-01-24T20:50:00,harbour,Khandeshwar,Wadala Road,7,signal_hold,low
SIG003365,2026-04-10T23:58:00,western,Vasai Road,Andheri,18,platform_occupancy,low
SIG003366,2026-07-09T21:03:00,central,Dadar,Kurla,19,signal_hold,low
SIG003367,2025-12-26T07:12:00,central,Mulund,Dadar,17,signal_hold,medium
SIG003368,2026-07-23T12:57:00,harbour,Tilak Nagar,Bandra,14,junction_congestion,medium
SIG003369,2025-10-30T13:10:00,central,Sion,Andheri,13,route_conflict,low
SIG003370,2026-07-14T16:41:00,central,Vikhroli,Dadar,10,equipment_fault,medium
SIG003371,2026-04-04T11:49:00,central,Kopar,Dadar,15,junction_congestion,medium
SIG003372,2026-02-20T23:24:00,harbour,Chunabhatti,Wadala Road,25,route_conflict,high
SIG003373,2026-03-13T15:15:00,harbour,Govandi,Thane,1,platform_occupancy,high
SIG003374,2026-07-02T11:18:00,western,Vile Parle,Kurla,5,route_conflict,medium
SIG003375,2026-01-07T01:52:00,central,Currey Road,Dadar,10,route_conflict,medium
SIG003376,2026-03-07T14:36:00,central,Dombivli,Kurla,30,platform_occupancy,high
SIG003377,2026-05-22T10:13:00,central,Dombivli,Kurla,4,equipment_fault,high
SIG003378,2025-10-29T14:39:00,harbour,Khandeshwar,Kalyan,20,equipment_fault,low
SIG003379,2026-07-24T18:41:00,western,Kandivali,Kurla,24,platform_occupancy,high
SIG003380,2025-12-01T15:06:00,harbour,Seawoods-Darave,Wadala Road,22,junction_congestion,medium
SIG003381,2026-03-10T15:19:00,western,Ram Mandir,Thane,26,route_conflict,low
SIG003382,2026-04-24T03:38:00,central,Dadar,Thane,22,signal_hold,medium
SIG003383,2026-03-21T17:46:00,western,Prabhadevi,Thane,7,signal_hold,high
SIG003384,2026-03-25T09:46:00,western,Charni Road,Andheri,27,platform_occupancy,high
SIG003385,2026-09-29T17:32:00,central,CSMT,Thane,24,platform_occupancy,medium
SIG003386,2026-09-05T23:44:00,harbour,Chembur,Andheri,19,platform_occupancy,medium
SIG003387,2026-05-29T21:35:00,central,Kanjurmarg,Wadala Road,23,platform_occupancy,high
SIG003388,2026-06-02T07:20:00,western,Bandra,Kurla,14,platform_occupancy,high
SIG003389,2026-09-09T20:05:00,central,Kanjurmarg,Kalyan,30,equipment_fault,high
SIG003390,2026-07-06T09:18:00,western,Santacruz,Kurla,29,platform_occupancy,low
SIG003391,2025-11-27T13:59:00,western,Mahim,Thane,12,signal_hold,high
SIG003392,2025-10-06T18:24:00,harbour,Kurla,Bandra,30,equipment_fault,medium
SIG003393,2025-12-03T17:50:00,central,Dadar,Bandra,13,equipment_fault,low
SIG003394,2026-05-24T06:31:00,central,Mumbra,Kalyan,13,platform_occupancy,medium
SIG003395,2026-02-10T07:51:00,western,Nalasopara,Kurla,1,junction_congestion,medium
SIG003396,2026-01-08T13:09:00,western,Bandra,Bandra,23,equipment_fault,low
SIG003397,2026-04-12T11:21:00,western,Khar Road,Dadar,30,platform_occupancy,low
SIG003398,2026-04-11T19:13:00,harbour,Juinagar,Wadala Road,7,route_conflict,low
SIG003399,2026-07-30T12:37:00,western,Matunga Road,Bandra,11,platform_occupancy,low
SIG003400,2025-11-10T15:48:00,central,Mumbra,Kalyan,8,junction_congestion,low
SIG003401,2025-12-15T21:53:00,harbour,CSMT,Dadar,18,signal_hold,medium
SIG003402,2026-06-17T10:13:00,western,Mumbai Central,Dadar,3,platform_occupancy,high
SIG003403,2026-08-22T05:29:00,western,Ram Mandir,Thane,11,route_conflict,low
SIG003404,2026-06-22T03:28:00,harbour,Guru Tegh Bahadur Nagar,Andheri,29,route_conflict,medium
SIG003405,2026-09-01T10:31:00,central,Kurla,Bandra,22,junction_congestion,low
SIG003406,2025-12-21T20:49:00,central,Matunga,Andheri,6,signal_hold,high
SIG003407,2026-07-27T05:23:00,central,Kalyan,Bandra,5,route_conflict,medium
SIG003408,2026-09-03T00:00:00,central,Parel,Wadala Road,14,junction_congestion,high
SIG003409,2026-05-24T20:48:00,central,Matunga,Kurla,15,signal_hold,low
SIG003410,2026-04-21T21:53:00,western,Kandivali,Bandra,2,platform_occupancy,low
SIG003411,2026-08-16T21:49:00,harbour,Sandhurst Road,Dadar,30,platform_occupancy,medium
SIG003412,2025-11-03T05:26:00,western,Churchgate,Kurla,16,route_conflict,high
SIG003413,2026-01-02T05:22:00,western,Matunga Road,Kurla,11,junction_congestion,high
SIG003414,2026-02-19T21:33:00,western,Santacruz,Dadar,20,platform_occupancy,low
SIG003415,2025-12-29T20:53:00,western,Bhayandar,Kalyan,17,signal_hold,medium
SIG003416,2026-01-28T18:28:00,western,Lower Parel,Dadar,7,junction_congestion,high
SIG003417,2026-06-09T20:23:00,central,Thakurli,Kurla,17,junction_congestion,low
SIG003418,2025-10-20T12:10:00,harbour,CBD Belapur,Kurla,19,junction_congestion,low
SIG003419,2026-06-08T11:18:00,western,Mira Road,Thane,20,platform_occupancy,high
SIG003420,2026-03-05T06:05:00,western,Mumbai Central,Kurla,5,junction_congestion,low
SIG003421,2026-02-16T10:18:00,harbour,Seawoods-Darave,Wadala Road,6,signal_hold,medium
SIG003422,2026-06-22T18:12:00,central,Thakurli,Andheri,27,route_conflict,medium
SIG003423,2026-03-14T04:55:00,western,Prabhadevi,Kalyan,14,signal_hold,high
SIG003424,2026-06-12T20:50:00,western,Andheri,Kalyan,3,signal_hold,high
SIG003425,2026-08-31T07:36:00,western,Jogeshwari,Kurla,13,equipment_fault,medium
SIG003426,2025-12-27T23:00:00,harbour,Cotton Green,Bandra,28,route_conflict,medium
SIG003427,2025-10-29T02:08:00,western,Churchgate,Kalyan,4,route_conflict,medium
SIG003428,2025-12-12T15:43:00,central,Kopar,Bandra,27,equipment_fault,low
SIG003429,2026-02-11T04:08:00,harbour,Sandhurst Road,Bandra,16,junction_congestion,high
SIG003430,2026-04-09T21:12:00,harbour,Guru Tegh Bahadur Nagar,Bandra,13,junction_congestion,low
SIG003431,2026-05-25T03:45:00,central,Kurla,Kurla,5,route_conflict,low
SIG003432,2026-01-20T05:47:00,western,Mahalaxmi,Andheri,17,signal_hold,high
SIG003433,2025-12-17T06:45:00,harbour,Chunabhatti,Thane,5,platform_occupancy,high
SIG003434,2026-01-21T08:17:00,harbour,Kharghar,Andheri,21,route_conflict,low
SIG003435,2026-06-15T14:02:00,central,Byculla,Kalyan,6,equipment_fault,medium
SIG003436,2026-03-03T16:36:00,central,Kopar,Dadar,29,junction_congestion,low
SIG003437,2026-09-14T15:26:00,western,Charni Road,Bandra,21,signal_hold,high
SIG003438,2025-11-10T08:34:00,central,Kanjurmarg,Andheri,26,junction_congestion,medium
SIG003439,2025-12-16T02:59:00,western,Churchgate,Kalyan,22,platform_occupancy,low
SIG003440,2026-05-11T00:20:00,western,Kandivali,Wadala Road,11,route_conflict,low
SIG003441,2025-11-22T05:41:00,western,Bhayandar,Kalyan,6,junction_congestion,high
SIG003442,2025-11-11T17:56:00,harbour,Chunabhatti,Andheri,13,route_conflict,high
SIG003443,2026-09-10T19:28:00,harbour,Tilak Nagar,Kalyan,3,platform_occupancy,high
SIG003444,2026-04-20T14:17:00,central,Byculla,Thane,11,platform_occupancy,high
SIG003445,2025-11-22T22:53:00,western,Kandivali,Andheri,3,platform_occupancy,low
SIG003446,2026-08-08T17:55:00,harbour,Guru Tegh Bahadur Nagar,Dadar,3,equipment_fault,high
SIG003447,2026-06-07T04:44:00,central,Bhandup,Thane,1,equipment_fault,high
SIG003448,2025-12-06T12:00:00,harbour,Khandeshwar,Kalyan,19,route_conflict,high
SIG003449,2026-05-22T18:35:00,central,Kalwa,Kalyan,12,route_conflict,low
SIG003450,2026-09-13T10:58:00,western,Naigaon,Kurla,1,platform_occupancy,low
SIG003451,2026-08-13T11:07:00,western,Borivali,Dadar,3,equipment_fault,high
SIG003452,2026-09-27T06:30:00,western,Mumbai Central,Andheri,22,signal_hold,low
SIG003453,2026-05-12T21:37:00,western,Lower Parel,Wadala Road,8,junction_congestion,high
SIG003454,2026-07-21T20:15:00,central,Kalwa,Wadala Road,21,junction_congestion,medium
SIG003455,2025-10-27T11:00:00,harbour,Sanpada,Kalyan,7,signal_hold,low
SIG003456,2026-08-07T11:13:00,central,Mulund,Kurla,3,equipment_fault,low
SIG003457,2026-01-05T00:16:00,central,Kopar,Kalyan,22,signal_hold,medium
SIG003458,2026-06-04T22:31:00,harbour,Nerul,Wadala Road,18,equipment_fault,medium
SIG003459,2026-08-03T02:15:00,central,Sion,Bandra,21,route_conflict,high
SIG003460,2026-05-13T20:06:00,western,Grant Road,Wadala Road,3,junction_congestion,medium
SIG003461,2026-05-13T20:05:00,western,Churchgate,Wadala Road,22,equipment_fault,high
SIG003462,2026-06-01T20:17:00,western,Prabhadevi,Dadar,5,signal_hold,low
SIG003463,2025-12-28T03:31:00,harbour,Sandhurst Road,Thane,27,signal_hold,medium
SIG003464,2026-09-20T02:31:00,central,Kurla,Thane,19,junction_congestion,medium
SIG003465,2026-09-15T11:31:00,western,Dahisar,Dadar,1,route_conflict,medium
SIG003466,2026-09-04T01:39:00,central,Vidyavihar,Thane,18,junction_congestion,medium
SIG003467,2026-07-19T22:28:00,central,Mumbra,Kalyan,19,junction_congestion,medium
SIG003468,2025-12-04T19:51:00,central,Matunga,Kalyan,29,platform_occupancy,medium
SIG003469,2025-10-25T14:15:00,central,Ghatkopar,Dadar,1,junction_congestion,low
SIG003470,2026-06-15T01:10:00,central,Thakurli,Kurla,16,route_conflict,low
SIG003471,2026-07-09T03:57:00,central,Mumbra,Kalyan,20,route_conflict,medium
SIG003472,2026-08-18T09:39:00,western,Grant Road,Andheri,19,platform_occupancy,low
SIG003473,2026-07-04T19:43:00,western,Mahim,Kurla,2,platform_occupancy,high
SIG003474,2026-09-05T07:05:00,harbour,CSMT,Kurla,12,platform_occupancy,low
SIG003475,2026-01-26T14:37:00,harbour,Cotton Green,Kalyan,14,route_conflict,medium
SIG003476,2026-05-07T05:48:00,western,Charni Road,Bandra,11,equipment_fault,medium
SIG003477,2026-06-02T05:31:00,harbour,Chembur,Thane,30,platform_occupancy,medium
SIG003478,2026-08-13T11:36:00,western,Matunga Road,Thane,25,platform_occupancy,medium
SIG003479,2026-03-11T05:21:00,central,Thakurli,Thane,26,signal_hold,medium
SIG003480,2025-12-28T08:05:00,central,Mumbra,Wadala Road,19,route_conflict,high
SIG003481,2026-03-26T13:15:00,harbour,Guru Tegh Bahadur Nagar,Thane,19,junction_congestion,medium
SIG003482,2026-03-14T20:53:00,harbour,Guru Tegh Bahadur Nagar,Kalyan,9,signal_hold,high
SIG003483,2026-02-02T18:20:00,western,Prabhadevi,Dadar,19,platform_occupancy,high
SIG003484,2026-08-02T22:16:00,western,Malad,Andheri,16,route_conflict,high
SIG003485,2026-04-15T07:45:00,western,Prabhadevi,Kurla,4,signal_hold,high
SIG003486,2026-08-21T10:25:00,western,Marine Lines,Andheri,6,signal_hold,medium
SIG003487,2025-11-01T13:37:00,central,Ghatkopar,Thane,29,equipment_fault,medium
SIG003488,2026-02-18T07:57:00,central,Kopar,Andheri,26,junction_congestion,medium
SIG003489,2026-06-03T03:52:00,central,Mumbra,Kurla,28,route_conflict,low
SIG003490,2026-03-27T23:47:00,western,Marine Lines,Thane,9,equipment_fault,medium
SIG003491,2026-05-10T15:32:00,central,Chinchpokli,Kurla,24,equipment_fault,low
SIG003492,2025-11-09T18:20:00,western,Mumbai Central,Andheri,28,platform_occupancy,low
SIG003493,2026-01-08T07:04:00,western,Lower Parel,Andheri,28,junction_congestion,medium
SIG003494,2026-07-14T12:36:00,central,Thane,Andheri,20,junction_congestion,low
SIG003495,2026-05-29T20:34:00,harbour,Kurla,Andheri,22,junction_congestion,low
SIG003496,2026-08-10T07:03:00,western,Goregaon,Wadala Road,7,signal_hold,medium
SIG003497,2026-06-20T12:07:00,harbour,Chunabhatti,Kurla,9,platform_occupancy,medium
SIG003498,2026-07-10T10:48:00,western,Charni Road,Dadar,8,equipment_fault,high
SIG003499,2026-06-28T03:27:00,western,Virar,Kurla,10,route_conflict,low
SIG003500,2026-07-24T15:45:00,western,Borivali,Andheri,5,signal_hold,low
SIG003501,2026-02-19T22:10:00,central,Nahur,Thane,6,platform_occupancy,medium
SIG003502,2026-03-01T09:31:00,harbour,Dockyard Road,Dadar,10,route_conflict,high
SIG003503,2026-08-25T05:38:00,harbour,Nerul,Kalyan,17,junction_congestion,high
SIG003504,2025-10-21T09:41:00,western,Ram Mandir,Bandra,29,platform_occupancy,high
SIG003505,2026-01-11T13:51:00,harbour,Guru Tegh Bahadur Nagar,Kalyan,25,equipment_fault,low
SIG003506,2026-01-20T09:42:00,harbour,Sandhurst Road,Andheri,22,junction_congestion,medium
SIG003507,2026-04-27T07:01:00,western,Vile Parle,Thane,7,signal_hold,medium
SIG003508,2026-03-01T08:15:00,central,Byculla,Kurla,8,equipment_fault,medium
SIG003509,2025-11-04T04:11:00,western,Mahalaxmi,Bandra,18,equipment_fault,medium
SIG003510,2026-08-04T09:09:00,central,Ghatkopar,Kurla,15,platform_occupancy,high
SIG003511,2026-01-25T03:10:00,western,Lower Parel,Kurla,17,route_conflict,high
SIG003512,2026-03-20T05:28:00,western,Mumbai Central,Dadar,5,platform_occupancy,medium
SIG003513,2025-12-18T12:03:00,western,Lower Parel,Dadar,8,signal_hold,low
SIG003514,2026-02-21T15:31:00,central,Bhandup,Kalyan,15,signal_hold,high
SIG003515,2025-12-29T11:03:00,harbour,Govandi,Bandra,15,platform_occupancy,low
SIG003516,2026-08-15T14:33:00,central,Parel,Bandra,16,equipment_fault,high
SIG003517,2026-06-10T22:47:00,central,Sion,Andheri,2,route_conflict,medium
SIG003518,2026-06-27T13:37:00,western,Marine Lines,Dadar,29,route_conflict,low
SIG003519,2026-04-07T02:23:00,central,Dadar,Kurla,1,route_conflict,medium
SIG003520,2026-01-04T23:32:00,western,Mumbai Central,Wadala Road,10,junction_congestion,low
SIG003521,2025-10-12T22:21:00,western,Vile Parle,Andheri,6,route_conflict,high
SIG003522,2026-01-05T09:54:00,central,Byculla,Thane,2,junction_congestion,high
SIG003523,2026-07-29T03:57:00,central,Dombivli,Wadala Road,15,signal_hold,medium
SIG003524,2026-09-26T14:06:00,central,Kurla,Kalyan,4,equipment_fault,high
SIG003525,2026-02-11T04:00:00,central,Byculla,Kalyan,12,equipment_fault,low
SIG003526,2026-08-17T21:53:00,western,Naigaon,Andheri,16,route_conflict,medium
SIG003527,2025-11-16T16:02:00,western,Mumbai Central,Thane,20,signal_hold,high
SIG003528,2026-06-07T22:35:00,central,Kanjurmarg,Bandra,18,platform_occupancy,high
SIG003529,2026-04-04T11:35:00,harbour,Khandeshwar,Andheri,5,route_conflict,medium
SIG003530,2026-03-31T09:24:00,harbour,Sewri,Kalyan,19,signal_hold,low
SIG003531,2025-12-12T14:54:00,western,Charni Road,Dadar,2,signal_hold,high
SIG003532,2026-08-30T10:12:00,harbour,Masjid,Kurla,23,platform_occupancy,high
SIG003533,2026-07-30T20:52:00,harbour,Seawoods-Darave,Dadar,22,signal_hold,medium
SIG003534,2025-11-06T00:47:00,central,Vidyavihar,Andheri,2,route_conflict,high
SIG003535,2026-01-18T23:48:00,central,Currey Road,Wadala Road,20,equipment_fault,medium
SIG003536,2026-06-16T11:22:00,western,Malad,Thane,24,signal_hold,medium
SIG003537,2025-12-14T06:59:00,western,Mahalaxmi,Kurla,29,junction_congestion,medium
SIG003538,2026-04-04T08:11:00,western,Prabhadevi,Wadala Road,15,route_conflict,low
SIG003539,2025-10-16T15:06:00,central,Vidyavihar,Kurla,5,signal_hold,medium
SIG003540,2026-02-06T06:24:00,central,Dombivli,Thane,22,platform_occupancy,high
SIG003541,2026-07-06T12:40:00,western,Lower Parel,Andheri,24,signal_hold,high
SIG003542,2026-02-20T08:38:00,western,Matunga Road,Thane,10,junction_congestion,low
SIG003543,2026-05-10T21:35:00,harbour,Sanpada,Kalyan,17,equipment_fault,high
SIG003544,2026-05-29T17:32:00,western,Dadar,Kalyan,1,route_conflict,low
SIG003545,2026-06-30T11:27:00,harbour,Kharghar,Kalyan,25,equipment_fault,high
SIG003546,2026-06-12T09:31:00,western,Malad,Bandra,28,platform_occupancy,low
SIG003547,2026-08-23T08:46:00,central,Kurla,Wadala Road,23,route_conflict,medium
SIG003548,2026-08-08T00:47:00,harbour,Kharghar,Kurla,6,equipment_fault,high
SIG003549,2026-05-19T11:48:00,central,Sion,Thane,6,junction_congestion,medium
SIG003550,2026-09-11T06:38:00,central,Dadar,Kurla,30,platform_occupancy,high
SIG003551,2026-01-20T20:32:00,western,Santacruz,Dadar,29,junction_congestion,medium
SIG003552,2025-11-30T23:01:00,western,Naigaon,Wadala Road,5,signal_hold,high
SIG003553,2026-06-26T14:44:00,harbour,Khandeshwar,Kurla,5,equipment_fault,medium
SIG003554,2025-12-25T05:10:00,western,Mahim,Bandra,30,junction_congestion,low
SIG003555,2025-10-31T14:43:00,western,Goregaon,Thane,11,equipment_fault,medium
SIG003556,2026-03-19T08:49:00,central,Sion,Kalyan,22,route_conflict,high
SIG003557,2026-07-25T12:53:00,western,Vasai Road,Wadala Road,24,platform_occupancy,high
SIG003558,2026-02-08T23:43:00,western,Santacruz,Kalyan,3,platform_occupancy,high
SIG003559,2026-04-07T18:00:00,harbour,Sanpada,Dadar,21,equipment_fault,medium
SIG003560,2025-12-10T16:52:00,western,Lower Parel,Andheri,4,route_conflict,high
SIG003561,2025-10-30T10:52:00,western,Dadar,Wadala Road,18,route_conflict,high
SIG003562,2026-01-23T08:22:00,western,Vasai Road,Andheri,3,route_conflict,low
SIG003563,2025-12-08T17:04:00,western,Naigaon,Dadar,12,platform_occupancy,high
SIG003564,2025-12-22T00:44:00,harbour,Tilak Nagar,Wadala Road,5,junction_congestion,high
SIG003565,2026-07-31T18:20:00,harbour,Vashi,Kalyan,10,signal_hold,low
SIG003566,2025-12-19T21:45:00,harbour,Kurla,Thane,18,equipment_fault,low
SIG003567,2026-07-11T14:21:00,central,Vidyavihar,Bandra,5,signal_hold,low
SIG003568,2026-07-10T17:27:00,western,Goregaon,Wadala Road,30,junction_congestion,medium
SIG003569,2026-09-15T20:19:00,western,Vasai Road,Thane,17,platform_occupancy,high
SIG003570,2026-07-10T07:50:00,harbour,Chembur,Thane,28,junction_congestion,high
SIG003571,2026-05-15T07:29:00,harbour,Dockyard Road,Wadala Road,14,route_conflict,low
SIG003572,2026-05-04T16:22:00,harbour,Cotton Green,Dadar,20,route_conflict,high
SIG003573,2026-08-14T13:43:00,western,Mahalaxmi,Dadar,7,route_conflict,low
SIG003574,2026-05-11T13:24:00,harbour,Sandhurst Road,Dadar,10,route_conflict,high
SIG003575,2026-04-03T04:22:00,harbour,Sewri,Bandra,4,platform_occupancy,high
SIG003576,2026-09-19T14:25:00,harbour,Nerul,Bandra,28,signal_hold,low
SIG003577,2026-09-09T00:21:00,harbour,Mankhurd,Kurla,27,junction_congestion,high
SIG003578,2026-04-21T04:53:00,harbour,Mansarovar,Wadala Road,4,route_conflict,high
SIG003579,2026-02-23T00:37:00,western,Mira Road,Wadala Road,1,signal_hold,low
SIG003580,2026-08-11T13:35:00,central,Bhandup,Dadar,24,route_conflict,high
SIG003581,2025-10-02T13:14:00,western,Churchgate,Thane,30,route_conflict,high
SIG003582,2026-01-26T10:48:00,harbour,Kurla,Kurla,18,junction_congestion,low
SIG003583,2025-12-10T04:02:00,western,Mahim,Andheri,2,platform_occupancy,low
SIG003584,2026-04-15T17:15:00,western,Virar,Wadala Road,29,route_conflict,high
SIG003585,2025-10-02T09:23:00,central,Kalwa,Andheri,6,junction_congestion,high
SIG003586,2026-02-02T10:58:00,harbour,Panvel,Wadala Road,25,equipment_fault,low
SIG003587,2025-11-13T10:18:00,central,Kanjurmarg,Wadala Road,23,junction_congestion,low
SIG003588,2026-08-30T01:26:00,central,Sion,Bandra,8,route_conflict,high
SIG003589,2026-02-28T14:15:00,harbour,Seawoods-Darave,Kalyan,22,route_conflict,low
SIG003590,2026-09-18T04:26:00,central,Kalyan,Dadar,17,platform_occupancy,high
SIG003591,2025-12-23T01:04:00,harbour,Juinagar,Bandra,25,junction_congestion,low
SIG003592,2026-07-17T13:25:00,central,Currey Road,Kurla,14,equipment_fault,medium
SIG003593,2025-12-19T02:58:00,western,Charni Road,Kurla,5,equipment_fault,low
SIG003594,2026-02-24T10:54:00,western,Dahisar,Wadala Road,5,signal_hold,high
SIG003595,2026-03-12T23:17:00,central,Dadar,Kalyan,24,equipment_fault,high
SIG003596,2025-11-16T02:15:00,harbour,Vashi,Thane,23,signal_hold,medium
SIG003597,2026-09-17T04:25:00,central,Kanjurmarg,Dadar,21,signal_hold,medium
SIG003598,2026-06-27T14:18:00,harbour,Cotton Green,Dadar,21,equipment_fault,high
SIG003599,2025-12-13T03:30:00,harbour,Guru Tegh Bahadur Nagar,Kurla,25,signal_hold,high
SIG003600,2026-01-01T19:05:00,central,Diva,Kalyan,14,signal_hold,medium
SIG003601,2025-12-20T14:04:00,central,Mumbra,Kalyan,19,equipment_fault,high
SIG003602,2026-03-29T19:45:00,harbour,Mansarovar,Thane,12,junction_congestion,low
SIG003603,2025-10-13T02:44:00,harbour,Khandeshwar,Kurla,23,junction_congestion,medium
SIG003604,2026-06-26T10:26:00,harbour,Chembur,Wadala Road,13,route_conflict,high
SIG003605,2026-06-15T16:53:00,harbour,Dockyard Road,Kurla,11,junction_congestion,low
SIG003606,2026-05-13T07:31:00,harbour,Sanpada,Wadala Road,19,route_conflict,medium
SIG003607,2026-05-26T11:53:00,western,Malad,Thane,22,junction_congestion,high
SIG003608,2025-10-07T13:51:00,central,Kalyan,Thane,29,route_conflict,high
SIG003609,2025-10-17T08:46:00,central,Kurla,Andheri,16,route_conflict,high
SIG003610,2026-07-28T00:19:00,central,Mumbra,Thane,3,junction_congestion,high
SIG003611,2026-07-16T14:50:00,central,CSMT,Wadala Road,1,equipment_fault,high
SIG003612,2026-08-29T23:37:00,central,Dombivli,Andheri,16,platform_occupancy,high
SIG003613,2026-06-14T06:39:00,harbour,Seawoods-Darave,Bandra,19,platform_occupancy,medium
SIG003614,2026-04-19T19:56:00,western,Jogeshwari,Kurla,26,equipment_fault,high
SIG003615,2026-05-09T02:31:00,western,Santacruz,Kalyan,8,platform_occupancy,medium
SIG003616,2026-06-08T00:41:00,western,Khar Road,Andheri,19,equipment_fault,high
SIG003617,2025-12-17T18:46:00,central,Vidyavihar,Bandra,19,equipment_fault,low
SIG003618,2026-04-12T03:04:00,central,Ghatkopar,Dadar,26,equipment_fault,low
SIG003619,2026-07-15T06:21:00,western,Mahim,Kurla,4,signal_hold,low
SIG003620,2026-07-18T03:47:00,western,Vile Parle,Dadar,13,junction_congestion,medium
SIG003621,2025-11-14T13:39:00,western,Vasai Road,Wadala Road,6,platform_occupancy,high
SIG003622,2026-04-02T23:36:00,central,Thane,Dadar,25,route_conflict,low
SIG003623,2026-02-16T07:41:00,harbour,Masjid,Thane,16,platform_occupancy,high
SIG003624,2026-03-22T13:11:00,harbour,Seawoods-Darave,Andheri,16,platform_occupancy,high
SIG003625,2025-12-17T04:14:00,harbour,Tilak Nagar,Kalyan,28,route_conflict,low
SIG003626,2026-01-17T18:33:00,central,Vikhroli,Dadar,2,signal_hold,low
SIG003627,2025-11-03T10:35:00,harbour,Tilak Nagar,Andheri,13,junction_congestion,low
SIG003628,2026-06-17T03:38:00,harbour,Sewri,Dadar,30,platform_occupancy,medium
SIG003629,2026-05-02T04:46:00,western,Ram Mandir,Thane,25,equipment_fault,low
SIG003630,2026-08-16T03:24:00,harbour,Kharghar,Bandra,29,platform_occupancy,medium
SIG003631,2026-08-23T19:47:00,harbour,Masjid,Wadala Road,25,junction_congestion,high
SIG003632,2025-10-15T04:53:00,harbour,Dockyard Road,Wadala Road,16,route_conflict,medium
SIG003633,2025-10-26T10:15:00,western,Grant Road,Andheri,25,route_conflict,medium
SIG003634,2026-06-29T03:29:00,harbour,Dockyard Road,Dadar,8,platform_occupancy,medium
SIG003635,2026-05-09T15:35:00,central,Parel,Wadala Road,20,signal_hold,medium
SIG003636,2026-09-18T09:36:00,central,Dombivli,Thane,14,equipment_fault,medium
SIG003637,2026-06-30T12:03:00,western,Matunga Road,Dadar,13,route_conflict,low
SIG003638,2025-12-25T01:44:00,central,Vikhroli,Wadala Road,20,junction_congestion,medium
SIG003639,2026-01-08T16:58:00,central,Bhandup,Bandra,6,route_conflict,low
SIG003640,2025-12-30T22:30:00,harbour,CSMT,Thane,8,route_conflict,high
SIG003641,2026-05-03T17:40:00,central,CSMT,Thane,16,platform_occupancy,medium
SIG003642,2026-07-11T02:43:00,central,Kalwa,Thane,22,platform_occupancy,medium
SIG003643,2026-03-12T06:21:00,harbour,Govandi,Thane,6,signal_hold,low
SIG003644,2026-03-14T00:04:00,central,CSMT,Kalyan,27,signal_hold,low
SIG003645,2026-04-28T07:53:00,central,Kalyan,Thane,7,signal_hold,low
SIG003646,2025-11-11T00:54:00,western,Mira Road,Kurla,13,route_conflict,high
SIG003647,2026-02-12T14:13:00,western,Nalasopara,Dadar,30,junction_congestion,low
SIG003648,2026-01-13T06:21:00,harbour,Mankhurd,Kalyan,6,junction_congestion,medium
SIG003649,2026-03-29T09:48:00,harbour,Tilak Nagar,Wadala Road,11,platform_occupancy,high
SIG003650,2026-05-25T10:57:00,western,Mahalaxmi,Wadala Road,22,platform_occupancy,low
SIG003651,2026-06-10T03:36:00,western,Dahisar,Bandra,11,signal_hold,medium
SIG003652,2025-12-24T05:14:00,harbour,Kurla,Kalyan,12,equipment_fault,low
SIG003653,2026-08-23T16:19:00,western,Marine Lines,Thane,30,signal_hold,high
SIG003654,2025-11-04T08:14:00,central,Vidyavihar,Wadala Road,3,platform_occupancy,medium
SIG003655,2026-08-27T16:06:00,central,Kurla,Kalyan,8,platform_occupancy,high
SIG003656,2026-03-06T10:19:00,central,Parel,Thane,15,equipment_fault,high
SIG003657,2026-05-04T09:25:00,western,Vasai Road,Bandra,28,junction_congestion,low
SIG003658,2026-06-17T12:39:00,harbour,Chunabhatti,Andheri,26,equipment_fault,medium
SIG003659,2026-02-23T05:26:00,central,Vidyavihar,Bandra,29,equipment_fault,low
SIG003660,2025-10-27T16:27:00,central,Sion,Kalyan,17,equipment_fault,low
SIG003661,2026-03-11T20:01:00,western,Grant Road,Wadala Road,7,junction_congestion,low
SIG003662,2025-11-19T23:42:00,harbour,Sewri,Kurla,27,equipment_fault,high
SIG003663,2026-02-10T16:31:00,central,Byculla,Wadala Road,16,equipment_fault,high
SIG003664,2026-02-05T11:47:00,harbour,Sandhurst Road,Thane,26,route_conflict,medium
SIG003665,2026-09-12T01:02:00,western,Churchgate,Thane,27,equipment_fault,medium
SIG003666,2026-02-11T22:50:00,central,Dombivli,Dadar,11,route_conflict,low
SIG003667,2026-08-21T03:54:00,harbour,Chunabhatti,Kalyan,11,route_conflict,medium
SIG003668,2026-03-14T21:05:00,central,Thane,Dadar,4,equipment_fault,high
SIG003669,2025-12-18T04:36:00,central,Bhandup,Andheri,16,route_conflict,medium
SIG003670,2026-04-22T07:39:00,central,Mulund,Dadar,24,junction_congestion,medium
SIG003671,2026-07-03T21:45:00,western,Goregaon,Bandra,13,equipment_fault,low
SIG003672,2026-05-15T00:29:00,western,Lower Parel,Bandra,13,route_conflict,high
SIG003673,2026-04-06T02:34:00,central,Kopar,Bandra,14,platform_occupancy,medium
SIG003674,2025-11-08T08:16:00,harbour,Nerul,Wadala Road,19,signal_hold,high
SIG003675,2025-10-27T21:25:00,western,Marine Lines,Wadala Road,20,equipment_fault,medium
SIG003676,2026-09-15T07:12:00,western,Goregaon,Dadar,18,route_conflict,high
SIG003677,2026-06-05T20:34:00,western,Grant Road,Andheri,3,equipment_fault,high
SIG003678,2026-07-26T06:15:00,harbour,Sanpada,Thane,29,platform_occupancy,low
SIG003679,2026-05-03T16:09:00,central,Kurla,Andheri,17,equipment_fault,medium
SIG003680,2026-08-30T09:00:00,harbour,Tilak Nagar,Kalyan,6,equipment_fault,medium
SIG003681,2026-09-23T00:14:00,central,Kopar,Andheri,19,platform_occupancy,high
SIG003682,2026-01-01T01:19:00,harbour,Khandeshwar,Dadar,27,equipment_fault,low
SIG003683,2026-02-08T10:52:00,western,Charni Road,Kalyan,24,equipment_fault,medium
SIG003684,2025-11-23T20:52:00,western,Matunga Road,Wadala Road,18,route_conflict,high
SIG003685,2026-08-26T00:42:00,western,Vile Parle,Dadar,30,platform_occupancy,high
SIG003686,2026-05-06T21:45:00,central,Ghatkopar,Bandra,4,platform_occupancy,low
SIG003687,2026-08-06T19:20:00,central,Dadar,Wadala Road,13,equipment_fault,low
SIG003688,2025-11-30T10:31:00,western,Mira Road,Kurla,21,signal_hold,low
SIG003689,2026-06-06T19:58:00,central,Kalwa,Dadar,25,signal_hold,high
SIG003690,2026-03-28T22:59:00,harbour,Vashi,Bandra,18,signal_hold,medium
SIG003691,2026-06-03T01:48:00,harbour,CSMT,Bandra,1,equipment_fault,high
SIG003692,2026-01-30T13:12:00,western,Vile Parle,Kalyan,19,signal_hold,medium
SIG003693,2026-05-18T19:54:00,western,Ram Mandir,Bandra,14,junction_congestion,high
SIG003694,2026-03-01T06:16:00,western,Vasai Road,Bandra,12,signal_hold,high
SIG003695,2026-05-16T23:29:00,harbour,Sanpada,Wadala Road,25,signal_hold,high
SIG003696,2026-09-04T08:51:00,harbour,CSMT,Bandra,27,platform_occupancy,low
SIG003697,2026-01-01T03:23:00,harbour,Chembur,Dadar,24,signal_hold,low
SIG003698,2026-03-25T14:04:00,harbour,Sandhurst Road,Dadar,8,equipment_fault,low
SIG003699,2026-09-11T09:10:00,central,Parel,Andheri,28,platform_occupancy,medium
SIG003700,2025-12-28T07:13:00,western,Mira Road,Kalyan,2,equipment_fault,low
SIG003701,2026-05-27T21:47:00,harbour,Dockyard Road,Bandra,17,signal_hold,low
SIG003702,2026-04-25T08:53:00,central,Byculla,Kurla,10,route_conflict,high
SIG003703,2026-09-01T17:13:00,western,Khar Road,Dadar,29,platform_occupancy,high
SIG003704,2026-09-27T07:32:00,western,Khar Road,Bandra,13,route_conflict,medium
SIG003705,2025-11-27T10:16:00,western,Dahisar,Thane,17,equipment_fault,medium
SIG003706,2026-03-28T15:43:00,western,Bandra,Kurla,26,equipment_fault,low
SIG003707,2025-10-06T04:19:00,harbour,Kurla,Wadala Road,11,junction_congestion,low
SIG003708,2026-06-25T00:51:00,harbour,Chunabhatti,Kalyan,22,route_conflict,low
SIG003709,2026-06-01T10:31:00,central,Kanjurmarg,Kurla,19,junction_congestion,high
SIG003710,2026-02-13T09:29:00,central,Vikhroli,Bandra,29,signal_hold,low
SIG003711,2026-07-04T14:01:00,central,Sion,Kalyan,22,equipment_fault,low
SIG003712,2026-01-06T14:14:00,harbour,Wadala Road,Kalyan,16,route_conflict,medium
SIG003713,2025-10-21T12:21:00,western,Ram Mandir,Wadala Road,14,junction_congestion,medium
SIG003714,2025-10-04T09:53:00,central,Sion,Thane,6,equipment_fault,low
SIG003715,2026-07-03T00:58:00,central,Kurla,Dadar,27,junction_congestion,low
SIG003716,2025-10-26T11:00:00,western,Malad,Andheri,15,platform_occupancy,high
SIG003717,2026-02-27T02:03:00,central,Kalwa,Bandra,27,platform_occupancy,medium
SIG003718,2026-04-12T09:42:00,western,Bandra,Dadar,2,route_conflict,high
SIG003719,2025-10-01T21:21:00,western,Andheri,Kurla,1,platform_occupancy,low
SIG003720,2026-09-20T08:03:00,central,Matunga,Kalyan,5,equipment_fault,low
SIG003721,2026-04-10T17:27:00,harbour,Guru Tegh Bahadur Nagar,Andheri,9,junction_congestion,low
SIG003722,2026-03-17T10:05:00,harbour,Kurla,Bandra,7,signal_hold,high
SIG003723,2026-07-27T20:03:00,harbour,Masjid,Kalyan,16,junction_congestion,medium
SIG003724,2025-10-03T14:48:00,harbour,Cotton Green,Kurla,17,equipment_fault,medium
SIG003725,2026-08-27T20:14:00,central,Ghatkopar,Bandra,12,signal_hold,high
SIG003726,2026-03-22T16:08:00,central,Kalwa,Andheri,29,junction_congestion,low
SIG003727,2026-09-23T12:08:00,western,Vile Parle,Thane,29,route_conflict,low
SIG003728,2026-08-06T08:14:00,harbour,Juinagar,Dadar,26,signal_hold,medium
SIG003729,2026-04-16T07:52:00,harbour,Panvel,Bandra,2,route_conflict,medium
SIG003730,2026-03-01T15:41:00,harbour,Sanpada,Bandra,17,signal_hold,high
SIG003731,2026-09-25T07:05:00,western,Ram Mandir,Kalyan,15,platform_occupancy,high
SIG003732,2026-03-11T23:30:00,harbour,Wadala Road,Kurla,13,platform_occupancy,medium
SIG003733,2026-08-24T07:42:00,western,Vasai Road,Thane,4,route_conflict,high
SIG003734,2025-10-07T03:18:00,harbour,CSMT,Wadala Road,30,signal_hold,medium
SIG003735,2026-02-18T12:56:00,harbour,CBD Belapur,Bandra,14,signal_hold,low
SIG003736,2026-01-02T00:00:00,central,Parel,Thane,9,route_conflict,low
SIG003737,2026-04-09T18:11:00,western,Kandivali,Bandra,6,route_conflict,low
SIG003738,2025-10-26T09:03:00,harbour,CBD Belapur,Thane,15,junction_congestion,low
SIG003739,2025-10-06T07:58:00,central,Kurla,Dadar,1,signal_hold,high
SIG003740,2026-09-26T06:20:00,harbour,Nerul,Bandra,23,platform_occupancy,low
SIG003741,2026-03-06T14:59:00,western,Dadar,Thane,25,route_conflict,high
SIG003742,2025-11-24T19:40:00,western,Malad,Kalyan,23,equipment_fault,medium
SIG003743,2025-12-11T22:29:00,harbour,Reay Road,Kurla,25,platform_occupancy,high
SIG003744,2026-09-05T01:13:00,western,Goregaon,Andheri,24,equipment_fault,medium
SIG003745,2026-01-18T23:19:00,harbour,Chembur,Thane,28,equipment_fault,medium
SIG003746,2026-02-27T01:08:00,western,Mahalaxmi,Thane,3,junction_congestion,medium
SIG003747,2026-01-13T23:15:00,western,Matunga Road,Dadar,9,route_conflict,low
SIG003748,2026-08-02T06:19:00,western,Grant Road,Wadala Road,27,equipment_fault,low
SIG003749,2025-10-26T19:27:00,western,Matunga Road,Kalyan,17,junction_congestion,low
SIG003750,2026-07-05T18:53:00,western,Marine Lines,Kalyan,1,route_conflict,high
SIG003751,2026-07-18T19:15:00,central,Thakurli,Andheri,6,signal_hold,low
SIG003752,2025-10-26T14:15:00,western,Malad,Thane,25,route_conflict,medium
SIG003753,2026-07-29T13:00:00,harbour,Reay Road,Dadar,19,platform_occupancy,low
SIG003754,2026-07-26T00:30:00,harbour,Nerul,Dadar,1,platform_occupancy,medium
SIG003755,2026-09-12T11:08:00,harbour,Kurla,Dadar,2,signal_hold,medium
SIG003756,2026-03-27T05:38:00,western,Mahim,Bandra,19,signal_hold,low
SIG003757,2026-09-01T23:27:00,western,Malad,Kalyan,3,route_conflict,low
SIG003758,2026-08-25T18:01:00,western,Mahalaxmi,Dadar,4,route_conflict,high
SIG003759,2026-07-05T04:46:00,harbour,Masjid,Andheri,17,junction_congestion,low
SIG003760,2026-07-11T21:04:00,central,Parel,Kurla,4,signal_hold,medium
SIG003761,2026-05-19T06:13:00,harbour,Panvel,Thane,24,junction_congestion,low
SIG003762,2026-09-27T03:50:00,western,Goregaon,Kurla,18,signal_hold,medium
SIG003763,2025-10-05T13:54:00,central,Kurla,Thane,8,junction_congestion,low
SIG003764,2026-01-14T08:48:00,western,Bhayandar,Thane,10,route_conflict,low
SIG003765,2026-06-20T12:59:00,western,Charni Road,Andheri,13,signal_hold,low
SIG003766,2026-06-07T06:29:00,western,Lower Parel,Wadala Road,9,signal_hold,low
SIG003767,2025-10-13T09:24:00,harbour,Guru Tegh Bahadur Nagar,Thane,24,junction_congestion,medium
SIG003768,2026-02-09T06:52:00,central,Diva,Dadar,7,route_conflict,medium
SIG003769,2026-06-15T03:15:00,central,Currey Road,Kurla,30,route_conflict,medium
SIG003770,2026-07-25T19:21:00,western,Kandivali,Kalyan,20,platform_occupancy,high
SIG003771,2025-10-18T13:17:00,harbour,Reay Road,Thane,12,platform_occupancy,high
SIG003772,2026-06-13T09:53:00,western,Khar Road,Dadar,5,signal_hold,low
SIG003773,2025-12-20T10:04:00,central,Kalwa,Wadala Road,30,signal_hold,low
SIG003774,2026-08-10T00:28:00,harbour,Chembur,Bandra,23,platform_occupancy,high
SIG003775,2026-07-29T04:36:00,central,Mulund,Wadala Road,14,equipment_fault,high
SIG003776,2026-08-03T18:46:00,western,Lower Parel,Kalyan,13,signal_hold,low
SIG003777,2026-09-30T05:37:00,harbour,Guru Tegh Bahadur Nagar,Thane,15,platform_occupancy,low
SIG003778,2026-03-18T00:08:00,central,Dombivli,Wadala Road,3,equipment_fault,low
SIG003779,2025-10-24T16:29:00,central,Vidyavihar,Wadala Road,28,equipment_fault,low
SIG003780,2025-12-02T10:39:00,central,Vidyavihar,Dadar,2,junction_congestion,high
SIG003781,2026-02-24T19:12:00,central,Diva,Andheri,21,route_conflict,low
SIG003782,2026-05-26T09:52:00,western,Dadar,Wadala Road,9,equipment_fault,medium
SIG003783,2026-04-15T21:54:00,central,Byculla,Wadala Road,6,signal_hold,low
SIG003784,2026-07-26T17:05:00,central,Kurla,Kalyan,6,route_conflict,high
SIG003785,2025-10-08T02:00:00,western,Charni Road,Kurla,7,junction_congestion,high
SIG003786,2026-01-17T01:12:00,western,Bandra,Thane,1,route_conflict,low
SIG003787,2025-10-02T10:34:00,western,Churchgate,Dadar,18,equipment_fault,medium
SIG003788,2026-03-31T01:46:00,central,Kalyan,Andheri,13,junction_congestion,low
SIG003789,2025-12-20T23:52:00,harbour,CSMT,Dadar,17,equipment_fault,high
SIG003790,2025-12-05T12:32:00,western,Dadar,Dadar,13,signal_hold,low
SIG003791,2025-12-07T05:51:00,central,Mumbra,Bandra,24,route_conflict,low
SIG003792,2026-01-10T02:49:00,harbour,Vashi,Kurla,30,junction_congestion,high
SIG003793,2026-08-31T20:07:00,harbour,Mansarovar,Wadala Road,2,junction_congestion,low
SIG003794,2026-06-03T06:40:00,central,Kalwa,Bandra,3,equipment_fault,medium
SIG003795,2026-09-15T13:06:00,central,Kanjurmarg,Kurla,2,signal_hold,low
SIG003796,2026-04-20T22:41:00,harbour,Wadala Road,Kurla,14,signal_hold,low
SIG003797,2026-03-27T21:46:00,central,Chinchpokli,Dadar,17,signal_hold,medium
SIG003798,2025-12-07T07:58:00,harbour,Seawoods-Darave,Wadala Road,21,platform_occupancy,high
SIG003799,2026-04-07T16:45:00,central,Thane,Kurla,25,equipment_fault,medium
SIG003800,2026-01-18T06:51:00,western,Lower Parel,Andheri,9,signal_hold,low
SIG003801,2026-06-22T08:12:00,western,Mahim,Bandra,8,platform_occupancy,medium
SIG003802,2026-07-27T08:46:00,western,Vile Parle,Thane,13,equipment_fault,high
SIG003803,2026-04-01T07:45:00,central,Mumbra,Andheri,9,junction_congestion,medium
SIG003804,2026-08-18T13:48:00,western,Dahisar,Dadar,4,signal_hold,high
SIG003805,2026-01-09T10:49:00,central,Kopar,Andheri,1,route_conflict,high
SIG003806,2025-12-06T16:51:00,harbour,Sanpada,Kurla,30,route_conflict,high
SIG003807,2026-03-12T00:19:00,harbour,Mankhurd,Wadala Road,30,platform_occupancy,low
SIG003808,2026-01-17T17:03:00,central,Parel,Dadar,17,platform_occupancy,high
SIG003809,2025-11-20T23:49:00,central,Kurla,Andheri,11,route_conflict,medium
SIG003810,2026-03-15T14:07:00,central,Kopar,Kurla,14,platform_occupancy,low
SIG003811,2026-03-11T20:26:00,central,Nahur,Dadar,1,platform_occupancy,low
SIG003812,2026-01-25T02:56:00,harbour,Dockyard Road,Bandra,18,route_conflict,high
SIG003813,2026-05-30T18:23:00,western,Ram Mandir,Dadar,22,junction_congestion,low
SIG003814,2026-02-06T15:52:00,harbour,Kurla,Thane,19,signal_hold,medium
SIG003815,2026-07-17T12:15:00,western,Virar,Dadar,2,junction_congestion,high
SIG003816,2026-02-03T21:31:00,western,Marine Lines,Thane,14,junction_congestion,low
SIG003817,2025-11-09T03:54:00,western,Mumbai Central,Wadala Road,8,equipment_fault,low
SIG003818,2026-08-30T17:02:00,western,Churchgate,Dadar,24,route_conflict,low
SIG003819,2026-01-01T14:08:00,harbour,Khandeshwar,Andheri,14,signal_hold,medium
SIG003820,2025-12-05T05:22:00,western,Churchgate,Andheri,29,platform_occupancy,high
SIG003821,2026-06-30T12:41:00,western,Andheri,Andheri,14,junction_congestion,medium
SIG003822,2026-03-13T09:28:00,harbour,Panvel,Thane,10,junction_congestion,high
SIG003823,2025-11-03T11:58:00,central,Kopar,Kurla,29,route_conflict,medium
SIG003824,2026-08-02T01:53:00,western,Nalasopara,Andheri,10,junction_congestion,low
SIG003825,2025-12-17T23:12:00,harbour,Sandhurst Road,Thane,8,signal_hold,medium
SIG003826,2026-09-29T12:30:00,harbour,Khandeshwar,Bandra,21,route_conflict,high
SIG003827,2026-05-14T02:23:00,central,Parel,Thane,8,platform_occupancy,high
SIG003828,2026-08-04T04:27:00,western,Andheri,Kalyan,18,route_conflict,low
SIG003829,2026-05-20T10:50:00,western,Mira Road,Andheri,5,junction_congestion,high
SIG003830,2026-02-11T10:55:00,central,Nahur,Dadar,17,junction_congestion,medium
SIG003831,2026-07-10T02:46:00,central,Thakurli,Bandra,13,route_conflict,low
SIG003832,2026-04-20T00:31:00,western,Malad,Kalyan,29,junction_congestion,high
SIG003833,2026-08-18T20:28:00,harbour,Guru Tegh Bahadur Nagar,Bandra,20,platform_occupancy,medium
SIG003834,2026-09-06T02:50:00,western,Borivali,Kurla,19,signal_hold,high
SIG003835,2026-03-01T05:42:00,central,CSMT,Dadar,14,signal_hold,high
SIG003836,2026-05-09T20:41:00,harbour,Nerul,Kalyan,10,route_conflict,low
SIG003837,2026-03-21T08:03:00,central,Kurla,Bandra,7,platform_occupancy,low
SIG003838,2026-05-12T17:22:00,harbour,Govandi,Andheri,25,junction_congestion,high
SIG003839,2026-01-19T22:41:00,western,Mumbai Central,Dadar,11,junction_congestion,medium
SIG003840,2026-06-17T10:27:00,western,Bandra,Thane,19,route_conflict,low
SIG003841,2026-07-19T00:43:00,harbour,Mansarovar,Thane,26,platform_occupancy,high
SIG003842,2025-12-04T00:53:00,western,Grant Road,Andheri,23,equipment_fault,medium
SIG003843,2026-02-20T09:44:00,harbour,Juinagar,Dadar,17,route_conflict,medium
SIG003844,2026-03-31T08:56:00,western,Nalasopara,Andheri,14,route_conflict,medium
SIG003845,2026-03-14T02:13:00,central,Dombivli,Wadala Road,26,platform_occupancy,high
SIG003846,2026-02-08T04:14:00,harbour,Sandhurst Road,Wadala Road,17,platform_occupancy,high
SIG003847,2026-08-02T16:06:00,harbour,CSMT,Kalyan,13,platform_occupancy,low
SIG003848,2026-06-10T21:47:00,western,Vasai Road,Dadar,2,route_conflict,low
SIG003849,2026-01-26T05:38:00,central,Vidyavihar,Kurla,22,platform_occupancy,low
SIG003850,2026-02-13T19:06:00,western,Nalasopara,Dadar,4,junction_congestion,low
SIG003851,2026-05-15T10:20:00,harbour,Khandeshwar,Wadala Road,14,signal_hold,low
SIG003852,2026-09-27T15:57:00,western,Grant Road,Andheri,24,equipment_fault,medium
SIG003853,2025-11-08T11:59:00,western,Lower Parel,Kurla,2,route_conflict,low
SIG003854,2026-08-22T07:01:00,harbour,Nerul,Wadala Road,20,signal_hold,low
SIG003855,2025-12-05T03:31:00,central,Byculla,Dadar,7,platform_occupancy,medium
SIG003856,2025-12-25T00:48:00,western,Grant Road,Bandra,23,junction_congestion,high
SIG003857,2025-12-12T00:25:00,harbour,Mankhurd,Bandra,21,equipment_fault,medium
SIG003858,2025-11-03T04:41:00,harbour,Dockyard Road,Andheri,25,junction_congestion,low
SIG003859,2026-06-16T08:12:00,harbour,Mansarovar,Wadala Road,25,signal_hold,high
SIG003860,2026-04-07T03:21:00,western,Goregaon,Andheri,10,junction_congestion,high
SIG003861,2026-05-28T07:41:00,central,CSMT,Andheri,4,signal_hold,low
SIG003862,2026-08-15T14:43:00,central,Sion,Thane,17,route_conflict,high
SIG003863,2025-12-26T22:18:00,western,Andheri,Kurla,18,equipment_fault,high
SIG003864,2026-08-20T01:10:00,harbour,Khandeshwar,Dadar,16,route_conflict,medium
SIG003865,2025-11-10T22:49:00,harbour,Wadala Road,Kalyan,4,junction_congestion,low
SIG003866,2026-08-07T18:01:00,western,Ram Mandir,Andheri,17,signal_hold,high
SIG003867,2026-09-08T05:31:00,western,Mumbai Central,Kurla,22,equipment_fault,high
SIG003868,2026-07-07T18:20:00,central,Mulund,Kalyan,25,signal_hold,high
SIG003869,2026-02-22T03:41:00,central,Ghatkopar,Bandra,8,signal_hold,medium
SIG003870,2026-08-02T06:29:00,harbour,Dockyard Road,Dadar,6,platform_occupancy,high
SIG003871,2025-10-11T20:49:00,harbour,Khandeshwar,Andheri,18,platform_occupancy,medium
SIG003872,2026-09-04T23:35:00,harbour,Masjid,Dadar,6,platform_occupancy,high
SIG003873,2026-05-02T11:20:00,western,Naigaon,Bandra,5,route_conflict,medium
SIG003874,2026-02-13T14:28:00,western,Vasai Road,Dadar,13,equipment_fault,low
SIG003875,2026-07-07T22:46:00,harbour,Kharghar,Bandra,13,equipment_fault,medium
SIG003876,2026-08-28T23:18:00,central,Kanjurmarg,Andheri,16,signal_hold,medium
SIG003877,2026-08-19T04:58:00,harbour,Kharghar,Thane,3,junction_congestion,high
SIG003878,2025-12-26T05:05:00,western,Goregaon,Bandra,30,platform_occupancy,high
SIG003879,2026-01-12T10:17:00,western,Mahim,Dadar,24,signal_hold,medium
SIG003880,2026-05-06T03:16:00,western,Khar Road,Dadar,1,junction_congestion,low
SIG003881,2026-03-08T10:35:00,western,Bandra,Dadar,27,equipment_fault,medium
SIG003882,2026-01-22T23:44:00,central,Matunga,Andheri,24,signal_hold,high
SIG003883,2026-03-11T18:01:00,harbour,Reay Road,Thane,18,platform_occupancy,high
SIG003884,2025-11-18T00:42:00,western,Churchgate,Dadar,10,signal_hold,high
SIG003885,2026-08-06T12:55:00,harbour,Sandhurst Road,Bandra,1,platform_occupancy,low
SIG003886,2025-11-04T02:46:00,western,Grant Road,Thane,30,signal_hold,medium
SIG003887,2026-09-12T19:26:00,harbour,Tilak Nagar,Bandra,26,equipment_fault,medium
SIG003888,2026-04-30T18:07:00,central,Thakurli,Bandra,8,route_conflict,high
SIG003889,2026-05-29T07:04:00,western,Matunga Road,Wadala Road,3,signal_hold,low
SIG003890,2026-05-26T06:40:00,western,Vasai Road,Dadar,29,platform_occupancy,medium
SIG003891,2026-08-03T06:42:00,central,Parel,Kalyan,17,equipment_fault,medium
SIG003892,2025-12-29T00:59:00,central,Mulund,Kurla,18,platform_occupancy,medium
SIG003893,2025-12-20T22:47:00,western,Ram Mandir,Bandra,3,junction_congestion,medium
SIG003894,2026-05-28T22:42:00,western,Mumbai Central,Kurla,19,platform_occupancy,high
SIG003895,2026-09-28T10:49:00,harbour,Dockyard Road,Thane,12,platform_occupancy,low
SIG003896,2026-07-02T01:43:00,harbour,Masjid,Bandra,22,equipment_fault,medium
SIG003897,2026-01-26T01:46:00,western,Mira Road,Kalyan,1,route_conflict,medium
SIG003898,2026-05-02T03:37:00,central,Kalyan,Bandra,12,platform_occupancy,medium
SIG003899,2026-09-02T20:06:00,central,Parel,Dadar,12,signal_hold,medium
SIG003900,2025-12-14T02:08:00,western,Vile Parle,Kurla,2,equipment_fault,medium
SIG003901,2025-12-29T04:53:00,central,Kanjurmarg,Bandra,9,junction_congestion,high
SIG003902,2026-03-17T09:26:00,central,Dombivli,Andheri,2,route_conflict,low
SIG003903,2026-09-20T09:16:00,central,Vidyavihar,Kurla,17,signal_hold,low
SIG003904,2026-08-19T01:45:00,central,Chinchpokli,Bandra,10,equipment_fault,medium
SIG003905,2026-08-31T05:56:00,harbour,Cotton Green,Kalyan,2,route_conflict,high
SIG003906,2026-02-03T19:10:00,central,Kurla,Bandra,25,junction_congestion,high
SIG003907,2026-07-21T07:54:00,western,Virar,Kalyan,6,equipment_fault,high
SIG003908,2026-05-07T15:22:00,western,Vile Parle,Kalyan,14,platform_occupancy,low
SIG003909,2025-10-08T11:45:00,central,Kopar,Kalyan,22,route_conflict,low
SIG003910,2026-09-14T05:45:00,western,Nalasopara,Bandra,23,route_conflict,medium
SIG003911,2026-03-01T15:21:00,harbour,Juinagar,Kalyan,16,junction_congestion,high
SIG003912,2026-01-09T18:04:00,central,Diva,Kurla,7,equipment_fault,medium
SIG003913,2026-09-12T00:25:00,harbour,Masjid,Kalyan,29,signal_hold,medium
SIG003914,2026-07-14T10:53:00,harbour,Kharghar,Kurla,6,signal_hold,high
SIG003915,2026-06-01T15:42:00,central,Sion,Thane,1,platform_occupancy,low
SIG003916,2026-01-14T10:23:00,central,Matunga,Wadala Road,14,signal_hold,medium
SIG003917,2026-08-24T05:20:00,central,Kurla,Bandra,1,platform_occupancy,low
SIG003918,2026-05-23T05:34:00,central,Nahur,Dadar,24,junction_congestion,high
SIG003919,2026-09-03T10:02:00,central,Thakurli,Thane,12,platform_occupancy,low
SIG003920,2026-08-14T17:29:00,western,Goregaon,Andheri,28,signal_hold,low
SIG003921,2026-04-08T02:05:00,western,Nalasopara,Kurla,16,route_conflict,medium
SIG003922,2026-01-03T20:04:00,central,Kalyan,Kurla,6,signal_hold,high
SIG003923,2026-02-06T04:56:00,western,Kandivali,Kurla,16,signal_hold,low
SIG003924,2025-11-24T14:55:00,central,Vikhroli,Andheri,29,junction_congestion,medium
SIG003925,2025-12-27T21:14:00,central,Currey Road,Kalyan,6,signal_hold,medium
SIG003926,2026-01-23T18:30:00,harbour,Juinagar,Thane,4,platform_occupancy,medium
SIG003927,2026-07-22T07:00:00,harbour,Juinagar,Kurla,2,platform_occupancy,low
SIG003928,2025-12-15T09:56:00,central,Mumbra,Dadar,7,equipment_fault,low
SIG003929,2026-02-14T07:12:00,western,Virar,Kurla,24,junction_congestion,high
SIG003930,2025-10-11T03:10:00,western,Virar,Thane,6,junction_congestion,medium
SIG003931,2026-09-26T18:42:00,western,Marine Lines,Kalyan,18,signal_hold,low
SIG003932,2026-08-25T02:24:00,central,CSMT,Kurla,26,signal_hold,medium
SIG003933,2026-02-19T06:42:00,central,Byculla,Thane,22,signal_hold,low
SIG003934,2026-05-01T01:10:00,harbour,Sewri,Kurla,6,junction_congestion,medium
SIG003935,2026-02-11T15:35:00,central,Kurla,Kalyan,19,route_conflict,low
SIG003936,2026-08-17T19:30:00,western,Goregaon,Thane,26,junction_congestion,medium
SIG003937,2026-03-25T23:25:00,harbour,CSMT,Wadala Road,8,equipment_fault,low
SIG003938,2026-07-17T14:17:00,central,Kurla,Dadar,6,platform_occupancy,high
SIG003939,2026-05-25T16:39:00,western,Dahisar,Wadala Road,8,equipment_fault,low
SIG003940,2026-01-01T15:20:00,central,Thakurli,Kurla,25,junction_congestion,low
SIG003941,2025-12-03T08:33:00,western,Virar,Wadala Road,4,junction_congestion,low
SIG003942,2026-06-11T10:49:00,harbour,Masjid,Thane,25,equipment_fault,medium
SIG003943,2025-11-13T07:49:00,western,Vasai Road,Kalyan,23,junction_congestion,medium
SIG003944,2026-07-15T17:26:00,harbour,Kurla,Bandra,6,junction_congestion,low
SIG003945,2026-05-10T03:56:00,central,Matunga,Wadala Road,16,platform_occupancy,high
SIG003946,2026-06-30T01:44:00,western,Vile Parle,Andheri,1,equipment_fault,high
SIG003947,2026-08-13T15:32:00,central,CSMT,Kalyan,24,junction_congestion,medium
SIG003948,2026-07-28T13:54:00,western,Mahalaxmi,Dadar,18,signal_hold,high
SIG003949,2025-12-15T04:59:00,harbour,Cotton Green,Wadala Road,2,route_conflict,low
SIG003950,2025-11-26T14:51:00,central,Vidyavihar,Bandra,8,equipment_fault,low
SIG003951,2026-04-22T12:29:00,central,Kalwa,Wadala Road,30,signal_hold,high
SIG003952,2026-03-13T23:08:00,western,Virar,Kurla,12,route_conflict,low
SIG003953,2026-02-28T05:10:00,western,Churchgate,Kurla,8,platform_occupancy,low
SIG003954,2025-10-30T15:55:00,western,Naigaon,Thane,29,platform_occupancy,medium
SIG003955,2025-11-13T05:43:00,western,Malad,Andheri,8,platform_occupancy,medium
SIG003956,2026-05-28T06:00:00,harbour,Kharghar,Dadar,8,junction_congestion,high
SIG003957,2026-04-26T09:53:00,harbour,Sewri,Wadala Road,7,route_conflict,low
SIG003958,2026-01-27T02:40:00,central,Sion,Kalyan,30,route_conflict,high
SIG003959,2026-08-07T18:04:00,western,Churchgate,Bandra,18,signal_hold,medium
SIG003960,2026-03-17T20:07:00,western,Mumbai Central,Bandra,26,platform_occupancy,medium
SIG003961,2025-12-05T21:00:00,western,Virar,Wadala Road,2,junction_congestion,medium
SIG003962,2026-07-14T01:03:00,central,Diva,Wadala Road,20,route_conflict,low
SIG003963,2025-12-25T20:31:00,western,Prabhadevi,Kalyan,13,route_conflict,low
SIG003964,2026-09-16T08:13:00,central,Vidyavihar,Wadala Road,12,platform_occupancy,low
SIG003965,2025-11-17T17:51:00,western,Khar Road,Kurla,20,platform_occupancy,high
SIG003966,2025-12-07T15:39:00,harbour,Sewri,Kalyan,11,equipment_fault,low
SIG003967,2026-01-05T10:32:00,western,Khar Road,Kalyan,3,route_conflict,low
SIG003968,2026-09-16T16:52:00,central,Sion,Andheri,13,route_conflict,medium
SIG003969,2026-04-18T13:42:00,central,Ghatkopar,Kurla,22,equipment_fault,high
SIG003970,2026-07-18T06:46:00,central,Kanjurmarg,Dadar,29,route_conflict,high
SIG003971,2025-10-19T11:58:00,harbour,Govandi,Dadar,15,route_conflict,low
SIG003972,2025-10-04T06:48:00,harbour,Nerul,Kurla,22,equipment_fault,medium
SIG003973,2026-05-18T16:06:00,western,Dadar,Dadar,7,route_conflict,high
SIG003974,2025-12-17T02:38:00,western,Bandra,Andheri,8,platform_occupancy,medium
SIG003975,2025-10-08T05:35:00,central,Currey Road,Thane,7,route_conflict,low
SIG003976,2025-12-16T12:11:00,central,Sion,Andheri,27,signal_hold,high
SIG003977,2026-08-18T13:48:00,central,Mumbra,Kalyan,21,route_conflict,medium
SIG003978,2026-09-05T10:20:00,harbour,Reay Road,Thane,23,platform_occupancy,low
SIG003979,2026-01-20T15:33:00,western,Jogeshwari,Wadala Road,8,platform_occupancy,high
SIG003980,2026-05-22T23:45:00,harbour,Juinagar,Bandra,4,equipment_fault,low
SIG003981,2025-10-06T09:44:00,central,Kalwa,Kalyan,16,signal_hold,medium
SIG003982,2026-09-24T18:43:00,harbour,Chembur,Bandra,19,route_conflict,low
SIG003983,2026-03-20T17:48:00,western,Goregaon,Wadala Road,18,junction_congestion,medium
SIG003984,2025-12-09T09:03:00,central,Diva,Dadar,6,platform_occupancy,medium
SIG003985,2026-04-30T01:15:00,central,Kurla,Dadar,29,equipment_fault,medium
SIG003986,2026-06-19T14:49:00,harbour,Sanpada,Wadala Road,7,equipment_fault,low
SIG003987,2026-05-22T11:34:00,harbour,Govandi,Andheri,26,junction_congestion,low
SIG003988,2026-07-22T13:41:00,western,Churchgate,Andheri,17,platform_occupancy,medium
SIG003989,2026-09-17T04:01:00,western,Borivali,Wadala Road,25,route_conflict,medium
SIG003990,2026-05-11T04:46:00,western,Nalasopara,Bandra,21,platform_occupancy,high
SIG003991,2026-06-29T18:42:00,western,Naigaon,Wadala Road,13,route_conflict,high
SIG003992,2026-01-24T19:08:00,western,Mahalaxmi,Bandra,12,signal_hold,low
SIG003993,2026-02-11T12:17:00,central,Kalyan,Bandra,22,junction_congestion,low
SIG003994,2026-05-07T08:42:00,central,Dadar,Wadala Road,14,route_conflict,high
SIG003995,2026-04-02T11:10:00,western,Kandivali,Dadar,3,route_conflict,low
SIG003996,2026-03-28T21:38:00,central,Chinchpokli,Thane,19,equipment_fault,low
SIG003997,2025-10-09T08:00:00,western,Malad,Andheri,21,junction_congestion,medium
SIG003998,2026-02-01T23:10:00,harbour,Mankhurd,Dadar,5,junction_congestion,medium
SIG003999,2025-10-01T04:18:00,central,Ghatkopar,Bandra,27,signal_hold,high
SIG004000,2026-06-21T02:17:00,central,Matunga,Kurla,3,junction_congestion,medium
SIG004001,2025-10-29T15:29:00,western,Dahisar,Kurla,20,signal_hold,low
SIG004002,2025-12-01T11:02:00,harbour,Wadala Road,Kurla,12,route_conflict,high
SIG004003,2026-02-07T08:25:00,western,Mahalaxmi,Thane,27,junction_congestion,low
SIG004004,2025-12-03T05:42:00,harbour,Wadala Road,Kalyan,28,signal_hold,high
SIG004005,2025-11-04T01:29:00,central,CSMT,Wadala Road,5,junction_congestion,medium
SIG004006,2025-10-28T03:22:00,central,Kanjurmarg,Thane,13,signal_hold,high
SIG004007,2026-08-01T08:49:00,western,Andheri,Kalyan,28,route_conflict,medium
SIG004008,2026-04-23T21:28:00,western,Dahisar,Wadala Road,23,platform_occupancy,low
SIG004009,2025-10-11T17:20:00,harbour,Kurla,Kurla,15,route_conflict,low
SIG004010,2026-04-16T14:39:00,central,Chinchpokli,Kalyan,27,junction_congestion,high
SIG004011,2026-01-15T18:15:00,western,Borivali,Dadar,7,route_conflict,medium
SIG004012,2025-12-23T11:56:00,western,Kandivali,Bandra,20,platform_occupancy,medium
SIG004013,2025-12-07T19:58:00,central,Vidyavihar,Kurla,7,signal_hold,medium
SIG004014,2026-06-12T02:37:00,central,Vidyavihar,Dadar,30,route_conflict,medium
SIG004015,2026-02-08T02:36:00,central,Mulund,Andheri,29,junction_congestion,high
SIG004016,2026-06-21T14:37:00,central,Bhandup,Bandra,2,junction_congestion,high
SIG004017,2026-03-01T18:32:00,central,Diva,Thane,6,equipment_fault,low
SIG004018,2026-04-21T00:40:00,central,Chinchpokli,Kalyan,11,platform_occupancy,low
SIG004019,2026-08-18T09:40:00,western,Charni Road,Bandra,28,junction_congestion,high
SIG004020,2026-02-15T11:16:00,western,Matunga Road,Andheri,6,signal_hold,low
SIG004021,2026-04-28T00:13:00,harbour,Wadala Road,Kalyan,10,platform_occupancy,medium
SIG004022,2025-11-26T15:07:00,central,Dadar,Kurla,9,platform_occupancy,medium
SIG004023,2026-06-02T02:45:00,western,Jogeshwari,Bandra,13,equipment_fault,medium
SIG004024,2026-08-23T16:28:00,harbour,Panvel,Dadar,6,platform_occupancy,medium
SIG004025,2026-06-27T05:22:00,harbour,Wadala Road,Kalyan,27,route_conflict,medium
SIG004026,2025-10-31T04:36:00,central,Thakurli,Kalyan,6,route_conflict,high
SIG004027,2026-08-12T22:29:00,harbour,Mansarovar,Thane,3,signal_hold,low
SIG004028,2026-06-04T18:46:00,western,Jogeshwari,Bandra,11,platform_occupancy,medium
SIG004029,2026-04-14T02:11:00,western,Charni Road,Kalyan,24,platform_occupancy,low
SIG004030,2026-05-22T22:53:00,harbour,Seawoods-Darave,Dadar,27,signal_hold,high
SIG004031,2026-03-10T11:19:00,central,Kalwa,Dadar,9,junction_congestion,low
SIG004032,2026-05-10T21:27:00,central,Kopar,Andheri,14,signal_hold,medium
SIG004033,2026-03-11T17:59:00,central,Thane,Wadala Road,9,platform_occupancy,low
SIG004034,2026-08-29T19:17:00,western,Khar Road,Andheri,13,signal_hold,high
SIG004035,2026-08-25T16:18:00,harbour,Tilak Nagar,Kalyan,9,junction_congestion,medium
SIG004036,2026-01-04T15:55:00,harbour,Chembur,Bandra,8,junction_congestion,high
SIG004037,2025-11-18T21:25:00,central,Dombivli,Thane,29,signal_hold,high
SIG004038,2026-06-29T10:34:00,harbour,Khandeshwar,Wadala Road,19,signal_hold,low
SIG004039,2026-01-17T14:37:00,central,Mulund,Andheri,6,equipment_fault,low
SIG004040,2025-10-09T01:51:00,harbour,Chunabhatti,Thane,2,junction_congestion,high
SIG004041,2026-07-08T09:23:00,western,Matunga Road,Kurla,12,junction_congestion,medium
SIG004042,2025-10-25T05:22:00,central,Byculla,Kurla,23,route_conflict,medium
SIG004043,2026-04-13T10:19:00,central,Mumbra,Wadala Road,8,route_conflict,low
SIG004044,2026-07-16T14:51:00,central,Kopar,Kalyan,22,route_conflict,low
SIG004045,2026-07-22T14:03:00,central,Thakurli,Bandra,29,signal_hold,high
SIG004046,2026-01-07T18:28:00,western,Mira Road,Kurla,14,junction_congestion,medium
SIG004047,2026-04-23T18:29:00,western,Malad,Dadar,25,equipment_fault,medium
SIG004048,2026-08-10T18:39:00,central,Matunga,Wadala Road,25,platform_occupancy,high
SIG004049,2025-11-03T23:58:00,central,Mulund,Bandra,7,equipment_fault,medium
SIG004050,2026-02-26T19:16:00,central,Dombivli,Bandra,6,equipment_fault,high
SIG004051,2026-09-16T16:10:00,central,CSMT,Andheri,28,platform_occupancy,high
SIG004052,2026-05-23T22:46:00,western,Nalasopara,Andheri,21,platform_occupancy,high
SIG004053,2026-01-09T12:36:00,western,Vasai Road,Dadar,23,junction_congestion,low
SIG004054,2026-04-10T01:06:00,harbour,Juinagar,Kalyan,25,signal_hold,high
SIG004055,2026-07-20T08:14:00,harbour,Khandeshwar,Kalyan,1,junction_congestion,medium
SIG004056,2026-02-27T22:56:00,western,Vasai Road,Dadar,25,signal_hold,medium
SIG004057,2026-01-27T14:10:00,harbour,Kharghar,Dadar,16,route_conflict,high
SIG004058,2026-02-07T02:44:00,harbour,Seawoods-Darave,Dadar,22,equipment_fault,high
SIG004059,2026-01-25T07:37:00,central,Currey Road,Wadala Road,5,junction_congestion,high
SIG004060,2026-05-24T02:21:00,western,Bhayandar,Bandra,8,junction_congestion,low
SIG004061,2026-08-30T04:06:00,harbour,CSMT,Wadala Road,14,platform_occupancy,high
SIG004062,2026-04-10T02:01:00,western,Khar Road,Wadala Road,10,route_conflict,low
SIG004063,2026-02-28T04:25:00,harbour,Mansarovar,Wadala Road,18,route_conflict,low
SIG004064,2026-03-22T20:57:00,central,Vidyavihar,Andheri,21,equipment_fault,high
SIG004065,2025-10-15T00:54:00,western,Matunga Road,Thane,25,equipment_fault,high
SIG004066,2026-08-01T18:38:00,central,CSMT,Kalyan,20,route_conflict,low
SIG004067,2026-06-05T13:33:00,harbour,Mankhurd,Kurla,1,platform_occupancy,medium
SIG004068,2026-01-27T06:15:00,central,Sion,Wadala Road,30,equipment_fault,high
SIG004069,2026-04-21T09:17:00,harbour,Wadala Road,Bandra,2,route_conflict,high
SIG004070,2025-11-24T20:44:00,central,Kalyan,Wadala Road,4,junction_congestion,medium
SIG004071,2025-10-05T01:31:00,central,Kopar,Kalyan,21,platform_occupancy,high
SIG004072,2026-03-11T12:07:00,harbour,Dockyard Road,Thane,29,equipment_fault,high
SIG004073,2025-11-07T17:21:00,western,Khar Road,Andheri,28,platform_occupancy,high
SIG004074,2026-01-12T08:10:00,harbour,Sanpada,Dadar,11,signal_hold,low
SIG004075,2026-08-23T18:47:00,western,Grant Road,Kalyan,2,equipment_fault,low
SIG004076,2026-07-28T04:52:00,harbour,Chunabhatti,Dadar,15,signal_hold,low
SIG004077,2025-10-23T15:17:00,harbour,CBD Belapur,Wadala Road,2,equipment_fault,high
SIG004078,2025-11-17T18:16:00,central,Dadar,Kalyan,5,equipment_fault,low
SIG004079,2026-07-29T21:59:00,harbour,Cotton Green,Andheri,28,platform_occupancy,medium
SIG004080,2026-05-26T13:36:00,western,Borivali,Bandra,1,junction_congestion,low
SIG004081,2026-06-04T18:20:00,harbour,Cotton Green,Andheri,21,junction_congestion,high
SIG004082,2026-04-19T16:38:00,western,Charni Road,Kalyan,18,signal_hold,medium
SIG004083,2025-12-21T19:09:00,harbour,Seawoods-Darave,Kalyan,28,signal_hold,low
SIG004084,2026-09-09T21:07:00,central,Kanjurmarg,Kurla,1,equipment_fault,low
SIG004085,2026-01-06T04:32:00,western,Prabhadevi,Wadala Road,4,junction_congestion,low
SIG004086,2026-02-05T14:22:00,central,Matunga,Andheri,29,platform_occupancy,medium
SIG004087,2026-04-15T02:46:00,western,Mahim,Bandra,20,junction_congestion,high
SIG004088,2026-02-11T21:32:00,harbour,Guru Tegh Bahadur Nagar,Thane,17,junction_congestion,low
SIG004089,2025-11-29T03:28:00,western,Churchgate,Andheri,24,platform_occupancy,high
SIG004090,2026-01-12T20:11:00,central,Dadar,Andheri,29,platform_occupancy,low
SIG004091,2026-07-24T23:12:00,harbour,CSMT,Wadala Road,3,route_conflict,low
SIG004092,2026-08-30T21:22:00,central,Sion,Dadar,6,equipment_fault,medium
SIG004093,2026-08-25T15:53:00,central,Thakurli,Dadar,8,equipment_fault,medium
SIG004094,2026-08-23T20:23:00,western,Mumbai Central,Bandra,10,route_conflict,medium
SIG004095,2026-05-20T17:44:00,western,Nalasopara,Bandra,29,platform_occupancy,low
SIG004096,2026-06-14T06:25:00,central,Sion,Andheri,25,junction_congestion,medium
SIG004097,2026-09-30T23:40:00,western,Dahisar,Wadala Road,27,junction_congestion,medium
SIG004098,2026-04-21T17:04:00,harbour,CSMT,Kurla,28,junction_congestion,high
SIG004099,2026-04-17T01:08:00,harbour,Juinagar,Kurla,4,platform_occupancy,high
SIG004100,2026-08-25T23:14:00,central,Sion,Wadala Road,12,platform_occupancy,high
SIG004101,2026-07-19T07:39:00,central,Parel,Kurla,5,route_conflict,medium
SIG004102,2025-10-28T23:47:00,central,Kanjurmarg,Bandra,15,equipment_fault,high
SIG004103,2026-07-24T21:59:00,central,Mumbra,Dadar,5,platform_occupancy,high
SIG004104,2026-05-15T00:50:00,harbour,Vashi,Bandra,29,route_conflict,low
SIG004105,2025-11-06T18:30:00,central,Dadar,Wadala Road,17,junction_congestion,low
SIG004106,2026-01-29T17:18:00,central,Mumbra,Wadala Road,5,signal_hold,medium
SIG004107,2026-07-31T14:46:00,central,Chinchpokli,Kalyan,30,equipment_fault,high
SIG004108,2026-07-25T05:29:00,western,Lower Parel,Thane,13,equipment_fault,high
SIG004109,2026-01-21T08:56:00,harbour,Khandeshwar,Wadala Road,26,equipment_fault,low
SIG004110,2026-03-06T19:16:00,central,Kalwa,Andheri,16,junction_congestion,high
SIG004111,2026-09-03T20:50:00,harbour,Vashi,Kalyan,20,route_conflict,medium
SIG004112,2026-08-12T21:41:00,western,Matunga Road,Dadar,8,platform_occupancy,high
SIG004113,2026-02-03T17:34:00,western,Jogeshwari,Bandra,26,platform_occupancy,high
SIG004114,2026-03-29T20:58:00,western,Mahim,Kurla,20,equipment_fault,high
SIG004115,2026-02-16T01:29:00,harbour,Sandhurst Road,Kurla,5,junction_congestion,low
SIG004116,2025-10-22T08:35:00,western,Virar,Dadar,10,platform_occupancy,low
SIG004117,2026-09-05T15:06:00,central,Parel,Bandra,20,signal_hold,medium
SIG004118,2026-03-15T04:07:00,western,Nalasopara,Thane,24,equipment_fault,low
SIG004119,2026-03-08T13:03:00,central,Currey Road,Dadar,7,equipment_fault,high
SIG004120,2026-09-26T23:05:00,central,Parel,Andheri,27,equipment_fault,medium
SIG004121,2026-01-05T09:46:00,western,Goregaon,Wadala Road,18,junction_congestion,high
SIG004122,2026-05-27T06:40:00,harbour,Chembur,Thane,6,route_conflict,medium
SIG004123,2025-10-09T06:28:00,central,Diva,Andheri,21,route_conflict,low
SIG004124,2026-02-11T00:03:00,western,Mahim,Bandra,8,signal_hold,high
SIG004125,2026-09-18T18:53:00,central,Bhandup,Wadala Road,26,signal_hold,high
SIG004126,2026-04-09T01:38:00,harbour,Seawoods-Darave,Kalyan,5,equipment_fault,high
SIG004127,2025-10-25T17:24:00,harbour,Tilak Nagar,Kalyan,18,route_conflict,low
SIG004128,2025-12-02T00:32:00,central,Dombivli,Thane,8,signal_hold,medium
SIG004129,2026-07-25T10:54:00,central,Currey Road,Wadala Road,14,equipment_fault,medium
SIG004130,2026-09-15T17:42:00,western,Bhayandar,Bandra,21,platform_occupancy,low
SIG004131,2026-05-14T11:00:00,western,Naigaon,Thane,16,platform_occupancy,low
SIG004132,2026-01-27T23:02:00,central,Sion,Dadar,22,route_conflict,medium
SIG004133,2026-05-18T22:06:00,central,Currey Road,Dadar,2,junction_congestion,medium
SIG004134,2026-09-27T01:55:00,western,Kandivali,Kurla,3,junction_congestion,medium
SIG004135,2025-11-15T05:26:00,western,Santacruz,Dadar,25,equipment_fault,high
SIG004136,2026-02-08T14:10:00,western,Mumbai Central,Andheri,11,equipment_fault,high
SIG004137,2025-11-21T16:30:00,harbour,Sewri,Wadala Road,16,route_conflict,low
SIG004138,2026-08-31T16:28:00,western,Lower Parel,Thane,24,route_conflict,medium
SIG004139,2026-05-15T02:32:00,central,Nahur,Thane,18,equipment_fault,low
SIG004140,2026-04-16T06:54:00,central,Bhandup,Dadar,15,equipment_fault,medium
SIG004141,2026-01-02T16:41:00,western,Mahim,Dadar,30,signal_hold,high
SIG004142,2026-09-08T13:27:00,central,Ghatkopar,Dadar,25,equipment_fault,low
SIG004143,2026-09-09T03:06:00,harbour,Masjid,Andheri,18,platform_occupancy,low
SIG004144,2026-09-17T22:39:00,harbour,Wadala Road,Andheri,6,equipment_fault,high
SIG004145,2026-06-10T18:14:00,western,Dadar,Thane,13,route_conflict,medium
SIG004146,2025-10-27T23:18:00,harbour,Sandhurst Road,Wadala Road,26,platform_occupancy,high
SIG004147,2025-10-02T01:26:00,central,Vikhroli,Wadala Road,24,signal_hold,high
SIG004148,2025-12-09T11:52:00,central,Nahur,Thane,9,equipment_fault,medium
SIG004149,2026-06-24T07:51:00,western,Malad,Andheri,4,junction_congestion,low
SIG004150,2026-09-24T04:31:00,central,CSMT,Dadar,10,signal_hold,high
SIG004151,2026-03-29T00:11:00,western,Dahisar,Thane,11,platform_occupancy,low
SIG004152,2026-04-20T04:32:00,western,Bhayandar,Kurla,20,equipment_fault,low
SIG004153,2026-02-07T18:27:00,western,Naigaon,Wadala Road,1,route_conflict,high
SIG004154,2026-07-06T14:45:00,central,Dadar,Bandra,24,signal_hold,low
SIG004155,2026-06-28T16:44:00,harbour,Juinagar,Kalyan,22,platform_occupancy,high
SIG004156,2025-10-16T07:43:00,harbour,Mankhurd,Wadala Road,18,signal_hold,low
SIG004157,2026-07-13T06:11:00,central,Dadar,Wadala Road,23,platform_occupancy,low
SIG004158,2026-07-06T06:19:00,central,Thakurli,Kalyan,23,equipment_fault,low
SIG004159,2026-02-26T08:19:00,harbour,Wadala Road,Thane,24,junction_congestion,low
SIG004160,2026-02-23T16:46:00,western,Lower Parel,Wadala Road,15,platform_occupancy,medium
SIG004161,2025-10-16T01:08:00,harbour,Sanpada,Dadar,25,junction_congestion,medium
SIG004162,2025-10-31T23:59:00,harbour,Khandeshwar,Wadala Road,18,junction_congestion,low
SIG004163,2026-01-31T11:17:00,western,Borivali,Andheri,4,equipment_fault,high
SIG004164,2025-12-07T11:17:00,harbour,Khandeshwar,Bandra,23,platform_occupancy,low
SIG004165,2025-11-27T10:11:00,western,Lower Parel,Andheri,28,route_conflict,medium
SIG004166,2026-07-03T16:01:00,western,Grant Road,Thane,18,platform_occupancy,high
SIG004167,2026-06-04T11:46:00,harbour,Masjid,Thane,6,junction_congestion,low
SIG004168,2026-02-13T18:48:00,harbour,Dockyard Road,Dadar,20,junction_congestion,low
SIG004169,2026-05-04T00:11:00,central,Dombivli,Andheri,6,route_conflict,low
SIG004170,2026-05-17T07:29:00,western,Malad,Kalyan,22,signal_hold,medium
SIG004171,2026-09-13T15:17:00,central,Vikhroli,Andheri,9,platform_occupancy,medium
SIG004172,2025-11-11T06:59:00,harbour,Kharghar,Andheri,25,route_conflict,high
SIG004173,2026-02-21T05:20:00,western,Vile Parle,Bandra,3,platform_occupancy,medium
SIG004174,2025-11-23T11:15:00,harbour,Nerul,Thane,24,route_conflict,high
SIG004175,2026-04-17T06:46:00,central,Mulund,Bandra,13,junction_congestion,low
SIG004176,2026-07-24T16:37:00,western,Prabhadevi,Thane,23,equipment_fault,medium
SIG004177,2025-10-03T00:30:00,central,Sion,Dadar,5,junction_congestion,low
SIG004178,2026-05-08T07:58:00,western,Mumbai Central,Thane,16,equipment_fault,medium
SIG004179,2025-10-05T07:46:00,western,Khar Road,Wadala Road,13,signal_hold,medium
SIG004180,2025-11-07T17:51:00,central,Sion,Dadar,13,junction_congestion,low
SIG004181,2026-08-13T00:13:00,western,Bandra,Dadar,5,equipment_fault,high
SIG004182,2025-12-03T21:11:00,harbour,CBD Belapur,Kalyan,9,signal_hold,high
SIG004183,2025-12-27T21:05:00,western,Nalasopara,Kurla,19,signal_hold,high
SIG004184,2025-12-26T02:50:00,western,Marine Lines,Bandra,24,route_conflict,high
SIG004185,2025-10-21T23:32:00,western,Bandra,Kurla,1,equipment_fault,medium
SIG004186,2026-06-04T19:52:00,western,Dahisar,Kurla,25,junction_congestion,medium
SIG004187,2026-09-06T09:59:00,harbour,Seawoods-Darave,Thane,8,signal_hold,high
SIG004188,2026-02-13T22:20:00,central,Byculla,Dadar,20,equipment_fault,medium
SIG004189,2025-11-01T07:26:00,western,Nalasopara,Kalyan,12,junction_congestion,medium
SIG004190,2026-05-23T05:46:00,central,Kurla,Andheri,19,route_conflict,low
SIG004191,2026-05-21T07:19:00,central,Kalyan,Wadala Road,20,platform_occupancy,high
SIG004192,2026-04-26T18:12:00,central,Sion,Wadala Road,3,signal_hold,high
SIG004193,2025-10-12T20:41:00,harbour,Juinagar,Dadar,23,equipment_fault,high
SIG004194,2026-07-11T11:19:00,central,Kopar,Thane,17,route_conflict,medium
SIG004195,2026-04-25T01:36:00,central,Kanjurmarg,Kalyan,6,route_conflict,high
SIG004196,2026-06-28T03:36:00,western,Grant Road,Kalyan,20,junction_congestion,low
SIG004197,2026-05-18T07:13:00,harbour,Govandi,Kalyan,1,route_conflict,medium
SIG004198,2025-12-14T16:10:00,central,Parel,Thane,18,junction_congestion,low
SIG004199,2026-08-22T23:09:00,western,Matunga Road,Kalyan,28,route_conflict,medium
SIG004200,2026-07-23T17:11:00,western,Mumbai Central,Kurla,12,signal_hold,medium
SIG004201,2026-06-23T21:44:00,western,Charni Road,Thane,7,signal_hold,low
SIG004202,2026-08-18T06:51:00,western,Borivali,Andheri,21,signal_hold,medium
SIG004203,2026-09-27T22:35:00,western,Mahim,Kalyan,2,platform_occupancy,high
SIG004204,2026-08-17T10:12:00,harbour,Masjid,Thane,5,route_conflict,medium
SIG004205,2026-05-09T01:42:00,western,Lower Parel,Kurla,19,platform_occupancy,medium
SIG004206,2026-08-19T02:24:00,harbour,Guru Tegh Bahadur Nagar,Dadar,23,junction_congestion,medium
SIG004207,2026-06-24T01:14:00,western,Grant Road,Andheri,26,platform_occupancy,high
SIG004208,2026-09-06T10:49:00,harbour,Masjid,Thane,24,junction_congestion,low
SIG004209,2025-11-28T05:15:00,harbour,Sanpada,Andheri,19,equipment_fault,medium
SIG004210,2026-08-13T13:24:00,harbour,Chunabhatti,Bandra,23,junction_congestion,high
SIG004211,2026-03-06T10:02:00,central,Ghatkopar,Kalyan,29,signal_hold,high
SIG004212,2026-03-21T03:49:00,western,Virar,Thane,23,equipment_fault,medium
SIG004213,2026-04-11T02:59:00,harbour,Kharghar,Wadala Road,15,junction_congestion,high
SIG004214,2025-10-06T00:51:00,central,Dombivli,Kalyan,2,route_conflict,low
SIG004215,2026-09-14T06:21:00,central,Kalyan,Dadar,18,platform_occupancy,low
SIG004216,2025-10-05T08:29:00,harbour,Dockyard Road,Wadala Road,6,route_conflict,low
SIG004217,2026-06-20T01:22:00,central,Mulund,Kurla,7,route_conflict,low
SIG004218,2026-09-14T20:08:00,western,Naigaon,Andheri,5,route_conflict,high
SIG004219,2026-07-22T19:39:00,central,Kurla,Dadar,6,equipment_fault,low
SIG004220,2026-05-23T14:09:00,western,Bhayandar,Kurla,27,junction_congestion,medium
SIG004221,2026-07-01T20:09:00,harbour,Nerul,Andheri,6,platform_occupancy,low
SIG004222,2026-08-16T21:15:00,central,Sion,Wadala Road,30,route_conflict,low
SIG004223,2026-06-04T05:33:00,harbour,Reay Road,Dadar,5,route_conflict,high
SIG004224,2026-02-10T18:59:00,western,Goregaon,Dadar,9,signal_hold,low
SIG004225,2026-08-05T05:21:00,harbour,Sewri,Kurla,25,route_conflict,high
SIG004226,2026-04-22T02:08:00,central,Parel,Kurla,10,junction_congestion,high
SIG004227,2025-11-21T09:51:00,harbour,Nerul,Wadala Road,5,equipment_fault,low
SIG004228,2026-09-17T21:46:00,central,Ghatkopar,Bandra,3,platform_occupancy,medium
SIG004229,2026-06-07T02:34:00,western,Virar,Kalyan,2,junction_congestion,medium
SIG004230,2026-08-14T18:56:00,harbour,Mansarovar,Wadala Road,20,signal_hold,low
SIG004231,2026-03-11T00:39:00,western,Churchgate,Dadar,23,junction_congestion,medium
SIG004232,2026-03-29T00:37:00,western,Borivali,Kurla,6,junction_congestion,high
SIG004233,2026-01-18T15:00:00,western,Andheri,Kalyan,15,junction_congestion,low
SIG004234,2026-02-26T08:49:00,western,Santacruz,Andheri,17,signal_hold,medium
SIG004235,2026-07-20T14:07:00,central,Kalyan,Kalyan,1,junction_congestion,low
SIG004236,2026-02-28T23:26:00,harbour,Tilak Nagar,Dadar,8,junction_congestion,low
SIG004237,2026-06-01T23:33:00,harbour,Kurla,Kurla,20,equipment_fault,medium
SIG004238,2026-01-07T12:03:00,harbour,Chunabhatti,Dadar,24,signal_hold,high
SIG004239,2026-09-10T08:49:00,harbour,Chunabhatti,Andheri,2,route_conflict,medium
SIG004240,2026-04-15T18:56:00,western,Borivali,Andheri,28,junction_congestion,medium
SIG004241,2026-06-25T02:42:00,harbour,Cotton Green,Kalyan,15,junction_congestion,low
SIG004242,2026-06-28T08:04:00,harbour,CSMT,Bandra,30,junction_congestion,low
SIG004243,2025-10-11T01:03:00,western,Prabhadevi,Andheri,13,route_conflict,high
SIG004244,2026-06-17T20:03:00,harbour,Chembur,Bandra,9,junction_congestion,high
SIG004245,2025-11-21T16:21:00,central,Mumbra,Kalyan,9,platform_occupancy,high
SIG004246,2026-09-19T16:14:00,harbour,Nerul,Kurla,4,equipment_fault,low
SIG004247,2026-09-18T17:35:00,harbour,Nerul,Bandra,18,platform_occupancy,high
SIG004248,2025-11-26T08:25:00,central,Diva,Andheri,17,junction_congestion,low
SIG004249,2026-05-18T08:55:00,central,CSMT,Bandra,10,equipment_fault,high
SIG004250,2026-03-01T02:58:00,western,Vasai Road,Kalyan,25,junction_congestion,medium
SIG004251,2026-03-07T15:13:00,western,Mumbai Central,Andheri,8,equipment_fault,medium
SIG004252,2026-07-05T10:33:00,western,Mumbai Central,Dadar,6,equipment_fault,high
SIG004253,2025-11-24T08:15:00,harbour,Dockyard Road,Thane,20,platform_occupancy,high
SIG004254,2026-06-05T04:02:00,western,Dadar,Dadar,1,signal_hold,low
SIG004255,2026-08-24T23:50:00,central,Kalyan,Andheri,30,route_conflict,low
SIG004256,2026-02-18T14:48:00,harbour,Sanpada,Andheri,30,platform_occupancy,medium
SIG004257,2026-05-07T13:52:00,western,Vasai Road,Andheri,6,platform_occupancy,medium
SIG004258,2026-09-01T18:13:00,harbour,Sanpada,Andheri,16,signal_hold,high
SIG004259,2026-09-30T22:52:00,harbour,Reay Road,Kurla,7,junction_congestion,high
SIG004260,2026-09-17T18:24:00,western,Mahim,Andheri,18,platform_occupancy,low
SIG004261,2026-07-10T11:37:00,harbour,Masjid,Kalyan,23,signal_hold,high
SIG004262,2026-02-23T14:00:00,harbour,Khandeshwar,Thane,19,platform_occupancy,medium
SIG004263,2026-05-11T18:49:00,central,Kalyan,Wadala Road,20,equipment_fault,medium
SIG004264,2026-07-13T00:28:00,western,Bhayandar,Andheri,11,equipment_fault,medium
SIG004265,2026-08-20T04:21:00,harbour,Guru Tegh Bahadur Nagar,Wadala Road,25,junction_congestion,low
SIG004266,2026-03-25T19:30:00,western,Nalasopara,Wadala Road,28,junction_congestion,low
SIG004267,2026-02-24T14:30:00,central,Currey Road,Dadar,27,equipment_fault,low
SIG004268,2026-01-11T11:03:00,central,Chinchpokli,Kalyan,13,route_conflict,low
SIG004269,2025-12-12T01:23:00,central,Ghatkopar,Thane,29,platform_occupancy,high
SIG004270,2026-08-24T09:39:00,harbour,Sanpada,Kalyan,9,platform_occupancy,medium
SIG004271,2026-07-18T05:59:00,central,Ghatkopar,Bandra,25,platform_occupancy,medium
SIG004272,2026-06-14T08:46:00,western,Mahalaxmi,Thane,16,junction_congestion,medium
SIG004273,2025-10-05T03:58:00,western,Marine Lines,Kalyan,17,junction_congestion,medium
SIG004274,2026-07-30T03:20:00,harbour,Reay Road,Thane,22,signal_hold,medium
SIG004275,2025-11-21T21:54:00,central,Kanjurmarg,Thane,9,platform_occupancy,low
SIG004276,2026-01-21T01:42:00,western,Virar,Thane,28,platform_occupancy,medium
SIG004277,2025-11-20T00:48:00,harbour,Nerul,Wadala Road,16,platform_occupancy,low
SIG004278,2026-01-13T15:41:00,western,Lower Parel,Wadala Road,14,equipment_fault,medium
SIG004279,2025-10-13T08:53:00,harbour,Panvel,Kurla,27,platform_occupancy,medium
SIG004280,2025-10-31T12:11:00,harbour,Sandhurst Road,Kalyan,1,route_conflict,medium
SIG004281,2026-02-19T06:08:00,western,Virar,Wadala Road,10,platform_occupancy,low
SIG004282,2026-03-04T11:46:00,harbour,CBD Belapur,Kalyan,2,route_conflict,low
SIG004283,2026-05-31T07:49:00,harbour,Masjid,Wadala Road,20,equipment_fault,low
SIG004284,2025-10-23T03:13:00,harbour,Panvel,Bandra,9,signal_hold,low
SIG004285,2026-04-14T23:07:00,harbour,Nerul,Dadar,19,junction_congestion,high
SIG004286,2025-11-18T05:09:00,harbour,Vashi,Wadala Road,16,equipment_fault,medium
SIG004287,2026-01-07T06:03:00,central,Ghatkopar,Kurla,18,platform_occupancy,low
SIG004288,2026-03-02T17:33:00,central,Kanjurmarg,Wadala Road,9,equipment_fault,low
SIG004289,2026-05-06T14:19:00,central,Byculla,Kalyan,7,platform_occupancy,medium
SIG004290,2026-09-24T08:49:00,central,Thane,Dadar,19,platform_occupancy,medium
SIG004291,2026-03-12T05:13:00,harbour,Guru Tegh Bahadur Nagar,Andheri,1,platform_occupancy,high
SIG004292,2025-11-02T21:10:00,western,Borivali,Kalyan,1,route_conflict,high
SIG004293,2026-04-01T18:06:00,central,Parel,Andheri,28,signal_hold,low
SIG004294,2025-12-05T13:16:00,central,Thane,Wadala Road,25,route_conflict,medium
SIG004295,2026-04-23T03:45:00,harbour,CSMT,Kalyan,7,platform_occupancy,low
SIG004296,2025-10-30T18:14:00,western,Grant Road,Wadala Road,24,junction_congestion,high
SIG004297,2026-08-31T20:13:00,central,Vidyavihar,Wadala Road,14,junction_congestion,medium
SIG004298,2026-06-24T00:04:00,western,Borivali,Thane,3,equipment_fault,medium
SIG004299,2026-04-13T15:29:00,harbour,Sanpada,Andheri,6,route_conflict,low
SIG004300,2026-09-30T17:10:00,harbour,Panvel,Andheri,5,equipment_fault,medium
SIG004301,2026-07-16T16:08:00,harbour,Sanpada,Bandra,9,signal_hold,high
SIG004302,2026-08-03T01:00:00,western,Prabhadevi,Andheri,25,route_conflict,low
SIG004303,2026-08-09T15:39:00,western,Mira Road,Andheri,12,equipment_fault,medium
SIG004304,2026-04-22T20:29:00,western,Vile Parle,Kalyan,27,junction_congestion,medium
SIG004305,2026-03-02T18:17:00,western,Nalasopara,Kalyan,7,signal_hold,medium
SIG004306,2026-07-21T08:24:00,western,Vasai Road,Wadala Road,7,signal_hold,medium
SIG004307,2025-12-07T04:34:00,harbour,Panvel,Dadar,15,equipment_fault,high
SIG004308,2026-01-17T22:07:00,central,Parel,Kalyan,27,platform_occupancy,medium
SIG004309,2026-05-16T11:44:00,central,Diva,Wadala Road,19,signal_hold,medium
SIG004310,2026-01-20T05:43:00,western,Mumbai Central,Kalyan,24,route_conflict,low
SIG004311,2026-09-10T23:30:00,western,Vile Parle,Wadala Road,17,equipment_fault,low
SIG004312,2026-01-19T07:43:00,western,Prabhadevi,Kalyan,22,equipment_fault,low
SIG004313,2025-10-27T03:36:00,harbour,Panvel,Kalyan,11,platform_occupancy,high
SIG004314,2026-08-23T05:44:00,western,Borivali,Wadala Road,9,junction_congestion,medium
SIG004315,2026-05-24T04:08:00,harbour,Guru Tegh Bahadur Nagar,Dadar,21,junction_congestion,medium
SIG004316,2026-09-27T11:12:00,central,Ghatkopar,Kurla,19,equipment_fault,low
SIG004317,2025-10-29T23:24:00,central,Kalyan,Kurla,15,equipment_fault,low
SIG004318,2026-06-14T20:37:00,harbour,Sandhurst Road,Thane,16,equipment_fault,low
SIG004319,2026-05-09T06:34:00,central,Thane,Wadala Road,25,junction_congestion,low
SIG004320,2026-07-22T21:39:00,harbour,Sewri,Wadala Road,9,equipment_fault,high
SIG004321,2026-08-19T19:07:00,central,Matunga,Wadala Road,1,route_conflict,low
SIG004322,2026-09-14T18:53:00,central,Chinchpokli,Kurla,8,equipment_fault,medium
SIG004323,2025-12-19T04:58:00,western,Grant Road,Andheri,26,equipment_fault,low
SIG004324,2026-06-01T00:31:00,harbour,Sandhurst Road,Wadala Road,29,equipment_fault,low
SIG004325,2026-01-21T15:20:00,harbour,CBD Belapur,Bandra,18,equipment_fault,high
SIG004326,2026-07-09T18:43:00,harbour,Panvel,Dadar,17,route_conflict,low
SIG004327,2026-09-21T16:21:00,western,Khar Road,Kalyan,23,equipment_fault,low
SIG004328,2025-12-26T05:34:00,western,Vile Parle,Wadala Road,5,route_conflict,medium
SIG004329,2026-01-15T20:22:00,harbour,Juinagar,Kurla,13,equipment_fault,high
SIG004330,2026-03-18T04:27:00,western,Dadar,Andheri,17,junction_congestion,high
SIG004331,2026-05-10T05:04:00,harbour,Mankhurd,Dadar,8,platform_occupancy,low
SIG004332,2026-08-03T08:40:00,central,Ghatkopar,Kalyan,17,equipment_fault,medium
SIG004333,2026-03-14T01:09:00,western,Mahim,Thane,23,junction_congestion,low
SIG004334,2026-09-20T12:07:00,central,Sion,Andheri,4,route_conflict,high
SIG004335,2026-03-08T18:10:00,western,Mahim,Thane,11,signal_hold,high
SIG004336,2026-05-20T18:33:00,central,Dombivli,Dadar,12,route_conflict,high
SIG004337,2025-12-08T04:01:00,harbour,Vashi,Wadala Road,20,route_conflict,high
SIG004338,2026-04-18T09:50:00,harbour,Guru Tegh Bahadur Nagar,Thane,2,platform_occupancy,medium
SIG004339,2026-03-02T08:40:00,western,Charni Road,Thane,3,platform_occupancy,medium
SIG004340,2025-11-07T10:23:00,harbour,Mansarovar,Dadar,25,route_conflict,low
SIG004341,2026-05-23T23:39:00,western,Lower Parel,Kalyan,18,junction_congestion,low
SIG004342,2026-05-25T03:32:00,harbour,Panvel,Kalyan,27,equipment_fault,high
SIG004343,2025-11-24T08:33:00,harbour,Masjid,Wadala Road,21,junction_congestion,medium
SIG004344,2026-08-22T01:33:00,harbour,Masjid,Bandra,29,route_conflict,low
SIG004345,2026-05-09T07:29:00,harbour,Guru Tegh Bahadur Nagar,Thane,14,equipment_fault,medium
SIG004346,2026-04-10T19:19:00,central,Mulund,Wadala Road,26,platform_occupancy,low
SIG004347,2026-03-18T20:47:00,central,Kalyan,Bandra,14,platform_occupancy,low
SIG004348,2025-11-18T08:18:00,central,Matunga,Kurla,20,platform_occupancy,medium
SIG004349,2026-03-09T04:49:00,central,Thane,Andheri,7,signal_hold,medium
SIG004350,2026-09-28T19:00:00,central,Nahur,Andheri,30,route_conflict,high
SIG004351,2026-01-16T06:17:00,harbour,Mankhurd,Kurla,4,equipment_fault,medium
SIG004352,2026-03-01T17:39:00,harbour,Masjid,Kurla,19,signal_hold,medium
SIG004353,2026-06-26T04:18:00,harbour,Kharghar,Thane,21,route_conflict,low
SIG004354,2026-03-15T00:48:00,western,Matunga Road,Dadar,13,platform_occupancy,low
SIG004355,2026-06-10T15:33:00,harbour,Khandeshwar,Thane,18,route_conflict,high
SIG004356,2026-08-12T04:47:00,central,CSMT,Kalyan,30,route_conflict,medium
SIG004357,2026-05-01T08:43:00,central,Mulund,Andheri,9,junction_congestion,low
SIG004358,2025-12-29T01:54:00,central,Kalyan,Andheri,19,platform_occupancy,high
SIG004359,2026-04-25T09:23:00,harbour,Sandhurst Road,Andheri,16,platform_occupancy,high
SIG004360,2025-12-23T16:06:00,central,Chinchpokli,Kalyan,1,platform_occupancy,low
SIG004361,2026-01-26T15:29:00,western,Charni Road,Wadala Road,22,signal_hold,medium
SIG004362,2025-11-22T06:53:00,harbour,Chunabhatti,Dadar,8,platform_occupancy,medium
SIG004363,2026-09-15T04:05:00,central,Thakurli,Dadar,23,equipment_fault,medium
SIG004364,2026-02-26T02:35:00,harbour,Vashi,Bandra,15,platform_occupancy,low
SIG004365,2026-01-02T13:01:00,harbour,Khandeshwar,Bandra,5,equipment_fault,medium
SIG004366,2026-04-29T03:55:00,harbour,CBD Belapur,Kurla,7,signal_hold,low
SIG004367,2026-08-06T07:05:00,harbour,Tilak Nagar,Andheri,1,equipment_fault,high
SIG004368,2026-07-07T23:06:00,harbour,Cotton Green,Dadar,18,route_conflict,medium
SIG004369,2026-07-02T14:30:00,central,Nahur,Dadar,20,junction_congestion,medium
SIG004370,2026-07-29T08:46:00,central,Chinchpokli,Dadar,5,platform_occupancy,high
SIG004371,2026-07-15T00:22:00,western,Dadar,Kurla,26,signal_hold,low
SIG004372,2026-01-02T05:03:00,western,Borivali,Andheri,8,platform_occupancy,high
SIG004373,2025-10-29T20:22:00,western,Virar,Kurla,24,junction_congestion,medium
SIG004374,2026-03-10T17:08:00,central,Mulund,Thane,20,signal_hold,low
SIG004375,2026-09-11T09:55:00,central,Diva,Dadar,11,route_conflict,high
SIG004376,2026-05-10T16:17:00,central,Kanjurmarg,Dadar,9,platform_occupancy,low
SIG004377,2026-01-28T13:40:00,western,Prabhadevi,Bandra,28,platform_occupancy,low
SIG004378,2026-08-30T10:45:00,central,Kanjurmarg,Thane,14,platform_occupancy,low
SIG004379,2026-07-02T10:42:00,western,Grant Road,Wadala Road,13,route_conflict,medium
SIG004380,2026-01-02T09:10:00,central,Matunga,Dadar,19,equipment_fault,medium
SIG004381,2026-07-05T17:18:00,harbour,CBD Belapur,Thane,12,equipment_fault,low
SIG004382,2026-02-11T01:02:00,central,Dombivli,Kalyan,13,platform_occupancy,low
SIG004383,2026-05-06T10:56:00,harbour,Masjid,Dadar,7,equipment_fault,medium
SIG004384,2025-10-02T19:20:00,western,Mira Road,Bandra,11,platform_occupancy,low
SIG004385,2026-03-01T16:03:00,central,Vidyavihar,Andheri,9,equipment_fault,medium
SIG004386,2026-09-16T08:01:00,western,Mahalaxmi,Wadala Road,30,equipment_fault,low
SIG004387,2025-10-01T13:52:00,central,Mulund,Bandra,8,route_conflict,low
SIG004388,2026-04-03T00:05:00,central,Kurla,Kalyan,24,signal_hold,medium
SIG004389,2026-09-17T03:05:00,central,Mumbra,Bandra,7,route_conflict,medium
SIG004390,2025-12-07T13:42:00,western,Dadar,Andheri,26,equipment_fault,medium
SIG004391,2026-09-05T17:40:00,harbour,Kurla,Kurla,3,route_conflict,high
SIG004392,2025-10-06T21:09:00,central,CSMT,Wadala Road,11,platform_occupancy,low
SIG004393,2026-08-17T23:45:00,central,Kopar,Kalyan,14,signal_hold,high
SIG004394,2026-02-19T11:58:00,western,Dahisar,Wadala Road,26,platform_occupancy,high
SIG004395,2025-11-07T13:44:00,western,Grant Road,Andheri,23,equipment_fault,medium
SIG004396,2026-03-27T02:22:00,western,Matunga Road,Kurla,19,signal_hold,medium
SIG004397,2025-12-07T01:33:00,western,Dadar,Kurla,14,junction_congestion,high
SIG004398,2026-07-28T09:52:00,western,Kandivali,Dadar,26,signal_hold,medium
SIG004399,2025-11-26T12:26:00,harbour,Mankhurd,Dadar,2,equipment_fault,high
SIG004400,2026-07-23T04:41:00,harbour,Sanpada,Thane,14,platform_occupancy,low
SIG004401,2026-05-29T18:51:00,central,Byculla,Kalyan,21,equipment_fault,high
SIG004402,2025-10-02T16:11:00,western,Nalasopara,Kalyan,27,equipment_fault,high
SIG004403,2026-02-22T02:56:00,western,Naigaon,Andheri,3,platform_occupancy,medium
SIG004404,2026-02-08T11:50:00,harbour,Khandeshwar,Kurla,1,junction_congestion,low
SIG004405,2025-11-08T10:38:00,western,Lower Parel,Dadar,6,equipment_fault,medium
SIG004406,2026-06-02T02:45:00,harbour,Mansarovar,Thane,30,signal_hold,high
SIG004407,2026-05-26T16:58:00,western,Mahalaxmi,Thane,24,signal_hold,low
SIG004408,2026-04-29T15:27:00,western,Churchgate,Kalyan,14,junction_congestion,low
SIG004409,2025-12-15T01:44:00,central,Chinchpokli,Thane,11,equipment_fault,high
SIG004410,2026-01-12T03:49:00,western,Grant Road,Bandra,13,junction_congestion,low
SIG004411,2026-02-27T20:43:00,harbour,Sanpada,Kurla,5,route_conflict,low
SIG004412,2026-04-21T08:13:00,western,Marine Lines,Thane,8,equipment_fault,low
SIG004413,2026-02-12T02:56:00,harbour,Cotton Green,Dadar,12,junction_congestion,low
SIG004414,2025-10-21T01:08:00,western,Borivali,Andheri,20,signal_hold,low
SIG004415,2025-12-22T22:03:00,western,Dadar,Wadala Road,10,route_conflict,low
SIG004416,2025-12-13T13:36:00,western,Prabhadevi,Andheri,6,platform_occupancy,low
SIG004417,2026-07-03T20:34:00,western,Naigaon,Kurla,6,route_conflict,high
SIG004418,2026-04-04T01:49:00,central,Bhandup,Andheri,10,platform_occupancy,low
SIG004419,2026-03-07T16:58:00,central,Dadar,Wadala Road,13,platform_occupancy,medium
SIG004420,2026-08-19T09:03:00,central,CSMT,Kurla,9,equipment_fault,high
SIG004421,2026-08-10T03:38:00,central,Matunga,Thane,6,signal_hold,high
SIG004422,2026-06-17T16:11:00,western,Santacruz,Bandra,15,junction_congestion,high
SIG004423,2026-03-26T14:02:00,central,Dombivli,Wadala Road,18,platform_occupancy,low
SIG004424,2026-09-09T15:00:00,western,Bandra,Kalyan,27,signal_hold,medium
SIG004425,2026-02-07T07:08:00,central,Kanjurmarg,Thane,27,platform_occupancy,high
SIG004426,2025-11-18T07:18:00,central,Mulund,Bandra,29,junction_congestion,low
SIG004427,2026-06-27T05:32:00,western,Nalasopara,Andheri,17,signal_hold,high
SIG004428,2026-07-31T07:50:00,central,Vidyavihar,Dadar,9,junction_congestion,medium
SIG004429,2026-03-09T14:22:00,western,Khar Road,Bandra,19,platform_occupancy,low
SIG004430,2026-04-29T02:39:00,central,Kurla,Bandra,13,junction_congestion,high
SIG004431,2026-05-20T09:37:00,harbour,Wadala Road,Thane,7,equipment_fault,high
SIG004432,2026-07-24T21:27:00,western,Bhayandar,Andheri,29,equipment_fault,high
SIG004433,2026-06-04T21:55:00,harbour,Wadala Road,Kurla,10,route_conflict,high
SIG004434,2026-07-10T17:17:00,central,Mumbra,Kurla,10,signal_hold,medium
SIG004435,2026-09-11T18:05:00,western,Mahalaxmi,Andheri,15,junction_congestion,low
SIG004436,2026-03-13T13:15:00,central,Kurla,Kurla,22,platform_occupancy,medium
SIG004437,2026-05-28T05:21:00,harbour,Khandeshwar,Kalyan,8,equipment_fault,low
SIG004438,2026-07-28T16:58:00,western,Khar Road,Andheri,18,route_conflict,medium
SIG004439,2026-09-08T12:38:00,harbour,CBD Belapur,Kurla,20,equipment_fault,high
SIG004440,2025-11-26T04:32:00,central,Currey Road,Thane,28,route_conflict,high
SIG004441,2026-09-30T03:45:00,western,Grant Road,Kalyan,29,equipment_fault,high
SIG004442,2026-02-21T06:10:00,harbour,Mankhurd,Dadar,1,route_conflict,low
SIG004443,2026-09-27T23:30:00,western,Andheri,Kurla,13,signal_hold,medium
SIG004444,2026-01-29T21:52:00,western,Grant Road,Thane,18,equipment_fault,medium
SIG004445,2026-09-16T23:05:00,harbour,Mansarovar,Dadar,18,route_conflict,medium
SIG004446,2026-04-19T07:41:00,harbour,Sewri,Dadar,5,signal_hold,medium
SIG004447,2026-07-17T23:36:00,western,Goregaon,Bandra,10,junction_congestion,medium
SIG004448,2026-02-11T22:38:00,central,Kopar,Thane,27,route_conflict,high
SIG004449,2026-01-28T17:55:00,central,Thakurli,Thane,12,junction_congestion,low
SIG004450,2026-02-17T06:25:00,harbour,Dockyard Road,Kalyan,5,equipment_fault,high
SIG004451,2026-05-07T20:55:00,western,Lower Parel,Kalyan,27,equipment_fault,medium
SIG004452,2025-11-28T04:46:00,harbour,Dockyard Road,Kurla,21,junction_congestion,high
SIG004453,2026-07-07T02:05:00,harbour,Chunabhatti,Wadala Road,15,signal_hold,high
SIG004454,2026-07-26T13:14:00,central,Dombivli,Dadar,14,equipment_fault,low
SIG004455,2026-03-09T01:42:00,central,Sion,Wadala Road,4,signal_hold,low
SIG004456,2026-07-11T17:16:00,western,Mahalaxmi,Thane,26,equipment_fault,low
SIG004457,2025-12-22T17:06:00,central,Thakurli,Kurla,19,equipment_fault,medium
SIG004458,2025-10-25T16:13:00,western,Lower Parel,Kurla,8,platform_occupancy,medium
SIG004459,2026-03-06T21:09:00,central,Dombivli,Kalyan,27,junction_congestion,high
SIG004460,2026-02-27T08:42:00,harbour,Guru Tegh Bahadur Nagar,Wadala Road,26,signal_hold,medium
SIG004461,2025-11-03T04:45:00,harbour,Juinagar,Bandra,23,platform_occupancy,low
SIG004462,2025-11-15T04:51:00,western,Nalasopara,Kalyan,16,equipment_fault,low
SIG004463,2025-10-28T10:48:00,western,Dadar,Wadala Road,3,signal_hold,medium
SIG004464,2025-10-08T14:08:00,central,Mumbra,Andheri,23,equipment_fault,high
SIG004465,2025-11-30T11:11:00,western,Marine Lines,Bandra,10,route_conflict,low
SIG004466,2026-01-18T14:33:00,harbour,Juinagar,Bandra,29,junction_congestion,medium
SIG004467,2025-12-26T16:53:00,central,Kalwa,Dadar,24,signal_hold,high
SIG004468,2025-10-29T19:16:00,western,Matunga Road,Kurla,4,route_conflict,medium
SIG004469,2026-05-28T15:54:00,central,Kalwa,Thane,29,route_conflict,low
SIG004470,2026-03-02T13:47:00,central,Matunga,Dadar,14,signal_hold,high
SIG004471,2026-09-14T02:37:00,harbour,Kharghar,Dadar,16,equipment_fault,low
SIG004472,2026-02-27T13:46:00,harbour,Chembur,Dadar,3,platform_occupancy,medium
SIG004473,2025-12-12T00:05:00,harbour,Sandhurst Road,Bandra,16,signal_hold,low
SIG004474,2026-01-07T11:20:00,harbour,Dockyard Road,Wadala Road,22,platform_occupancy,low
SIG004475,2026-01-07T13:33:00,central,Nahur,Andheri,28,signal_hold,low
SIG004476,2025-12-04T06:32:00,central,Chinchpokli,Dadar,5,equipment_fault,medium
SIG004477,2026-05-06T18:41:00,central,Parel,Kalyan,30,signal_hold,high
SIG004478,2026-03-05T04:39:00,central,Mulund,Bandra,17,platform_occupancy,medium
SIG004479,2026-07-05T02:50:00,central,Bhandup,Kurla,20,signal_hold,low
SIG004480,2025-11-28T00:42:00,western,Kandivali,Kalyan,10,equipment_fault,low
SIG004481,2026-07-03T22:38:00,western,Naigaon,Wadala Road,10,route_conflict,low
SIG004482,2026-01-19T12:03:00,western,Bandra,Thane,29,signal_hold,low
SIG004483,2026-03-22T22:03:00,western,Mahim,Kurla,11,signal_hold,medium
SIG004484,2026-08-12T13:12:00,harbour,Cotton Green,Kalyan,3,junction_congestion,high
SIG004485,2026-04-03T10:13:00,central,Ghatkopar,Kurla,11,route_conflict,high
SIG004486,2026-09-27T19:03:00,harbour,Chunabhatti,Dadar,1,route_conflict,high
SIG004487,2026-06-22T12:51:00,central,Mulund,Andheri,26,signal_hold,high
SIG004488,2026-09-05T17:27:00,harbour,Juinagar,Wadala Road,23,equipment_fault,medium
SIG004489,2026-06-19T08:01:00,central,Kanjurmarg,Wadala Road,10,equipment_fault,high
SIG004490,2026-03-10T20:36:00,western,Churchgate,Thane,4,equipment_fault,high
SIG004491,2026-06-06T02:44:00,central,Nahur,Thane,22,junction_congestion,low
SIG004492,2026-06-24T05:40:00,central,Thane,Thane,29,route_conflict,low
SIG004493,2026-08-23T09:49:00,harbour,Khandeshwar,Dadar,15,route_conflict,medium
SIG004494,2026-07-22T08:02:00,western,Bhayandar,Andheri,12,junction_congestion,medium
SIG004495,2025-10-19T20:27:00,central,Kanjurmarg,Bandra,1,junction_congestion,low
SIG004496,2025-11-01T04:34:00,western,Matunga Road,Bandra,21,platform_occupancy,low
SIG004497,2026-03-12T00:09:00,western,Vasai Road,Kalyan,17,junction_congestion,low
SIG004498,2026-04-08T19:39:00,western,Naigaon,Andheri,17,junction_congestion,low
SIG004499,2025-10-04T17:58:00,western,Kandivali,Bandra,14,junction_congestion,high
SIG004500,2025-11-12T23:00:00,harbour,Guru Tegh Bahadur Nagar,Bandra,25,signal_hold,medium
SIG004501,2026-01-07T17:21:00,harbour,Reay Road,Dadar,16,junction_congestion,low
SIG004502,2026-02-17T22:29:00,harbour,Khandeshwar,Dadar,4,platform_occupancy,high
SIG004503,2026-01-26T11:34:00,western,Prabhadevi,Kurla,18,route_conflict,low
SIG004504,2026-02-05T10:09:00,harbour,Reay Road,Thane,1,equipment_fault,medium
SIG004505,2026-09-09T00:03:00,central,Parel,Wadala Road,7,platform_occupancy,high
SIG004506,2026-05-05T09:15:00,western,Churchgate,Thane,3,signal_hold,high
SIG004507,2026-04-14T03:13:00,central,Diva,Bandra,4,route_conflict,medium
SIG004508,2025-12-14T02:43:00,harbour,Dockyard Road,Kurla,12,signal_hold,medium
SIG004509,2026-02-19T10:35:00,central,Nahur,Kurla,6,equipment_fault,high
SIG004510,2026-01-04T13:47:00,western,Naigaon,Kalyan,10,signal_hold,high
SIG004511,2026-06-19T16:41:00,central,Kalwa,Dadar,20,junction_congestion,high
SIG004512,2026-03-24T22:55:00,western,Mumbai Central,Wadala Road,1,signal_hold,low
SIG004513,2026-05-07T12:39:00,western,Malad,Thane,30,platform_occupancy,low
SIG004514,2026-05-08T09:17:00,western,Malad,Thane,28,route_conflict,high
SIG004515,2025-12-09T14:51:00,harbour,Guru Tegh Bahadur Nagar,Thane,16,equipment_fault,medium
SIG004516,2026-08-27T16:32:00,central,Kalyan,Andheri,5,equipment_fault,low
SIG004517,2026-02-05T15:20:00,western,Kandivali,Wadala Road,22,equipment_fault,high
SIG004518,2026-03-12T13:58:00,western,Khar Road,Kurla,25,platform_occupancy,medium
SIG004519,2025-10-19T03:48:00,harbour,Wadala Road,Kalyan,18,equipment_fault,low
SIG004520,2026-01-15T05:56:00,western,Prabhadevi,Bandra,22,equipment_fault,high
SIG004521,2026-08-20T18:31:00,central,Sion,Bandra,24,junction_congestion,high
SIG004522,2025-10-11T00:08:00,central,Ghatkopar,Wadala Road,11,platform_occupancy,medium
SIG004523,2026-06-28T22:35:00,harbour,Nerul,Thane,23,signal_hold,high
SIG004524,2026-04-21T14:53:00,western,Goregaon,Andheri,1,junction_congestion,high
SIG004525,2026-08-10T01:29:00,harbour,CBD Belapur,Dadar,23,platform_occupancy,medium
SIG004526,2026-01-20T13:49:00,harbour,Seawoods-Darave,Bandra,18,junction_congestion,low
SIG004527,2026-07-02T17:08:00,western,Mira Road,Dadar,13,platform_occupancy,medium
SIG004528,2026-08-31T17:48:00,western,Prabhadevi,Kalyan,25,platform_occupancy,medium
SIG004529,2026-08-20T08:22:00,western,Charni Road,Kalyan,11,route_conflict,medium
SIG004530,2026-07-29T17:43:00,western,Prabhadevi,Kalyan,22,equipment_fault,low
SIG004531,2026-05-06T14:37:00,harbour,Juinagar,Dadar,5,platform_occupancy,low
SIG004532,2025-10-15T22:11:00,harbour,Guru Tegh Bahadur Nagar,Kurla,16,junction_congestion,high
SIG004533,2026-01-26T00:56:00,harbour,Seawoods-Darave,Bandra,13,platform_occupancy,medium
SIG004534,2026-05-08T09:29:00,central,Mulund,Bandra,30,route_conflict,medium
SIG004535,2025-10-07T15:54:00,harbour,Chunabhatti,Andheri,6,route_conflict,high
SIG004536,2026-01-11T13:19:00,central,Dadar,Kurla,10,equipment_fault,low
SIG004537,2025-10-24T05:39:00,central,Chinchpokli,Kalyan,23,route_conflict,medium
SIG004538,2025-12-20T13:03:00,harbour,Kurla,Thane,8,junction_congestion,high
SIG004539,2025-12-18T15:39:00,central,Kalwa,Thane,11,junction_congestion,medium
SIG004540,2025-10-21T23:12:00,central,Dadar,Bandra,16,equipment_fault,medium
SIG004541,2025-10-11T21:12:00,western,Dadar,Kurla,12,junction_congestion,low
SIG004542,2026-03-24T03:39:00,western,Prabhadevi,Andheri,5,equipment_fault,medium
SIG004543,2026-04-30T23:37:00,central,Dadar,Kurla,28,signal_hold,medium
SIG004544,2026-01-10T10:26:00,harbour,Chembur,Kurla,2,platform_occupancy,low
SIG004545,2026-01-10T19:33:00,harbour,Govandi,Kalyan,6,equipment_fault,high
SIG004546,2025-12-06T00:09:00,central,Dadar,Dadar,16,platform_occupancy,low
SIG004547,2026-01-10T02:18:00,western,Churchgate,Thane,3,junction_congestion,medium
SIG004548,2026-02-06T18:23:00,western,Bandra,Andheri,8,equipment_fault,low
SIG004549,2026-07-23T17:27:00,central,Diva,Kurla,16,signal_hold,medium
SIG004550,2026-03-11T03:20:00,western,Vasai Road,Thane,25,signal_hold,low
SIG004551,2025-12-28T04:33:00,western,Goregaon,Kurla,17,signal_hold,medium
SIG004552,2026-06-18T21:36:00,western,Mahalaxmi,Kurla,2,junction_congestion,low
SIG004553,2025-11-05T11:56:00,western,Goregaon,Kurla,21,route_conflict,low
SIG004554,2026-06-30T02:23:00,harbour,Wadala Road,Kalyan,20,junction_congestion,low
SIG004555,2025-11-14T23:55:00,western,Marine Lines,Andheri,1,route_conflict,high
SIG004556,2026-06-06T17:44:00,central,Currey Road,Kalyan,5,route_conflict,medium
SIG004557,2026-07-02T05:05:00,harbour,Mansarovar,Andheri,9,junction_congestion,low
SIG004558,2026-06-26T07:24:00,central,Diva,Thane,1,junction_congestion,high
SIG004559,2026-01-12T20:34:00,western,Churchgate,Thane,26,platform_occupancy,high
SIG004560,2026-03-08T03:45:00,western,Mira Road,Kurla,3,junction_congestion,high
SIG004561,2026-09-07T07:31:00,central,Kalwa,Bandra,3,platform_occupancy,medium
SIG004562,2026-07-02T09:50:00,central,Nahur,Andheri,10,route_conflict,medium
SIG004563,2025-10-10T08:32:00,harbour,Dockyard Road,Wadala Road,10,platform_occupancy,low
SIG004564,2025-12-16T00:41:00,western,Borivali,Kalyan,16,junction_congestion,medium
SIG004565,2026-08-08T16:02:00,central,Byculla,Thane,6,junction_congestion,high
SIG004566,2026-08-01T10:39:00,western,Mumbai Central,Dadar,26,equipment_fault,low
SIG004567,2025-12-03T00:24:00,harbour,CBD Belapur,Thane,16,equipment_fault,low
SIG004568,2026-07-24T04:59:00,harbour,Sandhurst Road,Bandra,24,equipment_fault,low
SIG004569,2026-01-22T12:11:00,western,Prabhadevi,Dadar,22,signal_hold,medium
SIG004570,2026-09-14T09:42:00,harbour,Juinagar,Andheri,30,junction_congestion,low
SIG004571,2026-07-09T08:30:00,harbour,Vashi,Andheri,14,route_conflict,medium
SIG004572,2026-03-29T04:27:00,western,Mumbai Central,Kurla,22,junction_congestion,low
SIG004573,2026-06-17T00:55:00,harbour,Reay Road,Dadar,28,route_conflict,medium
SIG004574,2026-04-26T03:42:00,harbour,Sanpada,Thane,14,route_conflict,medium
SIG004575,2025-12-01T00:18:00,western,Matunga Road,Bandra,5,equipment_fault,medium
SIG004576,2026-02-18T05:19:00,western,Marine Lines,Dadar,24,route_conflict,medium
SIG004577,2026-06-03T03:25:00,western,Goregaon,Bandra,18,equipment_fault,high
SIG004578,2026-01-17T03:16:00,western,Dahisar,Andheri,3,route_conflict,low
SIG004579,2026-04-08T01:46:00,central,Vikhroli,Wadala Road,22,equipment_fault,medium
SIG004580,2026-07-04T16:47:00,harbour,Sewri,Kurla,16,equipment_fault,high
SIG004581,2026-04-06T18:20:00,western,Andheri,Andheri,18,route_conflict,high
SIG004582,2026-09-27T20:31:00,central,Ghatkopar,Wadala Road,3,platform_occupancy,low
SIG004583,2026-01-10T13:15:00,western,Grant Road,Dadar,25,platform_occupancy,high
SIG004584,2025-10-23T02:07:00,central,Vikhroli,Kurla,23,junction_congestion,medium
SIG004585,2026-05-02T05:41:00,western,Santacruz,Kalyan,28,route_conflict,medium
SIG004586,2025-11-16T07:43:00,western,Andheri,Kurla,9,platform_occupancy,medium
SIG004587,2026-03-10T15:23:00,western,Andheri,Bandra,12,junction_congestion,medium
SIG004588,2026-07-09T00:08:00,harbour,Vashi,Kalyan,9,equipment_fault,medium
SIG004589,2026-05-02T17:22:00,harbour,Govandi,Kurla,6,platform_occupancy,high
SIG004590,2026-04-28T16:47:00,harbour,Tilak Nagar,Bandra,4,signal_hold,medium
SIG004591,2026-07-24T05:16:00,harbour,Reay Road,Thane,1,junction_congestion,high
SIG004592,2026-01-03T09:09:00,harbour,Govandi,Thane,13,equipment_fault,medium
SIG004593,2025-12-19T23:53:00,western,Vasai Road,Andheri,2,junction_congestion,low
SIG004594,2026-08-22T17:18:00,central,Thakurli,Kalyan,6,equipment_fault,low
SIG004595,2026-05-21T17:00:00,harbour,CSMT,Wadala Road,15,equipment_fault,low
SIG004596,2026-04-06T10:24:00,harbour,Guru Tegh Bahadur Nagar,Bandra,5,signal_hold,low
SIG004597,2025-12-20T06:42:00,central,Bhandup,Bandra,26,platform_occupancy,low
SIG004598,2026-02-13T11:23:00,western,Naigaon,Kurla,10,junction_congestion,medium
SIG004599,2025-10-05T13:16:00,central,Vikhroli,Kalyan,24,equipment_fault,medium
SIG004600,2026-01-08T17:12:00,central,Currey Road,Bandra,17,platform_occupancy,high
SIG004601,2025-11-07T19:42:00,central,CSMT,Kurla,8,equipment_fault,high
SIG004602,2026-01-06T13:01:00,western,Matunga Road,Kalyan,18,route_conflict,low
SIG004603,2026-02-18T14:06:00,central,Kopar,Andheri,29,route_conflict,high
SIG004604,2025-11-10T20:25:00,harbour,Mansarovar,Andheri,9,platform_occupancy,low
SIG004605,2026-07-15T10:00:00,central,Kanjurmarg,Bandra,24,junction_congestion,low
SIG004606,2026-07-15T22:32:00,western,Santacruz,Andheri,8,route_conflict,high
SIG004607,2026-08-07T10:48:00,western,Churchgate,Dadar,3,route_conflict,low
SIG004608,2025-10-20T17:01:00,western,Virar,Andheri,22,equipment_fault,medium
SIG004609,2026-04-14T11:00:00,western,Khar Road,Bandra,9,equipment_fault,low
SIG004610,2026-02-26T23:31:00,western,Santacruz,Bandra,15,equipment_fault,medium
SIG004611,2025-10-17T16:55:00,harbour,Cotton Green,Andheri,18,equipment_fault,medium
SIG004612,2026-09-29T04:33:00,harbour,Khandeshwar,Andheri,3,route_conflict,medium
SIG004613,2025-10-07T08:30:00,central,Kopar,Andheri,9,equipment_fault,medium
SIG004614,2026-08-13T15:49:00,harbour,Reay Road,Dadar,18,platform_occupancy,medium
SIG004615,2026-04-22T20:09:00,harbour,Mansarovar,Bandra,2,signal_hold,low
SIG004616,2026-01-15T00:02:00,central,Diva,Thane,25,signal_hold,high
SIG004617,2026-03-06T16:00:00,central,Byculla,Bandra,21,signal_hold,low
SIG004618,2025-12-18T20:21:00,central,Vidyavihar,Kalyan,4,junction_congestion,medium
SIG004619,2025-11-13T16:49:00,harbour,Masjid,Kurla,17,equipment_fault,high
SIG004620,2025-10-27T00:17:00,central,Kurla,Andheri,3,signal_hold,medium
SIG004621,2025-11-14T17:40:00,central,Sion,Dadar,12,junction_congestion,medium
SIG004622,2026-06-05T12:42:00,western,Borivali,Kurla,27,platform_occupancy,low
SIG004623,2025-12-15T00:32:00,central,Thane,Andheri,7,junction_congestion,medium
SIG004624,2026-08-30T13:33:00,central,Vikhroli,Wadala Road,2,route_conflict,low
SIG004625,2025-10-09T18:06:00,western,Khar Road,Wadala Road,30,platform_occupancy,medium
SIG004626,2026-04-24T05:22:00,central,Currey Road,Kalyan,27,junction_congestion,high
SIG004627,2026-04-09T23:23:00,western,Charni Road,Wadala Road,2,route_conflict,medium
SIG004628,2025-12-14T18:56:00,central,Diva,Wadala Road,23,equipment_fault,high
SIG004629,2026-02-26T16:45:00,central,Thakurli,Dadar,14,signal_hold,low
SIG004630,2026-06-24T09:03:00,harbour,Chembur,Kalyan,26,equipment_fault,medium
SIG004631,2025-12-22T03:43:00,western,Goregaon,Wadala Road,16,junction_congestion,medium
SIG004632,2026-06-17T09:52:00,harbour,Khandeshwar,Andheri,17,route_conflict,high
SIG004633,2026-02-23T01:22:00,western,Santacruz,Dadar,16,signal_hold,high
SIG004634,2026-05-22T15:13:00,western,Mahim,Wadala Road,7,platform_occupancy,low
SIG004635,2026-04-05T02:38:00,central,Kopar,Wadala Road,3,equipment_fault,medium
SIG004636,2026-08-04T06:40:00,central,Nahur,Andheri,5,equipment_fault,medium
SIG004637,2026-03-29T19:07:00,central,Sion,Kurla,19,equipment_fault,high
SIG004638,2026-01-27T18:16:00,central,Dadar,Kalyan,13,route_conflict,low
SIG004639,2026-09-06T21:04:00,harbour,Vashi,Thane,18,signal_hold,low
SIG004640,2026-05-29T11:33:00,harbour,Guru Tegh Bahadur Nagar,Kalyan,14,equipment_fault,medium
SIG004641,2026-03-01T11:22:00,western,Vasai Road,Bandra,25,route_conflict,low
SIG004642,2026-01-19T09:50:00,harbour,Kurla,Kurla,6,junction_congestion,low
SIG004643,2026-09-14T18:57:00,central,Bhandup,Wadala Road,18,route_conflict,medium
SIG004644,2026-05-19T13:57:00,western,Kandivali,Thane,26,signal_hold,low
SIG004645,2026-05-21T23:16:00,western,Nalasopara,Wadala Road,12,platform_occupancy,medium
SIG004646,2025-12-17T13:08:00,western,Churchgate,Bandra,18,junction_congestion,low
SIG004647,2025-10-06T13:45:00,harbour,Nerul,Kalyan,5,signal_hold,high
SIG004648,2026-08-29T13:03:00,western,Ram Mandir,Bandra,23,route_conflict,medium
SIG004649,2026-09-11T23:15:00,central,Nahur,Andheri,25,signal_hold,low
SIG004650,2026-05-01T23:37:00,western,Mahim,Kurla,23,junction_congestion,high
SIG004651,2026-07-11T22:37:00,western,Churchgate,Bandra,20,signal_hold,low
SIG004652,2026-08-19T06:44:00,western,Mumbai Central,Dadar,2,route_conflict,high
SIG004653,2026-04-21T21:54:00,western,Lower Parel,Thane,22,platform_occupancy,medium
SIG004654,2026-03-07T17:28:00,harbour,Masjid,Thane,24,junction_congestion,high
SIG004655,2026-08-22T12:30:00,central,Currey Road,Bandra,20,junction_congestion,low
SIG004656,2026-09-11T16:37:00,western,Khar Road,Thane,23,equipment_fault,medium
SIG004657,2026-06-12T18:22:00,central,Kanjurmarg,Bandra,15,junction_congestion,medium
SIG004658,2025-10-30T15:08:00,harbour,Seawoods-Darave,Andheri,22,junction_congestion,high
SIG004659,2026-03-20T18:41:00,western,Matunga Road,Bandra,9,signal_hold,low
SIG004660,2026-06-24T23:35:00,western,Mahalaxmi,Bandra,27,platform_occupancy,low
SIG004661,2026-07-04T14:34:00,harbour,Mansarovar,Thane,7,junction_congestion,high
SIG004662,2026-02-23T20:20:00,harbour,Cotton Green,Kurla,27,signal_hold,high
SIG004663,2025-11-25T07:07:00,central,Sion,Wadala Road,23,signal_hold,medium
SIG004664,2025-10-16T11:23:00,central,Thakurli,Thane,16,route_conflict,medium
SIG004665,2025-11-06T11:00:00,western,Mahim,Kalyan,26,equipment_fault,low
SIG004666,2025-11-30T03:49:00,central,Byculla,Andheri,23,signal_hold,low
SIG004667,2025-11-20T10:06:00,central,Thakurli,Bandra,30,route_conflict,medium
SIG004668,2025-10-07T11:46:00,western,Jogeshwari,Dadar,5,junction_congestion,medium
SIG004669,2026-03-02T03:24:00,harbour,Guru Tegh Bahadur Nagar,Bandra,15,platform_occupancy,high
SIG004670,2026-08-28T20:11:00,harbour,Sewri,Kurla,11,platform_occupancy,high
SIG004671,2026-09-30T09:00:00,harbour,Sewri,Thane,16,signal_hold,high
SIG004672,2026-02-14T02:09:00,western,Matunga Road,Wadala Road,13,junction_congestion,high
SIG004673,2025-12-06T11:24:00,central,Kanjurmarg,Kurla,29,equipment_fault,medium
SIG004674,2026-07-10T01:13:00,central,Dombivli,Bandra,8,route_conflict,low
SIG004675,2026-03-01T05:16:00,western,Andheri,Andheri,5,junction_congestion,medium
SIG004676,2026-06-23T16:30:00,western,Bhayandar,Wadala Road,5,platform_occupancy,medium
SIG004677,2026-05-31T12:51:00,central,Mumbra,Kurla,24,junction_congestion,high
SIG004678,2026-01-02T14:19:00,central,CSMT,Dadar,26,signal_hold,high
SIG004679,2026-01-11T20:31:00,western,Ram Mandir,Kalyan,22,signal_hold,low
SIG004680,2026-05-10T12:10:00,harbour,Khandeshwar,Kalyan,26,signal_hold,medium
SIG004681,2025-12-02T15:14:00,harbour,CSMT,Wadala Road,25,platform_occupancy,medium
SIG004682,2026-03-01T19:18:00,western,Andheri,Dadar,13,route_conflict,high
SIG004683,2025-11-11T12:29:00,harbour,Mansarovar,Andheri,7,route_conflict,medium
SIG004684,2026-08-03T10:09:00,harbour,Sewri,Kalyan,20,route_conflict,low
SIG004685,2025-12-05T02:32:00,western,Marine Lines,Andheri,2,equipment_fault,low
SIG004686,2026-03-20T23:21:00,western,Ram Mandir,Kalyan,17,signal_hold,high
SIG004687,2025-10-03T14:04:00,central,Kalwa,Dadar,6,equipment_fault,high
SIG004688,2026-03-17T22:44:00,central,Thakurli,Thane,3,platform_occupancy,high
SIG004689,2026-02-08T20:40:00,harbour,Kharghar,Dadar,20,route_conflict,low
SIG004690,2026-04-10T03:43:00,harbour,Wadala Road,Andheri,15,junction_congestion,medium
SIG004691,2025-12-04T11:00:00,western,Bhayandar,Kalyan,13,route_conflict,high
SIG004692,2025-10-19T00:13:00,harbour,Sandhurst Road,Kurla,5,junction_congestion,high
SIG004693,2025-11-18T15:03:00,central,Mumbra,Thane,25,junction_congestion,high
SIG004694,2026-04-05T17:31:00,central,CSMT,Bandra,12,route_conflict,low
SIG004695,2025-12-04T06:45:00,western,Bandra,Andheri,18,route_conflict,high
SIG004696,2026-03-28T01:04:00,western,Nalasopara,Wadala Road,14,junction_congestion,low
SIG004697,2026-08-23T03:00:00,harbour,Sanpada,Thane,5,signal_hold,high
SIG004698,2025-12-30T20:53:00,harbour,Chunabhatti,Kurla,22,junction_congestion,high
SIG004699,2026-03-19T12:08:00,central,Bhandup,Andheri,28,platform_occupancy,high
SIG004700,2025-10-21T22:59:00,harbour,Dockyard Road,Kalyan,26,junction_congestion,medium
SIG004701,2026-09-14T18:01:00,harbour,Dockyard Road,Wadala Road,16,junction_congestion,medium
SIG004702,2025-12-31T05:10:00,harbour,Sanpada,Wadala Road,26,route_conflict,medium
SIG004703,2026-03-21T23:40:00,central,Kalwa,Wadala Road,29,platform_occupancy,low
SIG004704,2025-12-03T22:05:00,harbour,CBD Belapur,Kalyan,29,route_conflict,medium
SIG004705,2026-07-20T09:02:00,western,Goregaon,Kurla,6,junction_congestion,medium
SIG004706,2026-08-13T17:50:00,central,Thane,Bandra,23,equipment_fault,low
SIG004707,2026-02-19T18:54:00,central,Kopar,Kalyan,3,junction_congestion,medium
SIG004708,2026-02-01T01:37:00,western,Ram Mandir,Andheri,20,equipment_fault,high
SIG004709,2025-10-01T11:48:00,central,Vidyavihar,Wadala Road,19,route_conflict,medium
SIG004710,2025-12-17T07:29:00,western,Mahim,Thane,20,junction_congestion,medium
SIG004711,2026-09-04T11:53:00,western,Santacruz,Thane,20,junction_congestion,medium
SIG004712,2026-05-04T19:43:00,western,Ram Mandir,Bandra,7,equipment_fault,medium
SIG004713,2025-10-18T22:33:00,central,CSMT,Dadar,30,platform_occupancy,low
SIG004714,2026-08-17T23:49:00,western,Virar,Bandra,13,platform_occupancy,medium
SIG004715,2026-02-15T05:46:00,harbour,Sandhurst Road,Bandra,5,equipment_fault,medium
SIG004716,2026-07-16T17:01:00,central,Chinchpokli,Wadala Road,18,junction_congestion,low
SIG004717,2025-12-23T02:55:00,central,Thane,Kalyan,2,signal_hold,high
SIG004718,2026-06-20T21:59:00,western,Churchgate,Andheri,20,route_conflict,medium
SIG004719,2026-04-15T10:34:00,harbour,Mansarovar,Andheri,6,equipment_fault,medium
SIG004720,2026-09-23T17:39:00,central,Kopar,Kalyan,2,route_conflict,high
SIG004721,2025-10-13T03:09:00,western,Goregaon,Kurla,1,signal_hold,low
SIG004722,2026-01-18T04:08:00,central,Kopar,Dadar,3,equipment_fault,medium
SIG004723,2025-10-27T07:23:00,central,Kurla,Kurla,19,signal_hold,medium
SIG004724,2026-06-08T22:50:00,western,Mahalaxmi,Kurla,8,route_conflict,medium
SIG004725,2026-03-03T12:21:00,western,Kandivali,Wadala Road,1,junction_congestion,low
SIG004726,2025-10-31T11:20:00,western,Naigaon,Kalyan,21,route_conflict,low
SIG004727,2026-01-08T02:32:00,central,Dadar,Kalyan,21,junction_congestion,low
SIG004728,2026-04-08T00:10:00,harbour,Nerul,Kalyan,12,route_conflict,medium
SIG004729,2026-04-28T22:03:00,western,Dahisar,Bandra,11,junction_congestion,high
SIG004730,2025-12-07T00:11:00,harbour,Panvel,Thane,10,junction_congestion,high
SIG004731,2026-06-25T14:09:00,central,Dombivli,Bandra,30,junction_congestion,medium
SIG004732,2025-11-06T04:33:00,harbour,Chembur,Wadala Road,29,junction_congestion,low
SIG004733,2026-06-21T12:26:00,harbour,Chunabhatti,Thane,12,route_conflict,medium
SIG004734,2026-05-29T12:31:00,harbour,Sandhurst Road,Thane,13,junction_congestion,high
SIG004735,2026-08-01T23:38:00,central,Thane,Kurla,22,platform_occupancy,high
SIG004736,2026-02-22T09:31:00,central,Kalwa,Andheri,28,route_conflict,high
SIG004737,2026-06-15T04:09:00,harbour,Juinagar,Kalyan,21,route_conflict,medium
SIG004738,2026-09-26T02:25:00,western,Santacruz,Kalyan,27,platform_occupancy,high
SIG004739,2026-05-17T01:23:00,western,Mumbai Central,Dadar,28,junction_congestion,medium
SIG004740,2026-06-23T17:24:00,harbour,Vashi,Dadar,30,equipment_fault,high
SIG004741,2026-04-30T16:50:00,western,Mahalaxmi,Bandra,29,junction_congestion,high
SIG004742,2026-03-09T01:34:00,harbour,CBD Belapur,Thane,10,route_conflict,high
SIG004743,2026-08-10T13:41:00,harbour,Mansarovar,Thane,28,equipment_fault,low
SIG004744,2026-06-17T06:05:00,western,Bhayandar,Andheri,26,platform_occupancy,medium
SIG004745,2025-11-13T09:07:00,central,Kalyan,Dadar,20,route_conflict,high
SIG004746,2026-04-14T23:33:00,central,Nahur,Kurla,24,signal_hold,low
SIG004747,2026-08-30T10:07:00,western,Dadar,Kurla,30,equipment_fault,low
SIG004748,2025-11-03T06:17:00,harbour,Mankhurd,Kalyan,8,junction_congestion,low
SIG004749,2026-05-18T04:20:00,central,Kopar,Bandra,30,platform_occupancy,high
SIG004750,2025-10-04T11:39:00,western,Ram Mandir,Dadar,3,junction_congestion,low
SIG004751,2026-06-01T23:59:00,harbour,Tilak Nagar,Dadar,12,signal_hold,high
SIG004752,2026-01-05T14:19:00,harbour,Mansarovar,Andheri,1,platform_occupancy,medium
SIG004753,2025-10-17T20:44:00,harbour,Cotton Green,Wadala Road,4,platform_occupancy,low
SIG004754,2026-06-08T01:39:00,western,Virar,Dadar,5,junction_congestion,high
SIG004755,2026-04-11T20:07:00,harbour,Kharghar,Andheri,22,route_conflict,low
SIG004756,2026-09-23T21:04:00,harbour,Panvel,Thane,7,signal_hold,high
SIG004757,2025-12-13T05:35:00,western,Mumbai Central,Kurla,22,platform_occupancy,high
SIG004758,2025-10-22T06:10:00,central,Dadar,Kalyan,12,route_conflict,medium
SIG004759,2026-04-11T09:05:00,western,Ram Mandir,Kalyan,27,junction_congestion,low
SIG004760,2026-06-08T10:53:00,western,Dahisar,Dadar,17,platform_occupancy,medium
SIG004761,2026-03-12T16:58:00,harbour,Sewri,Wadala Road,23,platform_occupancy,medium
SIG004762,2026-05-02T00:46:00,central,Chinchpokli,Thane,21,junction_congestion,low
SIG004763,2025-11-28T20:27:00,harbour,Wadala Road,Thane,4,signal_hold,medium
SIG004764,2026-05-10T16:24:00,central,Vikhroli,Thane,25,route_conflict,high
SIG004765,2026-08-27T09:57:00,harbour,Masjid,Bandra,14,route_conflict,medium
SIG004766,2026-02-13T18:55:00,harbour,Dockyard Road,Kalyan,15,route_conflict,low
SIG004767,2026-08-19T01:05:00,central,Kanjurmarg,Dadar,27,route_conflict,low
SIG004768,2026-05-20T04:01:00,central,Vikhroli,Kalyan,24,route_conflict,medium
SIG004769,2026-04-06T09:08:00,western,Mahalaxmi,Bandra,14,signal_hold,high
SIG004770,2026-04-06T12:48:00,harbour,Dockyard Road,Wadala Road,26,junction_congestion,medium
SIG004771,2026-01-25T08:25:00,western,Goregaon,Wadala Road,30,signal_hold,medium
SIG004772,2026-03-20T10:10:00,western,Malad,Bandra,14,route_conflict,low
SIG004773,2026-03-21T00:40:00,harbour,Seawoods-Darave,Thane,3,junction_congestion,high
SIG004774,2026-09-25T18:31:00,western,Matunga Road,Thane,2,platform_occupancy,high
SIG004775,2026-01-13T00:17:00,western,Borivali,Andheri,24,junction_congestion,medium
SIG004776,2026-03-15T16:58:00,harbour,Dockyard Road,Kurla,25,route_conflict,medium
SIG004777,2026-03-16T20:43:00,harbour,Juinagar,Wadala Road,2,platform_occupancy,high
SIG004778,2026-06-08T14:34:00,western,Borivali,Thane,21,route_conflict,low
SIG004779,2026-01-14T18:25:00,central,Diva,Bandra,8,junction_congestion,medium
SIG004780,2026-06-24T16:59:00,western,Nalasopara,Andheri,5,equipment_fault,low
SIG004781,2026-03-22T23:25:00,western,Prabhadevi,Thane,5,junction_congestion,medium
SIG004782,2026-06-28T05:11:00,central,Kanjurmarg,Kalyan,6,equipment_fault,high
SIG004783,2025-11-16T13:08:00,western,Dahisar,Thane,10,equipment_fault,low
SIG004784,2026-04-26T16:53:00,harbour,Guru Tegh Bahadur Nagar,Kurla,29,signal_hold,high
SIG004785,2026-02-25T21:50:00,harbour,Chunabhatti,Kurla,14,equipment_fault,medium
SIG004786,2026-03-13T20:34:00,western,Virar,Dadar,22,route_conflict,high
SIG004787,2026-09-18T07:10:00,central,Currey Road,Andheri,21,signal_hold,medium
SIG004788,2025-10-12T12:07:00,central,Parel,Andheri,19,signal_hold,high
SIG004789,2026-09-06T13:38:00,harbour,Reay Road,Kalyan,29,platform_occupancy,low
SIG004790,2026-08-26T01:46:00,western,Nalasopara,Kurla,17,signal_hold,medium
SIG004791,2026-01-11T20:36:00,harbour,Seawoods-Darave,Dadar,24,signal_hold,high
SIG004792,2026-09-22T04:53:00,western,Vasai Road,Wadala Road,5,route_conflict,low
SIG004793,2026-03-29T06:24:00,central,Mumbra,Dadar,26,platform_occupancy,medium
SIG004794,2026-03-08T14:52:00,harbour,Mankhurd,Kalyan,25,junction_congestion,low
SIG004795,2025-10-20T14:11:00,central,Parel,Wadala Road,17,junction_congestion,medium
SIG004796,2025-10-01T17:06:00,central,Kopar,Thane,12,equipment_fault,high
SIG004797,2025-11-28T23:08:00,central,Matunga,Dadar,9,platform_occupancy,medium
SIG004798,2025-11-07T05:21:00,western,Naigaon,Kurla,1,route_conflict,high
SIG004799,2026-07-02T17:30:00,harbour,Sanpada,Kurla,18,junction_congestion,high
SIG004800,2025-10-25T21:57:00,western,Mira Road,Thane,21,platform_occupancy,low
SIG004801,2026-02-01T20:43:00,harbour,Kurla,Wadala Road,13,junction_congestion,medium
SIG004802,2025-11-04T09:25:00,western,Kandivali,Bandra,2,platform_occupancy,low
SIG004803,2026-02-27T19:08:00,central,Bhandup,Andheri,23,junction_congestion,high
SIG004804,2026-06-11T09:29:00,central,Kopar,Dadar,18,route_conflict,low
SIG004805,2026-08-05T17:18:00,harbour,Sanpada,Dadar,2,signal_hold,low
SIG004806,2026-01-05T05:42:00,central,Dadar,Dadar,2,platform_occupancy,low
SIG004807,2026-03-27T10:41:00,western,Dadar,Kalyan,2,signal_hold,high
SIG004808,2026-05-15T02:27:00,western,Mumbai Central,Dadar,4,route_conflict,high
SIG004809,2026-02-01T02:31:00,central,Sion,Kurla,2,equipment_fault,high
SIG004810,2026-02-21T10:35:00,harbour,Khandeshwar,Dadar,29,junction_congestion,high
SIG004811,2025-12-28T12:23:00,harbour,Panvel,Andheri,14,route_conflict,medium
SIG004812,2025-10-07T13:56:00,western,Ram Mandir,Wadala Road,22,signal_hold,high
SIG004813,2026-09-14T17:06:00,western,Mira Road,Kalyan,20,signal_hold,medium
SIG004814,2026-05-12T00:13:00,harbour,Vashi,Kalyan,16,route_conflict,low
SIG004815,2025-11-01T02:57:00,western,Bandra,Kurla,3,platform_occupancy,high
SIG004816,2025-12-12T14:47:00,western,Andheri,Dadar,15,signal_hold,medium
SIG004817,2026-03-25T19:32:00,central,Kalwa,Thane,28,signal_hold,high
SIG004818,2026-05-22T11:36:00,western,Mahalaxmi,Kurla,15,signal_hold,high
SIG004819,2026-06-28T09:11:00,western,Bhayandar,Dadar,29,equipment_fault,low
SIG004820,2026-04-11T20:15:00,harbour,Chunabhatti,Thane,9,platform_occupancy,medium
SIG004821,2026-09-10T03:28:00,western,Malad,Kalyan,12,platform_occupancy,medium
SIG004822,2025-12-23T15:44:00,harbour,Cotton Green,Kalyan,14,junction_congestion,low
SIG004823,2026-03-22T02:07:00,central,Nahur,Andheri,22,signal_hold,high
SIG004824,2026-09-30T20:03:00,harbour,Govandi,Bandra,5,junction_congestion,low
SIG004825,2026-06-16T01:09:00,central,Currey Road,Kurla,24,junction_congestion,medium
SIG004826,2026-08-17T20:22:00,harbour,Wadala Road,Dadar,12,platform_occupancy,medium
SIG004827,2026-03-01T01:51:00,central,Currey Road,Kurla,18,equipment_fault,medium
SIG004828,2026-04-27T14:52:00,western,Mahalaxmi,Andheri,5,route_conflict,high
SIG004829,2026-04-29T05:13:00,harbour,Chembur,Dadar,10,platform_occupancy,medium
SIG004830,2026-07-05T15:03:00,western,Andheri,Kalyan,7,route_conflict,low
SIG004831,2026-05-05T03:56:00,harbour,Dockyard Road,Dadar,26,junction_congestion,medium
SIG004832,2025-12-10T11:02:00,harbour,Chunabhatti,Kurla,21,signal_hold,medium
SIG004833,2026-02-13T03:03:00,central,Thane,Kurla,4,equipment_fault,medium
SIG004834,2026-08-03T22:12:00,western,Virar,Kalyan,9,junction_congestion,low
SIG004835,2026-04-01T05:28:00,central,Ghatkopar,Kalyan,18,equipment_fault,medium
SIG004836,2026-09-17T17:40:00,western,Lower Parel,Kalyan,18,equipment_fault,low
SIG004837,2025-10-03T04:15:00,western,Dadar,Wadala Road,8,junction_congestion,high
SIG004838,2026-03-15T21:44:00,central,Kalyan,Kurla,23,signal_hold,medium
SIG004839,2026-02-09T21:23:00,harbour,Reay Road,Bandra,23,equipment_fault,low
SIG004840,2026-01-31T02:11:00,central,Byculla,Kalyan,11,equipment_fault,low
SIG004841,2026-04-23T00:08:00,western,Marine Lines,Thane,2,junction_congestion,high
SIG004842,2026-01-14T16:44:00,harbour,Dockyard Road,Dadar,18,junction_congestion,low
SIG004843,2026-01-02T09:53:00,harbour,Cotton Green,Thane,16,signal_hold,high
SIG004844,2026-02-18T05:34:00,western,Charni Road,Wadala Road,4,junction_congestion,high
SIG004845,2026-07-19T14:52:00,harbour,Masjid,Bandra,27,junction_congestion,medium
SIG004846,2026-08-23T08:51:00,harbour,Seawoods-Darave,Andheri,26,equipment_fault,high
SIG004847,2026-04-02T12:47:00,harbour,Vashi,Thane,19,equipment_fault,medium
SIG004848,2025-11-11T10:03:00,central,Dadar,Bandra,5,signal_hold,medium
SIG004849,2025-12-30T11:13:00,western,Dadar,Wadala Road,28,junction_congestion,medium
SIG004850,2026-08-01T00:29:00,central,Thane,Andheri,4,equipment_fault,high
SIG004851,2025-12-14T06:40:00,western,Santacruz,Dadar,16,route_conflict,high
SIG004852,2026-05-17T04:45:00,central,Sion,Dadar,14,route_conflict,low
SIG004853,2026-01-31T10:51:00,harbour,Mankhurd,Thane,27,platform_occupancy,medium
SIG004854,2026-02-07T14:55:00,harbour,Panvel,Kalyan,4,junction_congestion,high
SIG004855,2026-05-11T03:48:00,harbour,Govandi,Kurla,16,equipment_fault,high
SIG004856,2025-11-21T17:20:00,western,Goregaon,Bandra,29,route_conflict,high
SIG004857,2025-11-08T23:53:00,central,Thane,Kurla,23,signal_hold,low
SIG004858,2026-02-28T20:45:00,harbour,CSMT,Kalyan,3,junction_congestion,medium
SIG004859,2026-06-11T10:46:00,western,Naigaon,Andheri,23,route_conflict,low
SIG004860,2026-07-11T06:34:00,western,Naigaon,Andheri,7,junction_congestion,low
SIG004861,2026-03-26T06:36:00,western,Andheri,Wadala Road,28,equipment_fault,medium
SIG004862,2026-04-13T23:27:00,harbour,Masjid,Bandra,28,signal_hold,medium
SIG004863,2025-11-10T23:36:00,western,Andheri,Andheri,6,equipment_fault,medium
SIG004864,2026-05-04T10:24:00,central,Thane,Bandra,11,equipment_fault,low
SIG004865,2026-06-06T20:27:00,harbour,Govandi,Bandra,28,route_conflict,high
SIG004866,2025-12-30T01:09:00,western,Andheri,Bandra,9,route_conflict,high
SIG004867,2026-01-21T05:34:00,western,Mahim,Bandra,29,platform_occupancy,low
SIG004868,2026-08-15T21:38:00,central,Chinchpokli,Bandra,20,route_conflict,medium
SIG004869,2025-11-18T14:52:00,harbour,Khandeshwar,Bandra,29,platform_occupancy,medium
SIG004870,2026-08-03T13:00:00,western,Virar,Dadar,27,route_conflict,high
SIG004871,2026-02-14T19:15:00,central,Byculla,Dadar,23,equipment_fault,medium
SIG004872,2026-03-19T20:42:00,harbour,Seawoods-Darave,Thane,12,platform_occupancy,low
SIG004873,2026-03-01T09:28:00,harbour,Panvel,Wadala Road,9,platform_occupancy,low
SIG004874,2025-12-08T07:33:00,central,Kanjurmarg,Kurla,25,signal_hold,high
SIG004875,2026-03-26T11:34:00,western,Virar,Bandra,26,junction_congestion,high
SIG004876,2026-07-19T05:30:00,harbour,Kharghar,Andheri,11,equipment_fault,low
SIG004877,2026-08-09T03:11:00,harbour,Kharghar,Thane,12,equipment_fault,high
SIG004878,2026-09-04T11:12:00,western,Kandivali,Thane,30,signal_hold,high
SIG004879,2026-02-06T01:03:00,harbour,Dockyard Road,Kalyan,16,route_conflict,medium
SIG004880,2025-12-07T16:22:00,central,Kanjurmarg,Wadala Road,3,signal_hold,low
SIG004881,2026-03-07T03:14:00,harbour,Vashi,Kurla,30,junction_congestion,medium
SIG004882,2025-10-21T23:01:00,central,Thakurli,Kurla,4,junction_congestion,high
SIG004883,2026-03-14T19:58:00,harbour,Chunabhatti,Dadar,23,route_conflict,medium
SIG004884,2026-01-05T13:25:00,harbour,Cotton Green,Andheri,6,platform_occupancy,low
SIG004885,2026-03-17T03:23:00,western,Santacruz,Andheri,30,route_conflict,low
SIG004886,2026-03-20T21:28:00,central,Ghatkopar,Thane,29,signal_hold,low
SIG004887,2025-12-12T17:29:00,harbour,Chunabhatti,Thane,9,route_conflict,medium
SIG004888,2026-04-16T03:43:00,western,Borivali,Andheri,1,route_conflict,high
SIG004889,2026-04-22T12:48:00,western,Naigaon,Bandra,25,platform_occupancy,low
SIG004890,2026-05-13T00:34:00,central,Bhandup,Thane,23,signal_hold,low
SIG004891,2026-08-07T01:20:00,harbour,Sandhurst Road,Thane,14,platform_occupancy,low
SIG004892,2026-04-26T12:51:00,western,Matunga Road,Kalyan,12,route_conflict,high
SIG004893,2025-11-17T07:08:00,western,Vile Parle,Dadar,11,platform_occupancy,high
SIG004894,2026-01-06T17:55:00,central,Ghatkopar,Dadar,22,equipment_fault,low
SIG004895,2026-02-08T09:42:00,central,Chinchpokli,Andheri,29,signal_hold,low
SIG004896,2026-02-23T08:51:00,central,Kanjurmarg,Thane,20,platform_occupancy,low
SIG004897,2026-02-05T17:50:00,western,Kandivali,Kurla,8,junction_congestion,medium
SIG004898,2026-07-05T21:01:00,central,Mumbra,Andheri,30,junction_congestion,high
SIG004899,2026-02-04T04:05:00,western,Goregaon,Thane,8,route_conflict,high
SIG004900,2026-07-07T10:03:00,western,Goregaon,Thane,3,signal_hold,high
SIG004901,2026-02-17T17:15:00,harbour,Kharghar,Dadar,27,equipment_fault,low
SIG004902,2026-05-11T11:45:00,western,Dadar,Andheri,21,route_conflict,medium
SIG004903,2025-10-02T14:27:00,central,Bhandup,Andheri,6,equipment_fault,high
SIG004904,2026-02-14T18:24:00,central,Bhandup,Kurla,7,platform_occupancy,high
SIG004905,2026-03-17T12:48:00,western,Dadar,Kurla,16,platform_occupancy,low
SIG004906,2026-07-05T14:48:00,central,Diva,Thane,24,signal_hold,high
SIG004907,2026-08-13T12:11:00,central,Vidyavihar,Kurla,10,route_conflict,high
SIG004908,2026-02-06T14:13:00,central,Diva,Kurla,18,platform_occupancy,medium
SIG004909,2025-10-16T03:55:00,central,Kurla,Kurla,11,signal_hold,high
SIG004910,2026-06-10T23:11:00,western,Bhayandar,Bandra,18,equipment_fault,high
SIG004911,2026-06-29T18:27:00,harbour,Guru Tegh Bahadur Nagar,Kalyan,27,signal_hold,low
SIG004912,2026-08-07T20:58:00,harbour,Govandi,Thane,11,route_conflict,medium
SIG004913,2025-12-09T23:55:00,central,Kanjurmarg,Thane,2,platform_occupancy,medium
SIG004914,2025-12-30T17:33:00,harbour,Sanpada,Kurla,1,signal_hold,high
SIG004915,2026-06-05T17:49:00,central,Parel,Wadala Road,17,junction_congestion,low
SIG004916,2026-04-19T01:58:00,central,Kalyan,Andheri,20,junction_congestion,high
SIG004917,2026-07-02T17:38:00,harbour,Govandi,Kalyan,15,equipment_fault,high
SIG004918,2026-04-07T00:37:00,central,CSMT,Kalyan,23,signal_hold,medium
SIG004919,2025-10-17T04:49:00,central,Mumbra,Dadar,3,platform_occupancy,high
SIG004920,2026-08-17T15:03:00,western,Charni Road,Dadar,25,route_conflict,high
SIG004921,2026-04-08T20:14:00,harbour,Mankhurd,Dadar,11,junction_congestion,medium
SIG004922,2026-06-19T01:10:00,central,Bhandup,Andheri,11,signal_hold,high
SIG004923,2026-06-04T15:19:00,western,Ram Mandir,Andheri,17,junction_congestion,low
SIG004924,2025-12-09T20:21:00,central,Mulund,Andheri,10,platform_occupancy,high
SIG004925,2026-02-09T13:59:00,western,Matunga Road,Andheri,7,platform_occupancy,high
SIG004926,2026-08-13T17:04:00,harbour,Sanpada,Thane,1,platform_occupancy,medium
SIG004927,2025-10-13T02:47:00,harbour,Kurla,Bandra,14,junction_congestion,high
SIG004928,2026-03-16T23:45:00,central,Ghatkopar,Thane,2,route_conflict,high
SIG004929,2026-04-11T10:51:00,western,Naigaon,Wadala Road,14,signal_hold,medium
SIG004930,2026-01-31T04:50:00,central,Nahur,Dadar,10,signal_hold,low
SIG004931,2026-05-29T14:49:00,western,Nalasopara,Andheri,28,route_conflict,high
SIG004932,2026-05-24T17:31:00,harbour,Vashi,Kalyan,24,route_conflict,medium
SIG004933,2026-05-08T01:48:00,harbour,Sandhurst Road,Andheri,14,route_conflict,high
SIG004934,2026-04-28T08:48:00,harbour,Wadala Road,Bandra,24,junction_congestion,high
SIG004935,2025-11-07T16:45:00,harbour,Chembur,Kurla,11,equipment_fault,medium
SIG004936,2026-03-10T17:37:00,western,Mira Road,Bandra,3,signal_hold,low
SIG004937,2026-01-11T21:26:00,central,Kalwa,Wadala Road,13,equipment_fault,medium
SIG004938,2025-12-01T05:02:00,harbour,CBD Belapur,Kurla,1,platform_occupancy,high
SIG004939,2026-06-26T14:31:00,western,Nalasopara,Andheri,16,junction_congestion,medium
SIG004940,2026-07-01T19:54:00,central,Byculla,Kurla,13,platform_occupancy,medium
SIG004941,2026-01-15T19:26:00,western,Lower Parel,Andheri,14,route_conflict,medium
SIG004942,2026-05-10T09:33:00,harbour,Chunabhatti,Kurla,21,equipment_fault,medium
SIG004943,2026-07-21T10:20:00,harbour,Panvel,Wadala Road,13,route_conflict,low
SIG004944,2025-12-16T10:09:00,harbour,Sandhurst Road,Andheri,5,route_conflict,low
SIG004945,2026-06-27T23:54:00,central,Dombivli,Kalyan,3,junction_congestion,high
SIG004946,2025-11-04T19:39:00,central,Sion,Bandra,4,junction_congestion,medium
SIG004947,2026-04-22T20:18:00,central,Nahur,Kalyan,29,junction_congestion,low
SIG004948,2026-07-29T02:01:00,western,Khar Road,Kurla,13,junction_congestion,high
SIG004949,2026-05-17T00:53:00,harbour,Masjid,Wadala Road,20,equipment_fault,high
SIG004950,2026-09-21T15:08:00,central,Kurla,Bandra,16,platform_occupancy,high
SIG004951,2026-04-17T12:17:00,harbour,Chunabhatti,Andheri,8,platform_occupancy,high
SIG004952,2026-06-01T10:00:00,western,Goregaon,Thane,28,route_conflict,medium
SIG004953,2026-08-31T17:45:00,central,CSMT,Bandra,26,route_conflict,medium
SIG004954,2026-07-11T11:23:00,central,Bhandup,Wadala Road,16,platform_occupancy,low
SIG004955,2026-04-12T01:37:00,western,Churchgate,Bandra,16,junction_congestion,medium
SIG004956,2026-06-16T06:40:00,western,Matunga Road,Wadala Road,15,platform_occupancy,low
SIG004957,2026-05-06T00:45:00,western,Charni Road,Thane,25,junction_congestion,low
SIG004958,2026-03-01T10:22:00,western,Malad,Wadala Road,2,signal_hold,high
SIG004959,2025-11-03T20:50:00,harbour,Guru Tegh Bahadur Nagar,Andheri,2,junction_congestion,medium
SIG004960,2026-07-18T03:02:00,central,Kalyan,Wadala Road,5,route_conflict,high
SIG004961,2026-04-30T12:56:00,harbour,Guru Tegh Bahadur Nagar,Thane,8,equipment_fault,medium
SIG004962,2026-08-04T18:37:00,central,Sion,Thane,6,route_conflict,high
SIG004963,2026-01-03T18:15:00,central,Bhandup,Dadar,21,signal_hold,low
SIG004964,2026-04-08T11:49:00,central,CSMT,Bandra,19,signal_hold,low
SIG004965,2025-11-13T15:21:00,harbour,Wadala Road,Bandra,10,equipment_fault,high
SIG004966,2026-06-21T08:41:00,central,Chinchpokli,Dadar,20,equipment_fault,high
SIG004967,2026-07-18T14:49:00,central,Chinchpokli,Dadar,18,signal_hold,high
SIG004968,2026-05-20T18:22:00,harbour,Sewri,Andheri,15,platform_occupancy,medium
SIG004969,2026-08-07T11:37:00,western,Matunga Road,Andheri,10,junction_congestion,medium
SIG004970,2026-08-06T12:17:00,western,Jogeshwari,Andheri,25,junction_congestion,high
SIG004971,2026-09-20T12:30:00,harbour,CSMT,Thane,24,junction_congestion,high
SIG004972,2026-07-27T17:23:00,central,Dombivli,Andheri,28,junction_congestion,high
SIG004973,2026-01-16T05:34:00,harbour,Seawoods-Darave,Dadar,24,platform_occupancy,high
SIG004974,2026-01-05T23:15:00,central,Kanjurmarg,Thane,20,equipment_fault,medium
SIG004975,2025-10-13T05:10:00,harbour,CBD Belapur,Wadala Road,3,platform_occupancy,high
SIG004976,2026-01-28T11:21:00,harbour,Wadala Road,Andheri,8,signal_hold,high
SIG004977,2026-02-09T10:07:00,harbour,Mansarovar,Kurla,16,junction_congestion,medium
SIG004978,2025-10-13T15:11:00,central,Kurla,Bandra,16,route_conflict,high
SIG004979,2026-08-04T12:46:00,western,Mumbai Central,Dadar,9,signal_hold,medium
SIG004980,2025-11-18T22:58:00,western,Virar,Dadar,18,junction_congestion,medium
SIG004981,2025-10-24T11:17:00,central,Mulund,Thane,15,route_conflict,low
SIG004982,2025-12-05T17:54:00,central,Nahur,Andheri,24,equipment_fault,medium
SIG004983,2026-01-31T02:03:00,central,Nahur,Thane,28,platform_occupancy,low
SIG004984,2025-10-02T22:32:00,western,Mahim,Wadala Road,9,platform_occupancy,low
SIG004985,2025-10-13T03:37:00,harbour,Kharghar,Kurla,30,route_conflict,high
SIG004986,2026-09-16T03:28:00,harbour,Wadala Road,Bandra,12,signal_hold,high
SIG004987,2026-07-23T20:23:00,central,Vidyavihar,Bandra,28,junction_congestion,medium
SIG004988,2026-05-09T05:37:00,western,Lower Parel,Dadar,7,platform_occupancy,low
SIG004989,2026-02-14T19:45:00,western,Mumbai Central,Thane,17,platform_occupancy,low
SIG004990,2026-04-13T19:31:00,central,Ghatkopar,Wadala Road,27,signal_hold,medium
SIG004991,2026-03-02T22:40:00,harbour,Sanpada,Bandra,18,platform_occupancy,high
SIG004992,2026-01-31T04:17:00,harbour,Dockyard Road,Kalyan,18,equipment_fault,medium
SIG004993,2026-06-08T07:04:00,harbour,Seawoods-Darave,Dadar,26,equipment_fault,high
SIG004994,2026-05-10T01:35:00,harbour,Kharghar,Bandra,3,route_conflict,high
SIG004995,2026-07-01T03:29:00,central,Vikhroli,Bandra,17,signal_hold,medium
SIG004996,2026-09-01T11:35:00,central,Diva,Kurla,7,equipment_fault,low
SIG004997,2025-12-10T16:57:00,harbour,Wadala Road,Thane,18,equipment_fault,low
SIG004998,2025-10-30T21:26:00,harbour,Masjid,Kurla,18,signal_hold,medium
SIG004999,2026-07-08T11:29:00,western,Dadar,Kurla,23,equipment_fault,low
SIG005000,2026-05-16T00:20:00,western,Grant Road,Andheri,20,platform_occupancy,high
SIG005001,2026-09-03T08:56:00,harbour,Wadala Road,Bandra,28,signal_hold,high
SIG005002,2025-12-13T23:40:00,western,Charni Road,Wadala Road,11,route_conflict,medium
SIG005003,2026-02-18T16:16:00,central,Chinchpokli,Dadar,10,junction_congestion,low
SIG005004,2026-02-21T04:33:00,western,Charni Road,Thane,29,platform_occupancy,medium
SIG005005,2026-02-20T13:27:00,western,Charni Road,Thane,8,signal_hold,low
SIG005006,2025-11-12T21:06:00,central,Vidyavihar,Dadar,15,junction_congestion,high
SIG005007,2025-12-04T01:03:00,harbour,Mansarovar,Dadar,29,signal_hold,high
SIG005008,2026-07-24T13:30:00,central,Diva,Wadala Road,10,platform_occupancy,medium
SIG005009,2026-08-29T11:59:00,central,Kalyan,Bandra,23,junction_congestion,low
SIG005010,2026-05-11T09:43:00,central,Vidyavihar,Dadar,26,equipment_fault,high
SIG005011,2026-02-11T19:28:00,harbour,Nerul,Dadar,5,junction_congestion,high
SIG005012,2026-04-13T08:25:00,central,Parel,Dadar,14,platform_occupancy,high
SIG005013,2025-11-29T17:38:00,harbour,Khandeshwar,Bandra,4,signal_hold,medium
SIG005014,2025-12-16T04:44:00,harbour,Khandeshwar,Kalyan,21,junction_congestion,high
SIG005015,2025-12-07T22:14:00,western,Marine Lines,Bandra,29,equipment_fault,high
SIG005016,2026-01-05T10:06:00,western,Borivali,Thane,5,signal_hold,medium
SIG005017,2026-01-11T23:03:00,central,Thane,Kurla,5,signal_hold,high
SIG005018,2026-09-29T12:31:00,central,Kopar,Kalyan,6,junction_congestion,high
SIG005019,2026-07-05T18:28:00,western,Churchgate,Wadala Road,7,platform_occupancy,medium
SIG005020,2025-12-02T21:04:00,harbour,CSMT,Dadar,12,equipment_fault,low
SIG005021,2026-01-10T07:51:00,harbour,CBD Belapur,Andheri,30,platform_occupancy,medium
SIG005022,2026-01-03T07:17:00,western,Ram Mandir,Andheri,15,signal_hold,high
SIG005023,2026-02-24T12:52:00,western,Mumbai Central,Dadar,2,junction_congestion,medium
SIG005024,2026-06-05T06:56:00,harbour,Vashi,Andheri,5,platform_occupancy,low
SIG005025,2026-09-03T04:55:00,western,Mumbai Central,Wadala Road,12,signal_hold,medium
SIG005026,2026-06-01T16:54:00,western,Virar,Andheri,26,signal_hold,medium
SIG005027,2025-10-17T19:08:00,harbour,Reay Road,Andheri,17,junction_congestion,low
SIG005028,2026-07-04T18:47:00,western,Matunga Road,Wadala Road,1,route_conflict,low
SIG005029,2026-04-09T21:21:00,western,Santacruz,Bandra,12,platform_occupancy,medium
SIG005030,2026-04-10T20:49:00,central,Kanjurmarg,Andheri,20,platform_occupancy,low
SIG005031,2025-10-17T23:05:00,central,Chinchpokli,Andheri,17,equipment_fault,high
SIG005032,2026-05-29T15:35:00,central,Kanjurmarg,Andheri,9,route_conflict,low
SIG005033,2025-12-08T06:43:00,central,Ghatkopar,Andheri,27,platform_occupancy,medium
SIG005034,2026-01-06T23:12:00,western,Jogeshwari,Wadala Road,16,equipment_fault,high
SIG005035,2026-08-19T10:26:00,harbour,Chembur,Thane,14,equipment_fault,high
SIG005036,2026-03-23T01:19:00,western,Lower Parel,Kalyan,22,signal_hold,medium
SIG005037,2026-01-02T04:33:00,western,Vasai Road,Wadala Road,1,signal_hold,low
SIG005038,2026-02-18T22:10:00,harbour,Chembur,Dadar,30,platform_occupancy,medium
SIG005039,2026-04-20T18:34:00,harbour,Panvel,Kalyan,29,signal_hold,high
SIG005040,2025-10-12T05:33:00,western,Jogeshwari,Dadar,7,platform_occupancy,low
SIG005041,2026-04-05T16:03:00,harbour,Nerul,Bandra,25,platform_occupancy,high
SIG005042,2026-03-29T01:16:00,harbour,Cotton Green,Andheri,19,platform_occupancy,medium
SIG005043,2025-11-23T11:04:00,harbour,Mansarovar,Bandra,4,platform_occupancy,medium
SIG005044,2025-11-04T19:00:00,central,Sion,Thane,15,route_conflict,high
SIG005045,2026-03-24T07:16:00,harbour,Tilak Nagar,Dadar,24,junction_congestion,medium
SIG005046,2026-03-06T14:19:00,harbour,Masjid,Bandra,19,platform_occupancy,high
SIG005047,2026-03-10T23:21:00,western,Borivali,Andheri,13,junction_congestion,low
SIG005048,2026-04-05T07:15:00,harbour,Panvel,Wadala Road,13,equipment_fault,high
SIG005049,2026-07-29T08:55:00,central,Kanjurmarg,Andheri,22,route_conflict,high
SIG005050,2026-01-30T11:01:00,central,Dombivli,Andheri,18,route_conflict,low
SIG005051,2026-01-28T23:12:00,harbour,Juinagar,Dadar,25,signal_hold,high
SIG005052,2026-03-08T23:39:00,western,Prabhadevi,Thane,7,signal_hold,medium
SIG005053,2026-06-07T15:42:00,central,Kalwa,Andheri,10,junction_congestion,medium
SIG005054,2026-07-26T04:36:00,harbour,Vashi,Wadala Road,1,equipment_fault,medium
SIG005055,2026-04-21T19:52:00,central,Kalwa,Kurla,16,platform_occupancy,high
SIG005056,2026-04-23T10:02:00,harbour,Kurla,Bandra,19,junction_congestion,medium
SIG005057,2026-01-15T17:18:00,western,Prabhadevi,Thane,21,route_conflict,low
SIG005058,2026-09-13T18:14:00,central,Vikhroli,Andheri,26,platform_occupancy,high
SIG005059,2026-01-24T12:26:00,harbour,Mansarovar,Wadala Road,16,platform_occupancy,high
SIG005060,2026-08-30T00:50:00,central,Chinchpokli,Andheri,3,platform_occupancy,high
SIG005061,2026-07-08T21:50:00,harbour,Cotton Green,Kalyan,15,platform_occupancy,low
SIG005062,2025-12-25T18:59:00,harbour,Seawoods-Darave,Kalyan,14,platform_occupancy,medium
SIG005063,2026-03-13T03:01:00,central,Diva,Kalyan,12,platform_occupancy,low
SIG005064,2026-06-18T19:49:00,harbour,Govandi,Thane,29,signal_hold,high
SIG005065,2026-07-21T16:13:00,central,Thane,Wadala Road,14,route_conflict,high
SIG005066,2025-10-06T18:41:00,western,Goregaon,Kurla,12,equipment_fault,low
SIG005067,2025-11-14T10:29:00,western,Khar Road,Bandra,7,signal_hold,low
SIG005068,2026-05-27T07:39:00,harbour,Vashi,Andheri,21,route_conflict,low
SIG005069,2026-04-23T11:01:00,western,Mumbai Central,Wadala Road,9,equipment_fault,high
SIG005070,2026-03-06T12:48:00,central,Dombivli,Wadala Road,6,junction_congestion,medium
SIG005071,2026-07-26T16:56:00,harbour,Masjid,Wadala Road,21,equipment_fault,medium
SIG005072,2026-08-14T09:47:00,harbour,Mansarovar,Dadar,3,equipment_fault,low
SIG005073,2026-04-18T22:52:00,western,Naigaon,Kurla,7,platform_occupancy,high
SIG005074,2025-10-04T15:31:00,western,Vasai Road,Bandra,11,route_conflict,medium
SIG005075,2026-03-26T05:26:00,central,Thane,Kalyan,13,junction_congestion,low
SIG005076,2026-06-09T21:23:00,central,Kurla,Thane,14,signal_hold,medium
SIG005077,2026-03-28T10:31:00,harbour,Reay Road,Kalyan,2,equipment_fault,medium
SIG005078,2026-09-18T20:13:00,central,Kalyan,Bandra,13,route_conflict,medium
SIG005079,2026-01-08T01:20:00,western,Kandivali,Thane,24,route_conflict,medium
SIG005080,2026-05-06T15:52:00,harbour,Nerul,Dadar,4,equipment_fault,high
SIG005081,2026-01-20T12:36:00,harbour,Sanpada,Bandra,12,junction_congestion,medium
SIG005082,2026-01-20T19:43:00,harbour,Tilak Nagar,Andheri,2,route_conflict,low
SIG005083,2026-06-18T06:18:00,central,Kalyan,Bandra,26,route_conflict,high
SIG005084,2026-03-29T01:24:00,western,Borivali,Kalyan,15,platform_occupancy,medium
SIG005085,2026-01-10T01:00:00,western,Mahalaxmi,Kalyan,6,junction_congestion,medium
SIG005086,2026-03-08T09:51:00,harbour,Tilak Nagar,Kalyan,16,equipment_fault,medium
SIG005087,2026-04-29T03:09:00,harbour,Chembur,Dadar,15,equipment_fault,high
SIG005088,2025-10-17T07:02:00,central,Ghatkopar,Dadar,22,equipment_fault,high
SIG005089,2025-12-12T20:35:00,harbour,Sanpada,Dadar,15,junction_congestion,medium
SIG005090,2026-06-27T15:54:00,western,Mumbai Central,Wadala Road,22,platform_occupancy,medium
SIG005091,2025-12-09T21:19:00,central,Diva,Bandra,6,platform_occupancy,low
SIG005092,2025-12-13T01:02:00,central,Kurla,Wadala Road,18,route_conflict,high
SIG005093,2026-03-28T01:35:00,harbour,Panvel,Andheri,11,equipment_fault,medium
SIG005094,2026-04-17T03:31:00,central,Nahur,Kalyan,12,junction_congestion,medium
SIG005095,2025-10-27T17:23:00,central,CSMT,Thane,11,platform_occupancy,high
SIG005096,2026-04-10T17:55:00,harbour,Mansarovar,Kurla,21,platform_occupancy,low
SIG005097,2026-08-11T12:09:00,harbour,Vashi,Andheri,16,signal_hold,medium
SIG005098,2026-07-26T22:28:00,harbour,Cotton Green,Kurla,24,signal_hold,high
SIG005099,2026-04-12T10:14:00,harbour,Masjid,Kalyan,13,route_conflict,medium
SIG005100,2025-12-21T23:00:00,central,Matunga,Thane,19,junction_congestion,medium
SIG005101,2025-12-31T00:20:00,western,Borivali,Dadar,4,signal_hold,medium
SIG005102,2026-04-02T16:34:00,central,Nahur,Bandra,8,platform_occupancy,high
SIG005103,2026-04-10T09:17:00,western,Borivali,Dadar,27,platform_occupancy,high
SIG005104,2026-09-18T06:15:00,western,Mahalaxmi,Thane,12,junction_congestion,high
SIG005105,2026-06-03T05:25:00,central,Kurla,Dadar,8,platform_occupancy,medium
SIG005106,2026-09-21T04:53:00,central,Currey Road,Kalyan,18,platform_occupancy,high
SIG005107,2026-06-30T09:44:00,central,Matunga,Wadala Road,22,platform_occupancy,low
SIG005108,2026-03-23T03:38:00,western,Ram Mandir,Thane,12,platform_occupancy,high
SIG005109,2025-10-13T20:30:00,harbour,Khandeshwar,Wadala Road,26,platform_occupancy,medium
SIG005110,2026-05-08T11:33:00,central,Vikhroli,Wadala Road,4,junction_congestion,medium
SIG005111,2025-11-02T06:23:00,western,Naigaon,Wadala Road,25,platform_occupancy,high
SIG005112,2025-12-25T14:28:00,western,Santacruz,Kurla,8,route_conflict,high
SIG005113,2026-05-08T20:59:00,central,CSMT,Thane,1,junction_congestion,low
SIG005114,2026-04-02T05:25:00,central,Mumbra,Kalyan,21,signal_hold,medium
SIG005115,2026-09-24T18:33:00,harbour,Nerul,Kalyan,24,route_conflict,medium
SIG005116,2025-12-30T15:32:00,harbour,Tilak Nagar,Andheri,11,equipment_fault,medium
SIG005117,2025-10-31T09:27:00,harbour,Mansarovar,Kurla,16,platform_occupancy,medium
SIG005118,2026-07-21T00:50:00,western,Grant Road,Kalyan,1,route_conflict,high
SIG005119,2026-07-10T18:06:00,western,Churchgate,Dadar,15,platform_occupancy,high
SIG005120,2025-10-23T17:57:00,harbour,Masjid,Bandra,4,junction_congestion,high
SIG005121,2025-10-26T16:18:00,central,Nahur,Wadala Road,26,platform_occupancy,high
SIG005122,2025-10-25T08:28:00,central,Kalwa,Kalyan,23,equipment_fault,low
SIG005123,2026-05-16T15:05:00,central,Dombivli,Dadar,13,route_conflict,low
SIG005124,2026-06-23T21:43:00,harbour,Panvel,Kurla,22,equipment_fault,high
SIG005125,2026-08-05T21:47:00,central,Kanjurmarg,Andheri,8,platform_occupancy,low
SIG005126,2026-08-08T23:28:00,central,Sion,Thane,29,platform_occupancy,high
SIG005127,2026-07-24T17:54:00,western,Andheri,Dadar,15,route_conflict,low
SIG005128,2026-03-06T02:53:00,central,Chinchpokli,Kurla,8,platform_occupancy,low
SIG005129,2026-02-19T03:46:00,harbour,CSMT,Dadar,9,route_conflict,low
SIG005130,2026-09-06T20:33:00,central,Dadar,Kalyan,21,platform_occupancy,high
SIG005131,2026-03-15T02:03:00,central,Kanjurmarg,Bandra,22,route_conflict,medium
SIG005132,2026-09-15T08:50:00,harbour,Panvel,Andheri,19,junction_congestion,medium
SIG005133,2025-11-15T13:14:00,harbour,Guru Tegh Bahadur Nagar,Wadala Road,1,route_conflict,high
SIG005134,2025-10-09T00:18:00,harbour,Masjid,Kalyan,22,route_conflict,medium
SIG005135,2026-08-15T04:18:00,central,Kalwa,Bandra,5,junction_congestion,low
SIG005136,2026-02-04T18:43:00,central,Dadar,Andheri,14,route_conflict,high
SIG005137,2026-09-08T21:08:00,harbour,Guru Tegh Bahadur Nagar,Andheri,25,signal_hold,low
SIG005138,2026-07-12T05:41:00,central,Mumbra,Dadar,3,route_conflict,high
SIG005139,2026-01-02T12:20:00,western,Naigaon,Bandra,6,signal_hold,medium
SIG005140,2026-01-30T03:53:00,central,Dadar,Bandra,13,signal_hold,low
SIG005141,2026-09-22T05:56:00,harbour,Juinagar,Wadala Road,26,route_conflict,medium
SIG005142,2026-05-11T22:04:00,central,Ghatkopar,Kalyan,9,platform_occupancy,medium
SIG005143,2026-06-29T02:26:00,harbour,Sewri,Kurla,12,platform_occupancy,medium
SIG005144,2026-04-27T13:22:00,western,Grant Road,Wadala Road,4,equipment_fault,high
SIG005145,2026-06-07T11:31:00,western,Lower Parel,Kalyan,30,junction_congestion,low
SIG005146,2025-10-14T07:38:00,harbour,Kurla,Kurla,2,route_conflict,high
SIG005147,2025-12-13T00:17:00,harbour,Nerul,Kurla,15,junction_congestion,high
SIG005148,2026-05-08T02:45:00,western,Ram Mandir,Bandra,29,platform_occupancy,medium
SIG005149,2025-11-28T10:50:00,central,Kanjurmarg,Andheri,5,route_conflict,low
SIG005150,2025-11-24T05:59:00,central,Dombivli,Wadala Road,8,route_conflict,low
SIG005151,2026-05-24T16:04:00,central,Byculla,Dadar,4,route_conflict,medium
SIG005152,2026-02-01T01:12:00,harbour,Sewri,Kalyan,1,route_conflict,low
SIG005153,2026-09-16T18:01:00,central,Vidyavihar,Kalyan,30,junction_congestion,low
SIG005154,2025-10-08T16:40:00,central,Dombivli,Andheri,16,junction_congestion,low
SIG005155,2026-03-22T18:02:00,central,Kanjurmarg,Kurla,24,equipment_fault,medium
SIG005156,2025-10-02T21:09:00,central,Bhandup,Andheri,16,signal_hold,high
SIG005157,2026-07-30T22:45:00,western,Grant Road,Kalyan,5,signal_hold,medium
SIG005158,2026-07-15T10:47:00,harbour,Masjid,Andheri,10,signal_hold,high
SIG005159,2026-07-11T22:32:00,harbour,Wadala Road,Dadar,8,route_conflict,medium
SIG005160,2026-05-05T12:58:00,harbour,Kurla,Bandra,13,platform_occupancy,high
SIG005161,2026-08-09T16:18:00,central,Vidyavihar,Dadar,19,equipment_fault,low
SIG005162,2026-07-20T04:50:00,western,Mahim,Andheri,29,route_conflict,high
SIG005163,2025-10-15T21:05:00,central,Kurla,Bandra,26,equipment_fault,low
SIG005164,2026-09-20T06:57:00,harbour,CSMT,Kurla,10,route_conflict,medium
SIG005165,2025-12-23T08:54:00,harbour,Seawoods-Darave,Kalyan,22,signal_hold,low
SIG005166,2025-11-20T08:30:00,harbour,Tilak Nagar,Wadala Road,19,signal_hold,low
SIG005167,2026-07-17T03:55:00,harbour,Reay Road,Wadala Road,13,junction_congestion,low
SIG005168,2026-09-02T16:31:00,central,Dadar,Dadar,11,route_conflict,low
SIG005169,2026-03-31T07:02:00,harbour,Chembur,Andheri,5,platform_occupancy,low
SIG005170,2026-07-20T09:13:00,western,Mumbai Central,Kurla,4,junction_congestion,high
SIG005171,2025-10-19T06:22:00,harbour,Mansarovar,Wadala Road,15,platform_occupancy,medium
SIG005172,2025-10-08T14:52:00,western,Nalasopara,Bandra,30,equipment_fault,low
SIG005173,2026-02-22T21:32:00,central,Kalwa,Kurla,25,equipment_fault,medium
SIG005174,2026-02-17T21:36:00,harbour,Seawoods-Darave,Andheri,3,signal_hold,medium
SIG005175,2026-06-21T15:56:00,central,Sion,Bandra,11,signal_hold,medium
SIG005176,2026-05-15T19:49:00,central,Kurla,Kalyan,19,route_conflict,high
SIG005177,2026-06-09T08:07:00,western,Churchgate,Kurla,24,signal_hold,medium
SIG005178,2025-11-04T06:52:00,western,Mumbai Central,Wadala Road,8,route_conflict,low
SIG005179,2026-05-29T14:29:00,central,Thane,Andheri,19,junction_congestion,high
SIG005180,2025-10-09T16:34:00,western,Mahim,Bandra,25,equipment_fault,medium
SIG005181,2025-12-12T19:02:00,central,Mulund,Dadar,28,junction_congestion,high
SIG005182,2025-10-20T12:48:00,western,Marine Lines,Thane,14,equipment_fault,medium
SIG005183,2025-11-11T11:51:00,harbour,Chunabhatti,Dadar,5,platform_occupancy,high
SIG005184,2026-07-06T03:42:00,western,Mahim,Dadar,13,platform_occupancy,high
SIG005185,2026-03-18T20:01:00,harbour,CBD Belapur,Wadala Road,19,platform_occupancy,low
SIG005186,2026-03-24T02:00:00,central,Kanjurmarg,Wadala Road,9,signal_hold,high
SIG005187,2026-08-27T06:16:00,central,Nahur,Kalyan,28,junction_congestion,low
SIG005188,2025-10-07T20:06:00,central,Kurla,Kurla,10,platform_occupancy,high
SIG005189,2026-08-28T08:30:00,harbour,CBD Belapur,Andheri,27,route_conflict,low
SIG005190,2026-09-10T00:07:00,western,Marine Lines,Kurla,8,route_conflict,medium
SIG005191,2026-08-02T23:30:00,harbour,Khandeshwar,Andheri,15,platform_occupancy,medium
SIG005192,2026-04-11T06:12:00,central,Currey Road,Bandra,1,platform_occupancy,high
SIG005193,2026-04-23T13:11:00,harbour,Masjid,Wadala Road,10,junction_congestion,high
SIG005194,2026-03-08T04:08:00,western,Ram Mandir,Dadar,12,junction_congestion,low
SIG005195,2026-06-06T05:44:00,central,Dadar,Kalyan,2,junction_congestion,high
SIG005196,2026-06-20T01:20:00,harbour,Mansarovar,Thane,26,junction_congestion,medium
SIG005197,2025-12-25T11:08:00,western,Grant Road,Dadar,16,equipment_fault,medium
SIG005198,2026-07-13T14:16:00,central,Nahur,Thane,10,platform_occupancy,medium
SIG005199,2026-06-06T14:45:00,central,Parel,Wadala Road,19,junction_congestion,low
SIG005200,2026-01-30T04:23:00,central,Dombivli,Wadala Road,7,platform_occupancy,high
SIG005201,2026-06-04T00:24:00,central,Dombivli,Dadar,25,route_conflict,high
SIG005202,2025-10-08T14:02:00,harbour,Sanpada,Thane,22,junction_congestion,high
SIG005203,2026-06-12T01:01:00,harbour,Govandi,Dadar,27,junction_congestion,medium
SIG005204,2026-02-10T12:36:00,harbour,Mansarovar,Bandra,14,signal_hold,low
SIG005205,2026-01-05T06:39:00,central,Kalwa,Kalyan,2,equipment_fault,medium
SIG005206,2026-08-17T21:55:00,central,Nahur,Wadala Road,12,junction_congestion,low
SIG005207,2026-02-27T08:44:00,harbour,Nerul,Bandra,14,route_conflict,medium
SIG005208,2026-03-12T06:04:00,central,Nahur,Wadala Road,6,junction_congestion,low
SIG005209,2025-12-02T04:27:00,western,Vile Parle,Bandra,8,platform_occupancy,low
SIG005210,2026-01-03T16:12:00,harbour,Seawoods-Darave,Kalyan,6,route_conflict,high
SIG005211,2025-10-24T15:39:00,central,Kalwa,Andheri,30,route_conflict,medium
SIG005212,2026-02-24T21:14:00,western,Prabhadevi,Kurla,22,route_conflict,low
SIG005213,2026-01-13T04:48:00,western,Malad,Wadala Road,30,route_conflict,medium
SIG005214,2026-04-22T20:00:00,central,CSMT,Bandra,13,signal_hold,medium
SIG005215,2026-04-07T07:11:00,harbour,Wadala Road,Andheri,30,signal_hold,medium
SIG005216,2026-06-08T08:09:00,harbour,Reay Road,Kurla,11,junction_congestion,high
SIG005217,2026-07-13T06:59:00,central,Parel,Wadala Road,10,signal_hold,low
SIG005218,2026-06-08T05:26:00,western,Andheri,Andheri,27,signal_hold,low
SIG005219,2026-07-06T13:22:00,central,Kurla,Wadala Road,29,equipment_fault,medium
SIG005220,2026-04-28T04:22:00,harbour,Vashi,Bandra,11,route_conflict,low
SIG005221,2025-12-24T19:04:00,harbour,CBD Belapur,Bandra,25,equipment_fault,low
SIG005222,2026-04-05T08:36:00,western,Bandra,Thane,10,route_conflict,high
SIG005223,2025-10-05T16:55:00,central,Sion,Kalyan,14,platform_occupancy,low
SIG005224,2026-06-23T21:41:00,central,CSMT,Kalyan,18,junction_congestion,high
SIG005225,2026-08-22T05:25:00,harbour,Chembur,Dadar,22,route_conflict,low
SIG005226,2026-03-16T12:33:00,harbour,Nerul,Kurla,6,signal_hold,low
SIG005227,2025-11-24T17:31:00,central,Byculla,Dadar,20,platform_occupancy,high
SIG005228,2026-07-20T04:56:00,central,Matunga,Wadala Road,25,equipment_fault,high
SIG005229,2026-01-04T21:56:00,harbour,Vashi,Wadala Road,17,junction_congestion,low
SIG005230,2026-09-27T22:48:00,western,Vasai Road,Bandra,23,signal_hold,medium
SIG005231,2026-01-23T16:36:00,central,Mumbra,Thane,26,junction_congestion,low
SIG005232,2025-12-22T08:34:00,central,Dombivli,Wadala Road,13,platform_occupancy,medium
SIG005233,2025-12-23T15:14:00,central,CSMT,Kurla,7,route_conflict,high
SIG005234,2025-10-05T19:51:00,central,CSMT,Dadar,11,signal_hold,high
SIG005235,2025-10-31T02:14:00,western,Jogeshwari,Kalyan,10,platform_occupancy,high
SIG005236,2025-11-27T17:39:00,western,Churchgate,Kurla,22,route_conflict,high
SIG005237,2025-10-03T15:22:00,western,Mira Road,Kalyan,12,platform_occupancy,medium
SIG005238,2026-04-16T18:23:00,western,Khar Road,Thane,17,junction_congestion,high
SIG005239,2026-01-09T02:47:00,harbour,Mansarovar,Dadar,2,platform_occupancy,medium
SIG005240,2026-07-30T05:34:00,western,Nalasopara,Kalyan,11,signal_hold,low
SIG005241,2026-06-16T21:01:00,western,Khar Road,Andheri,22,equipment_fault,medium
SIG005242,2026-04-03T03:05:00,central,Dadar,Bandra,2,route_conflict,high
SIG005243,2026-07-17T23:48:00,western,Andheri,Wadala Road,30,platform_occupancy,medium
SIG005244,2026-02-15T08:42:00,western,Churchgate,Wadala Road,12,equipment_fault,medium
SIG005245,2026-01-12T05:24:00,western,Dahisar,Wadala Road,7,junction_congestion,high
SIG005246,2025-10-08T14:54:00,central,Byculla,Bandra,3,platform_occupancy,medium
SIG005247,2026-08-21T08:31:00,harbour,Reay Road,Kurla,5,junction_congestion,medium
SIG005248,2025-11-24T23:03:00,central,Kalyan,Andheri,18,platform_occupancy,high
SIG005249,2025-12-12T14:47:00,harbour,CBD Belapur,Kalyan,1,signal_hold,medium
SIG005250,2025-11-02T05:55:00,harbour,Dockyard Road,Wadala Road,14,junction_congestion,high
SIG005251,2026-09-17T23:48:00,harbour,Reay Road,Dadar,20,route_conflict,medium
SIG005252,2025-11-23T14:29:00,harbour,Reay Road,Dadar,4,equipment_fault,low
SIG005253,2026-06-14T22:10:00,western,Prabhadevi,Kurla,23,route_conflict,high
SIG005254,2026-08-24T15:40:00,western,Vasai Road,Thane,19,route_conflict,medium
SIG005255,2026-06-05T22:04:00,harbour,Cotton Green,Wadala Road,30,signal_hold,medium
SIG005256,2026-06-28T20:22:00,central,Currey Road,Dadar,14,route_conflict,high
SIG005257,2026-08-20T01:01:00,western,Matunga Road,Wadala Road,6,signal_hold,medium
SIG005258,2026-06-01T09:23:00,central,Vidyavihar,Andheri,28,signal_hold,medium
SIG005259,2026-02-11T15:13:00,central,Kalwa,Bandra,15,route_conflict,high
SIG005260,2026-07-28T01:00:00,western,Khar Road,Kurla,12,equipment_fault,low
SIG005261,2026-03-23T02:42:00,harbour,Sandhurst Road,Kurla,10,equipment_fault,medium
SIG005262,2026-08-24T08:08:00,western,Bhayandar,Andheri,14,junction_congestion,medium
SIG005263,2026-02-03T03:18:00,central,Vidyavihar,Kurla,21,platform_occupancy,low
SIG005264,2026-06-07T11:30:00,central,Diva,Kalyan,17,junction_congestion,low
SIG005265,2026-07-02T01:55:00,central,Mulund,Dadar,11,junction_congestion,high
SIG005266,2026-05-12T19:56:00,western,Virar,Wadala Road,28,signal_hold,low
SIG005267,2025-11-04T03:12:00,western,Dadar,Wadala Road,21,signal_hold,high
SIG005268,2026-05-05T03:27:00,western,Matunga Road,Kalyan,19,junction_congestion,low
SIG005269,2025-10-23T06:16:00,harbour,Masjid,Wadala Road,10,signal_hold,high
SIG005270,2025-11-17T22:12:00,central,Thakurli,Thane,16,route_conflict,medium
SIG005271,2026-07-30T08:08:00,western,Matunga Road,Kurla,13,junction_congestion,high
SIG005272,2026-01-09T19:04:00,western,Bandra,Thane,20,route_conflict,low
SIG005273,2026-03-10T19:10:00,central,Diva,Kurla,2,equipment_fault,low
SIG005274,2026-04-14T11:09:00,harbour,Masjid,Dadar,22,platform_occupancy,low
SIG005275,2026-09-05T21:14:00,western,Grant Road,Andheri,4,junction_congestion,low
SIG005276,2026-02-10T17:33:00,central,Vidyavihar,Dadar,9,junction_congestion,medium
SIG005277,2026-08-03T15:19:00,harbour,CSMT,Dadar,21,signal_hold,high
SIG005278,2026-04-12T14:51:00,western,Malad,Bandra,8,route_conflict,medium
SIG005279,2026-04-17T17:13:00,central,Vidyavihar,Kurla,6,equipment_fault,high
SIG005280,2026-03-26T11:29:00,harbour,Panvel,Thane,20,junction_congestion,high
SIG005281,2026-07-30T12:18:00,harbour,Vashi,Bandra,16,signal_hold,medium
SIG005282,2026-03-31T11:01:00,harbour,CSMT,Bandra,6,route_conflict,medium
SIG005283,2026-01-28T01:49:00,harbour,Chunabhatti,Kalyan,24,route_conflict,medium
SIG005284,2026-05-25T06:07:00,western,Marine Lines,Andheri,7,route_conflict,high
SIG005285,2025-10-12T13:51:00,harbour,Masjid,Andheri,21,signal_hold,medium
SIG005286,2026-05-07T21:36:00,central,Bhandup,Dadar,28,platform_occupancy,medium
SIG005287,2026-01-15T01:24:00,central,Thane,Kalyan,8,platform_occupancy,medium
SIG005288,2026-04-08T04:28:00,harbour,Masjid,Andheri,30,platform_occupancy,low
SIG005289,2026-03-31T00:19:00,western,Khar Road,Wadala Road,16,equipment_fault,low
SIG005290,2025-11-14T12:56:00,harbour,Govandi,Kalyan,12,platform_occupancy,high
SIG005291,2026-03-13T13:45:00,harbour,Sewri,Thane,8,equipment_fault,medium
SIG005292,2025-10-14T23:58:00,central,Ghatkopar,Bandra,7,equipment_fault,low
SIG005293,2026-06-10T12:03:00,western,Jogeshwari,Kalyan,18,route_conflict,medium
SIG005294,2026-08-29T12:56:00,western,Prabhadevi,Bandra,26,equipment_fault,low
SIG005295,2026-03-11T03:45:00,western,Churchgate,Kalyan,8,platform_occupancy,medium
SIG005296,2026-03-30T23:45:00,harbour,Kharghar,Kurla,2,route_conflict,low
SIG005297,2026-08-05T02:13:00,central,Currey Road,Bandra,6,route_conflict,medium
SIG005298,2026-09-12T08:38:00,central,CSMT,Andheri,19,equipment_fault,medium
SIG005299,2026-02-16T23:49:00,harbour,Mankhurd,Kurla,2,route_conflict,low
SIG005300,2026-06-10T13:28:00,western,Mahim,Dadar,13,signal_hold,low
SIG005301,2026-03-30T23:31:00,western,Mahim,Dadar,27,signal_hold,medium
SIG005302,2025-12-05T08:55:00,central,Vikhroli,Thane,18,junction_congestion,low
SIG005303,2026-04-13T06:11:00,harbour,Mansarovar,Dadar,9,route_conflict,low
SIG005304,2026-05-06T20:05:00,central,Kanjurmarg,Thane,3,signal_hold,high
SIG005305,2026-01-22T19:00:00,central,Vikhroli,Bandra,3,route_conflict,medium
SIG005306,2026-03-19T08:27:00,harbour,Masjid,Kalyan,25,equipment_fault,low
SIG005307,2025-12-06T08:39:00,western,Vasai Road,Andheri,29,platform_occupancy,low
SIG005308,2026-06-12T08:23:00,harbour,Khandeshwar,Kurla,24,platform_occupancy,high
SIG005309,2026-04-03T21:43:00,western,Malad,Andheri,28,junction_congestion,low
SIG005310,2026-05-31T14:46:00,harbour,Vashi,Bandra,25,platform_occupancy,medium
SIG005311,2026-09-27T07:19:00,western,Virar,Kalyan,14,route_conflict,low
SIG005312,2026-01-04T17:26:00,central,Bhandup,Kurla,1,junction_congestion,low
SIG005313,2026-07-26T22:18:00,western,Nalasopara,Bandra,3,equipment_fault,high
SIG005314,2026-06-23T13:18:00,harbour,Govandi,Kurla,11,route_conflict,low
SIG005315,2025-10-01T13:33:00,central,Bhandup,Dadar,11,signal_hold,medium
SIG005316,2026-01-21T00:35:00,western,Mahim,Wadala Road,18,junction_congestion,high
SIG005317,2026-06-19T01:13:00,harbour,CBD Belapur,Kalyan,20,junction_congestion,medium
SIG005318,2025-11-26T07:43:00,central,Matunga,Andheri,7,junction_congestion,low
SIG005319,2025-10-31T14:34:00,harbour,Panvel,Wadala Road,2,signal_hold,low
SIG005320,2025-11-27T06:27:00,central,Bhandup,Andheri,4,signal_hold,high
SIG005321,2026-03-07T16:28:00,harbour,Reay Road,Kalyan,27,equipment_fault,high
SIG005322,2026-09-30T16:45:00,harbour,Dockyard Road,Wadala Road,20,route_conflict,low
SIG005323,2026-04-23T15:39:00,central,Dombivli,Dadar,13,route_conflict,high
SIG005324,2025-12-22T22:13:00,central,Thane,Kalyan,23,equipment_fault,high
SIG005325,2026-06-14T13:08:00,western,Jogeshwari,Bandra,22,platform_occupancy,medium
SIG005326,2025-11-03T07:28:00,central,Kopar,Dadar,22,equipment_fault,medium
SIG005327,2026-06-01T06:19:00,central,Kalwa,Wadala Road,25,route_conflict,medium
SIG005328,2026-09-14T12:43:00,western,Jogeshwari,Dadar,1,junction_congestion,low
SIG005329,2026-09-21T13:13:00,western,Vasai Road,Dadar,24,equipment_fault,low
SIG005330,2026-04-30T10:48:00,central,Parel,Andheri,7,junction_congestion,low
SIG005331,2026-06-14T02:29:00,central,Vidyavihar,Dadar,15,equipment_fault,low
SIG005332,2025-10-21T22:56:00,harbour,Wadala Road,Dadar,25,junction_congestion,high
SIG005333,2026-08-19T21:45:00,harbour,Panvel,Wadala Road,19,equipment_fault,medium
SIG005334,2025-12-15T04:15:00,harbour,Guru Tegh Bahadur Nagar,Thane,10,equipment_fault,high
SIG005335,2026-02-26T20:29:00,central,Nahur,Dadar,9,junction_congestion,medium
SIG005336,2026-04-10T19:52:00,harbour,Masjid,Kalyan,13,equipment_fault,high
SIG005337,2026-08-01T06:34:00,central,Vikhroli,Dadar,28,equipment_fault,medium
SIG005338,2026-09-23T20:14:00,western,Charni Road,Kalyan,10,platform_occupancy,medium
SIG005339,2025-11-03T02:00:00,central,Dombivli,Wadala Road,26,platform_occupancy,medium
SIG005340,2026-02-28T21:34:00,central,Sion,Bandra,3,equipment_fault,low
SIG005341,2026-08-16T14:15:00,western,Goregaon,Kurla,1,signal_hold,low
SIG005342,2026-06-12T11:46:00,harbour,Tilak Nagar,Kalyan,11,route_conflict,low
SIG005343,2026-09-08T01:02:00,harbour,Vashi,Kalyan,26,route_conflict,low
SIG005344,2026-02-23T16:21:00,western,Khar Road,Kalyan,23,equipment_fault,medium
SIG005345,2025-12-18T20:04:00,harbour,Cotton Green,Bandra,14,signal_hold,medium
SIG005346,2026-04-25T04:46:00,harbour,Vashi,Andheri,5,signal_hold,low
SIG005347,2026-01-13T13:11:00,central,Dombivli,Dadar,5,platform_occupancy,medium
SIG005348,2026-06-03T09:46:00,central,CSMT,Andheri,2,platform_occupancy,medium
SIG005349,2025-10-23T19:53:00,harbour,Khandeshwar,Andheri,2,equipment_fault,high
SIG005350,2026-03-02T00:42:00,harbour,Vashi,Kalyan,21,junction_congestion,low
SIG005351,2026-09-14T07:04:00,western,Matunga Road,Kalyan,4,junction_congestion,low
SIG005352,2025-10-10T14:30:00,western,Naigaon,Bandra,25,platform_occupancy,low
SIG005353,2026-03-10T00:34:00,harbour,Masjid,Dadar,1,equipment_fault,low
SIG005354,2026-04-30T22:27:00,western,Mahim,Kurla,20,platform_occupancy,high
SIG005355,2026-03-14T14:04:00,western,Andheri,Andheri,23,platform_occupancy,low
SIG005356,2026-08-15T17:03:00,harbour,Nerul,Andheri,14,platform_occupancy,medium
SIG005357,2026-07-28T23:09:00,central,Parel,Wadala Road,20,junction_congestion,high
SIG005358,2026-02-19T17:46:00,central,Currey Road,Wadala Road,20,junction_congestion,low
SIG005359,2026-01-14T18:48:00,central,Parel,Kalyan,25,platform_occupancy,high
SIG005360,2026-07-22T08:15:00,western,Churchgate,Kurla,5,route_conflict,low
SIG005361,2026-01-03T09:36:00,western,Virar,Thane,2,platform_occupancy,medium
SIG005362,2026-09-06T20:36:00,central,Currey Road,Kurla,12,signal_hold,high
SIG005363,2026-06-26T16:05:00,harbour,Nerul,Andheri,2,platform_occupancy,low
SIG005364,2026-01-29T21:05:00,harbour,CSMT,Thane,3,junction_congestion,medium
SIG005365,2026-08-11T02:30:00,western,Dahisar,Wadala Road,26,signal_hold,low
SIG005366,2026-03-08T09:15:00,harbour,Reay Road,Kalyan,17,equipment_fault,medium
SIG005367,2026-04-19T13:09:00,central,Kopar,Wadala Road,2,equipment_fault,high
SIG005368,2026-07-05T21:14:00,western,Santacruz,Dadar,11,route_conflict,medium
SIG005369,2026-07-12T15:36:00,harbour,Kurla,Bandra,18,platform_occupancy,medium
SIG005370,2026-05-09T14:06:00,western,Churchgate,Kurla,6,platform_occupancy,high
SIG005371,2026-01-17T15:01:00,central,Kalwa,Wadala Road,27,junction_congestion,low
SIG005372,2025-11-21T08:01:00,western,Nalasopara,Kalyan,8,junction_congestion,low
SIG005373,2026-05-07T14:26:00,central,Byculla,Kurla,3,signal_hold,high
SIG005374,2025-10-23T23:39:00,harbour,Reay Road,Kalyan,22,junction_congestion,high
SIG005375,2025-12-28T16:19:00,central,Currey Road,Wadala Road,25,route_conflict,high
SIG005376,2026-07-25T15:40:00,western,Khar Road,Dadar,1,platform_occupancy,medium
SIG005377,2025-12-07T08:48:00,harbour,Nerul,Bandra,24,signal_hold,low
SIG005378,2025-12-31T03:56:00,harbour,Kurla,Bandra,13,equipment_fault,low
SIG005379,2026-05-10T04:49:00,harbour,Vashi,Kalyan,18,equipment_fault,high
SIG005380,2026-03-03T22:48:00,central,Chinchpokli,Dadar,8,platform_occupancy,low
SIG005381,2026-04-23T13:08:00,western,Lower Parel,Bandra,3,equipment_fault,low
SIG005382,2025-12-20T17:29:00,harbour,CBD Belapur,Dadar,10,signal_hold,medium
SIG005383,2025-12-02T13:37:00,harbour,Mansarovar,Kurla,6,platform_occupancy,high
SIG005384,2025-12-24T08:31:00,central,Mumbra,Andheri,1,platform_occupancy,medium
SIG005385,2026-08-24T23:56:00,western,Jogeshwari,Thane,14,signal_hold,high
SIG005386,2026-04-19T04:03:00,western,Naigaon,Kalyan,15,signal_hold,medium
SIG005387,2026-08-31T01:36:00,harbour,Sewri,Dadar,1,route_conflict,low
SIG005388,2026-04-10T06:35:00,central,Kanjurmarg,Thane,11,junction_congestion,low
SIG005389,2026-01-20T00:32:00,central,Ghatkopar,Andheri,16,equipment_fault,medium
SIG005390,2025-11-09T19:07:00,central,Kalyan,Thane,1,route_conflict,low
SIG005391,2026-08-24T11:39:00,central,Kurla,Wadala Road,21,equipment_fault,high
SIG005392,2026-08-24T12:25:00,western,Malad,Kurla,8,equipment_fault,low
SIG005393,2026-03-16T13:51:00,central,Kalyan,Wadala Road,10,signal_hold,low
SIG005394,2026-07-22T13:30:00,central,Chinchpokli,Dadar,27,junction_congestion,low
SIG005395,2026-03-13T05:15:00,western,Santacruz,Bandra,26,junction_congestion,medium
SIG005396,2026-03-20T04:57:00,western,Dahisar,Andheri,18,signal_hold,medium
SIG005397,2026-09-22T00:19:00,central,Sion,Dadar,22,signal_hold,low
SIG005398,2025-10-20T11:42:00,harbour,Seawoods-Darave,Kalyan,21,platform_occupancy,medium
SIG005399,2026-07-24T08:54:00,western,Mahalaxmi,Thane,8,junction_congestion,low
SIG005400,2026-07-10T21:29:00,central,CSMT,Dadar,9,junction_congestion,medium
SIG005401,2026-07-19T06:36:00,central,Diva,Thane,29,equipment_fault,medium
SIG005402,2026-04-16T18:58:00,harbour,Guru Tegh Bahadur Nagar,Wadala Road,3,junction_congestion,low
SIG005403,2026-03-29T11:08:00,central,Currey Road,Dadar,2,junction_congestion,medium
SIG005404,2025-10-03T20:39:00,western,Vile Parle,Kalyan,25,route_conflict,high
SIG005405,2026-09-15T20:50:00,central,Mumbra,Thane,20,route_conflict,low
SIG005406,2025-10-27T22:08:00,central,Thane,Dadar,4,signal_hold,medium
SIG005407,2025-12-17T15:16:00,harbour,Mansarovar,Bandra,14,signal_hold,low
SIG005408,2026-04-21T10:57:00,harbour,CSMT,Kurla,30,signal_hold,medium
SIG005409,2026-04-27T16:56:00,central,Chinchpokli,Bandra,12,platform_occupancy,high
SIG005410,2026-08-04T22:15:00,central,Kurla,Kurla,8,route_conflict,high
SIG005411,2026-05-09T15:58:00,harbour,Nerul,Andheri,14,platform_occupancy,medium
SIG005412,2026-01-26T18:56:00,western,Goregaon,Dadar,16,signal_hold,low
SIG005413,2026-03-20T11:51:00,central,Sion,Dadar,29,signal_hold,medium
SIG005414,2026-02-09T03:41:00,central,Kopar,Kalyan,12,route_conflict,high
SIG005415,2026-07-09T00:23:00,harbour,Dockyard Road,Andheri,20,junction_congestion,high
SIG005416,2026-08-29T07:30:00,western,Grant Road,Kalyan,7,equipment_fault,medium
SIG005417,2026-08-08T08:21:00,harbour,Reay Road,Thane,17,junction_congestion,high
SIG005418,2026-01-19T20:31:00,western,Naigaon,Andheri,26,equipment_fault,medium
SIG005419,2026-07-01T21:05:00,central,Dombivli,Kurla,27,equipment_fault,low
SIG005420,2026-09-14T21:58:00,harbour,Chembur,Wadala Road,15,signal_hold,medium
SIG005421,2025-11-26T23:21:00,western,Dadar,Wadala Road,7,signal_hold,medium
SIG005422,2026-07-12T08:46:00,central,Byculla,Kalyan,1,platform_occupancy,medium
SIG005423,2025-12-13T17:47:00,central,Sion,Bandra,11,junction_congestion,high
SIG005424,2025-12-31T05:41:00,western,Virar,Andheri,4,junction_congestion,low
SIG005425,2026-06-04T20:28:00,western,Khar Road,Andheri,26,equipment_fault,high
SIG005426,2026-02-14T21:09:00,central,Kurla,Kalyan,10,junction_congestion,low
SIG005427,2026-08-23T02:55:00,western,Grant Road,Thane,22,platform_occupancy,medium
SIG005428,2026-09-19T21:25:00,western,Nalasopara,Bandra,8,equipment_fault,high
SIG005429,2026-03-22T19:45:00,central,Dombivli,Kurla,16,signal_hold,high
SIG005430,2026-07-15T17:13:00,central,Kalyan,Wadala Road,5,platform_occupancy,medium
SIG005431,2025-12-31T20:30:00,harbour,CBD Belapur,Dadar,11,signal_hold,high
SIG005432,2026-02-04T10:29:00,central,Byculla,Dadar,2,signal_hold,low
SIG005433,2025-11-10T07:53:00,western,Vasai Road,Thane,14,signal_hold,medium
SIG005434,2025-11-21T06:33:00,harbour,Mankhurd,Kurla,18,platform_occupancy,medium
SIG005435,2025-11-29T15:19:00,western,Charni Road,Bandra,8,signal_hold,low
SIG005436,2026-01-10T21:28:00,harbour,Panvel,Kurla,17,platform_occupancy,high
SIG005437,2026-07-01T09:46:00,harbour,Seawoods-Darave,Dadar,25,equipment_fault,medium
SIG005438,2026-09-14T02:54:00,western,Lower Parel,Andheri,30,route_conflict,low
SIG005439,2025-11-14T16:22:00,central,Dombivli,Thane,17,signal_hold,medium
SIG005440,2026-09-05T11:30:00,harbour,Wadala Road,Andheri,14,platform_occupancy,medium
SIG005441,2026-08-02T02:23:00,western,Malad,Kurla,5,signal_hold,high
SIG005442,2026-01-08T04:29:00,western,Churchgate,Kalyan,7,signal_hold,high
SIG005443,2026-07-17T13:10:00,central,Currey Road,Kalyan,13,signal_hold,high
SIG005444,2026-03-12T15:13:00,western,Mumbai Central,Kurla,14,platform_occupancy,low
SIG005445,2026-08-14T17:58:00,harbour,Wadala Road,Kalyan,17,route_conflict,medium
SIG005446,2025-11-18T03:29:00,central,Nahur,Kalyan,9,signal_hold,low
SIG005447,2026-01-16T06:59:00,western,Naigaon,Wadala Road,22,signal_hold,high
SIG005448,2026-03-16T02:36:00,harbour,Cotton Green,Thane,5,equipment_fault,low
SIG005449,2026-07-20T23:01:00,central,Currey Road,Kurla,13,equipment_fault,low
SIG005450,2026-09-01T18:13:00,harbour,Guru Tegh Bahadur Nagar,Wadala Road,28,equipment_fault,high
SIG005451,2026-05-22T15:45:00,western,Mahalaxmi,Thane,6,equipment_fault,medium
SIG005452,2026-04-06T07:59:00,central,Vidyavihar,Andheri,17,platform_occupancy,low
SIG005453,2026-08-09T12:53:00,harbour,Khandeshwar,Wadala Road,14,equipment_fault,low
SIG005454,2025-12-24T13:48:00,western,Matunga Road,Bandra,8,route_conflict,low
SIG005455,2026-08-07T06:23:00,central,CSMT,Wadala Road,23,equipment_fault,low
SIG005456,2026-05-22T08:41:00,harbour,Vashi,Kalyan,3,platform_occupancy,medium
SIG005457,2026-06-11T04:50:00,harbour,Kharghar,Andheri,26,signal_hold,high
SIG005458,2026-07-11T00:15:00,harbour,Cotton Green,Bandra,16,equipment_fault,medium
SIG005459,2025-11-07T23:02:00,western,Bandra,Wadala Road,4,route_conflict,low
SIG005460,2026-04-13T00:29:00,central,Sion,Kalyan,6,signal_hold,medium
SIG005461,2026-02-08T00:52:00,harbour,Chembur,Kalyan,24,signal_hold,low
SIG005462,2026-01-15T03:14:00,western,Mahim,Wadala Road,10,signal_hold,high
SIG005463,2025-10-05T21:19:00,western,Malad,Thane,12,equipment_fault,high
SIG005464,2026-09-22T14:13:00,central,Sion,Andheri,15,equipment_fault,low
SIG005465,2026-06-19T10:01:00,central,Mumbra,Thane,25,platform_occupancy,low
SIG005466,2026-01-15T08:23:00,central,Kalyan,Kalyan,9,signal_hold,low
SIG005467,2025-11-16T21:18:00,central,Dombivli,Kurla,13,junction_congestion,low
SIG005468,2026-03-09T01:07:00,harbour,Sanpada,Kalyan,5,platform_occupancy,medium
SIG005469,2026-09-03T03:47:00,central,Currey Road,Dadar,6,platform_occupancy,high
SIG005470,2026-05-01T09:11:00,harbour,Cotton Green,Kurla,7,signal_hold,low
SIG005471,2025-11-01T06:48:00,central,Kanjurmarg,Kurla,2,equipment_fault,high
SIG005472,2026-01-15T10:12:00,harbour,Cotton Green,Andheri,9,equipment_fault,low
SIG005473,2026-09-05T13:50:00,western,Vasai Road,Bandra,6,signal_hold,low
SIG005474,2026-09-09T11:36:00,harbour,Mansarovar,Wadala Road,17,route_conflict,low
SIG005475,2026-02-03T01:48:00,harbour,Mankhurd,Kurla,23,junction_congestion,medium
SIG005476,2026-04-30T14:44:00,harbour,Tilak Nagar,Kurla,6,signal_hold,medium
SIG005477,2026-01-06T09:10:00,western,Charni Road,Wadala Road,15,signal_hold,high
SIG005478,2026-05-03T18:13:00,western,Ram Mandir,Kalyan,9,signal_hold,medium
SIG005479,2026-01-25T15:05:00,central,Diva,Andheri,14,route_conflict,high
SIG005480,2026-07-16T00:54:00,central,Chinchpokli,Kurla,20,platform_occupancy,medium
SIG005481,2026-05-30T18:24:00,western,Borivali,Andheri,1,signal_hold,medium
SIG005482,2025-11-28T19:27:00,western,Jogeshwari,Dadar,20,platform_occupancy,high
SIG005483,2026-04-05T08:45:00,harbour,Reay Road,Kurla,14,route_conflict,low
SIG005484,2025-11-04T16:51:00,western,Lower Parel,Kalyan,1,junction_congestion,low
SIG005485,2026-01-02T22:28:00,western,Mahim,Dadar,5,equipment_fault,low
SIG005486,2025-10-03T01:17:00,harbour,Sewri,Andheri,9,route_conflict,high
SIG005487,2026-04-18T23:59:00,western,Vile Parle,Thane,26,route_conflict,high
SIG005488,2025-12-23T13:01:00,central,Mumbra,Kurla,28,equipment_fault,low
SIG005489,2025-12-21T10:50:00,central,Thakurli,Kalyan,8,signal_hold,medium
SIG005490,2026-08-07T09:39:00,harbour,Chembur,Bandra,18,junction_congestion,high
SIG005491,2026-05-11T11:51:00,western,Prabhadevi,Kurla,28,signal_hold,medium
SIG005492,2026-06-30T04:54:00,central,Kurla,Dadar,1,junction_congestion,low
SIG005493,2026-08-14T09:48:00,central,Kurla,Wadala Road,15,signal_hold,low
SIG005494,2026-04-28T06:34:00,central,Kalyan,Thane,18,signal_hold,low
SIG005495,2026-05-28T17:08:00,harbour,CBD Belapur,Dadar,16,junction_congestion,medium
SIG005496,2026-01-12T21:53:00,harbour,Govandi,Bandra,23,route_conflict,high
SIG005497,2025-10-03T14:47:00,harbour,Reay Road,Thane,4,signal_hold,medium
SIG005498,2025-10-05T10:06:00,central,CSMT,Andheri,20,junction_congestion,high
SIG005499,2026-07-30T16:55:00,western,Mira Road,Andheri,25,route_conflict,low
SIG005500,2026-05-29T05:21:00,western,Dahisar,Thane,12,route_conflict,high
SIG005501,2026-03-28T01:41:00,harbour,Cotton Green,Kurla,22,equipment_fault,low
SIG005502,2026-05-25T04:54:00,harbour,Juinagar,Kurla,15,junction_congestion,high
SIG005503,2026-05-10T11:35:00,western,Bandra,Thane,24,signal_hold,high
SIG005504,2026-05-11T20:49:00,central,Kanjurmarg,Kurla,11,route_conflict,high
SIG005505,2026-06-23T03:40:00,western,Bhayandar,Dadar,3,signal_hold,medium
SIG005506,2026-01-24T21:28:00,central,Ghatkopar,Wadala Road,22,junction_congestion,low
SIG005507,2026-09-03T03:37:00,central,Thakurli,Wadala Road,18,equipment_fault,low
SIG005508,2026-07-20T15:06:00,western,Prabhadevi,Dadar,15,platform_occupancy,high
SIG005509,2025-10-14T14:28:00,western,Churchgate,Thane,30,platform_occupancy,high
SIG005510,2025-10-06T02:12:00,harbour,Panvel,Wadala Road,16,signal_hold,high
SIG005511,2026-08-11T09:39:00,western,Naigaon,Bandra,27,platform_occupancy,low
SIG005512,2026-02-07T16:21:00,harbour,Wadala Road,Thane,23,platform_occupancy,high
SIG005513,2026-05-03T19:47:00,harbour,Khandeshwar,Thane,20,route_conflict,low
SIG005514,2026-05-26T09:00:00,harbour,Tilak Nagar,Wadala Road,14,junction_congestion,medium
SIG005515,2026-08-20T23:29:00,central,Diva,Wadala Road,28,signal_hold,low
SIG005516,2026-02-15T03:57:00,central,Mumbra,Bandra,18,route_conflict,low
SIG005517,2026-05-11T10:07:00,central,Nahur,Kalyan,5,junction_congestion,medium
SIG005518,2026-05-25T18:12:00,harbour,Dockyard Road,Dadar,13,signal_hold,high
SIG005519,2026-06-17T16:49:00,harbour,Nerul,Kalyan,30,signal_hold,low
SIG005520,2026-06-11T20:45:00,harbour,Cotton Green,Kurla,4,route_conflict,low
SIG005521,2026-07-03T22:01:00,harbour,Sanpada,Wadala Road,25,junction_congestion,low
SIG005522,2025-10-06T15:39:00,harbour,Sewri,Thane,15,junction_congestion,high
SIG005523,2025-11-21T05:25:00,western,Borivali,Wadala Road,21,equipment_fault,high
SIG005524,2026-03-15T12:01:00,western,Borivali,Kalyan,9,junction_congestion,low
SIG005525,2025-12-25T01:47:00,harbour,Wadala Road,Andheri,27,equipment_fault,high
SIG005526,2026-09-14T22:00:00,harbour,Seawoods-Darave,Kurla,15,signal_hold,high
SIG005527,2026-05-28T02:30:00,harbour,Chembur,Dadar,30,route_conflict,low
SIG005528,2026-09-19T17:05:00,harbour,Juinagar,Wadala Road,22,platform_occupancy,low
SIG005529,2026-06-24T03:29:00,harbour,CBD Belapur,Wadala Road,28,equipment_fault,high
SIG005530,2026-07-16T18:27:00,harbour,CBD Belapur,Dadar,18,platform_occupancy,low
SIG005531,2026-09-06T08:36:00,central,Thakurli,Kurla,2,equipment_fault,low
SIG005532,2025-10-03T23:10:00,central,Sion,Kalyan,19,platform_occupancy,high
SIG005533,2026-05-05T09:45:00,central,Ghatkopar,Kalyan,22,platform_occupancy,medium
SIG005534,2026-04-20T18:44:00,western,Nalasopara,Dadar,15,junction_congestion,high
SIG005535,2026-02-02T01:11:00,harbour,Govandi,Kurla,13,platform_occupancy,medium
SIG005536,2026-03-19T03:01:00,central,Nahur,Bandra,12,equipment_fault,low
SIG005537,2026-07-12T17:12:00,western,Naigaon,Andheri,9,route_conflict,medium
SIG005538,2026-03-02T09:44:00,harbour,Sanpada,Thane,21,equipment_fault,high
SIG005539,2025-11-09T11:02:00,central,Diva,Andheri,26,equipment_fault,medium
SIG005540,2026-06-22T23:09:00,harbour,Kurla,Kalyan,17,route_conflict,high
SIG005541,2026-09-27T19:35:00,central,Bhandup,Andheri,26,equipment_fault,low
SIG005542,2026-07-03T13:18:00,central,Thane,Thane,27,route_conflict,medium
SIG005543,2025-10-29T08:34:00,central,Thakurli,Kurla,2,junction_congestion,high
SIG005544,2025-12-11T06:15:00,harbour,Mankhurd,Kalyan,13,signal_hold,high
SIG005545,2026-02-18T18:15:00,central,Dombivli,Dadar,21,signal_hold,medium
SIG005546,2026-03-08T16:17:00,central,Mumbra,Kurla,5,route_conflict,low
SIG005547,2026-09-30T20:28:00,central,Vidyavihar,Dadar,8,route_conflict,medium
SIG005548,2026-06-05T15:06:00,western,Ram Mandir,Thane,22,signal_hold,high
SIG005549,2026-02-14T09:04:00,western,Charni Road,Bandra,5,junction_congestion,medium
SIG005550,2026-02-20T09:47:00,western,Vile Parle,Kurla,11,platform_occupancy,low
SIG005551,2026-04-26T08:15:00,harbour,Mankhurd,Kurla,9,equipment_fault,high
SIG005552,2025-11-09T01:15:00,western,Mumbai Central,Kurla,8,platform_occupancy,medium
SIG005553,2026-09-20T20:09:00,western,Matunga Road,Kalyan,26,equipment_fault,medium
SIG005554,2025-10-25T07:21:00,harbour,Wadala Road,Andheri,12,platform_occupancy,medium
SIG005555,2026-06-08T23:39:00,harbour,Mankhurd,Dadar,30,route_conflict,low
SIG005556,2025-10-30T19:43:00,central,Currey Road,Kalyan,9,signal_hold,low
SIG005557,2026-08-01T10:46:00,central,Kurla,Bandra,12,equipment_fault,medium
SIG005558,2026-09-08T07:43:00,central,Currey Road,Bandra,6,signal_hold,high
SIG005559,2026-03-31T12:30:00,harbour,Seawoods-Darave,Dadar,21,route_conflict,medium
SIG005560,2025-10-11T09:22:00,central,Ghatkopar,Dadar,15,junction_congestion,low
SIG005561,2026-01-21T00:13:00,western,Nalasopara,Kurla,30,equipment_fault,high
SIG005562,2026-03-22T11:20:00,harbour,Mansarovar,Andheri,1,platform_occupancy,medium
SIG005563,2026-05-04T13:40:00,central,Bhandup,Wadala Road,23,platform_occupancy,low
SIG005564,2025-10-04T04:23:00,central,Vikhroli,Thane,11,platform_occupancy,high
SIG005565,2026-05-31T11:01:00,western,Mumbai Central,Kalyan,7,platform_occupancy,medium
SIG005566,2025-10-05T19:38:00,central,Mulund,Kalyan,25,equipment_fault,high
SIG005567,2026-05-15T21:50:00,western,Prabhadevi,Andheri,5,junction_congestion,medium
SIG005568,2026-02-17T13:57:00,harbour,Khandeshwar,Wadala Road,2,platform_occupancy,high
SIG005569,2026-07-27T07:47:00,western,Churchgate,Wadala Road,6,route_conflict,medium
SIG005570,2026-07-02T13:04:00,harbour,Kharghar,Bandra,27,route_conflict,medium
SIG005571,2025-10-13T15:35:00,western,Borivali,Kurla,5,signal_hold,high
SIG005572,2026-08-20T09:36:00,central,Ghatkopar,Andheri,1,junction_congestion,low
SIG005573,2026-08-30T10:35:00,harbour,Masjid,Kalyan,21,junction_congestion,low
SIG005574,2025-11-18T21:16:00,central,Dombivli,Dadar,6,signal_hold,low
SIG005575,2026-02-28T21:11:00,harbour,Sewri,Thane,10,equipment_fault,low
SIG005576,2026-08-29T20:19:00,central,Diva,Kalyan,29,route_conflict,low
SIG005577,2026-07-06T10:47:00,western,Mira Road,Dadar,18,route_conflict,high
SIG005578,2026-03-23T01:35:00,harbour,Wadala Road,Wadala Road,24,signal_hold,high
SIG005579,2026-01-23T17:24:00,harbour,Chembur,Bandra,21,equipment_fault,low
SIG005580,2025-12-21T21:38:00,western,Nalasopara,Thane,8,signal_hold,medium
SIG005581,2025-12-01T22:10:00,western,Mahalaxmi,Kalyan,2,signal_hold,high
SIG005582,2025-12-31T16:40:00,western,Jogeshwari,Kurla,21,junction_congestion,medium
SIG005583,2026-04-22T16:36:00,western,Vile Parle,Bandra,2,platform_occupancy,medium
SIG005584,2026-05-25T00:56:00,central,Kalyan,Wadala Road,18,junction_congestion,low
SIG005585,2026-01-14T19:11:00,western,Khar Road,Kurla,5,route_conflict,high
SIG005586,2025-10-19T18:44:00,western,Mahalaxmi,Kalyan,19,equipment_fault,low
SIG005587,2026-04-30T23:58:00,central,Bhandup,Andheri,14,platform_occupancy,high
SIG005588,2026-05-24T23:04:00,western,Mira Road,Thane,16,junction_congestion,low
SIG005589,2026-07-31T14:50:00,harbour,CSMT,Andheri,14,platform_occupancy,medium
SIG005590,2026-01-22T07:51:00,harbour,CBD Belapur,Thane,30,platform_occupancy,low
SIG005591,2026-06-21T10:41:00,central,Matunga,Kalyan,18,junction_congestion,high
SIG005592,2026-04-01T11:41:00,central,Mulund,Wadala Road,29,equipment_fault,medium
SIG005593,2025-10-11T06:18:00,central,CSMT,Bandra,23,equipment_fault,medium
SIG005594,2026-07-31T08:09:00,central,Mulund,Kalyan,15,signal_hold,medium
SIG005595,2025-12-02T22:08:00,western,Virar,Wadala Road,17,equipment_fault,high
SIG005596,2026-08-27T10:02:00,western,Ram Mandir,Thane,5,junction_congestion,high
SIG005597,2025-11-14T15:14:00,harbour,Reay Road,Wadala Road,26,route_conflict,medium
SIG005598,2025-11-21T20:19:00,harbour,CBD Belapur,Bandra,13,platform_occupancy,low
SIG005599,2026-08-15T14:41:00,western,Churchgate,Thane,7,junction_congestion,low
SIG005600,2026-08-05T22:13:00,western,Mahim,Kalyan,24,junction_congestion,high
SIG005601,2025-10-08T16:48:00,western,Charni Road,Andheri,27,junction_congestion,medium
SIG005602,2026-05-11T12:59:00,central,Mumbra,Bandra,12,signal_hold,low
SIG005603,2026-09-05T11:38:00,harbour,Sanpada,Kurla,29,signal_hold,low
SIG005604,2026-04-10T03:40:00,western,Ram Mandir,Andheri,12,route_conflict,medium
SIG005605,2026-04-15T15:35:00,western,Vasai Road,Kalyan,26,signal_hold,low
SIG005606,2025-12-02T07:58:00,harbour,Juinagar,Andheri,9,equipment_fault,low
SIG005607,2026-08-17T09:25:00,western,Dahisar,Dadar,16,signal_hold,high
SIG005608,2026-07-19T13:15:00,central,Currey Road,Thane,6,signal_hold,medium
SIG005609,2026-09-06T07:20:00,harbour,Dockyard Road,Andheri,2,junction_congestion,medium
SIG005610,2025-11-12T09:23:00,central,Sion,Kurla,14,equipment_fault,high
SIG005611,2026-06-29T14:28:00,harbour,Mankhurd,Wadala Road,13,junction_congestion,high
SIG005612,2026-01-19T10:33:00,harbour,Chunabhatti,Kalyan,3,signal_hold,medium
SIG005613,2025-11-19T01:26:00,western,Marine Lines,Bandra,19,signal_hold,low
SIG005614,2026-09-07T12:03:00,western,Vasai Road,Dadar,16,equipment_fault,high
SIG005615,2026-06-21T16:31:00,western,Mira Road,Kurla,1,platform_occupancy,low
SIG005616,2026-01-17T04:55:00,central,Dombivli,Thane,19,junction_congestion,low
SIG005617,2026-03-17T05:18:00,harbour,Kharghar,Wadala Road,6,signal_hold,low
SIG005618,2025-10-09T16:55:00,harbour,Cotton Green,Wadala Road,29,junction_congestion,medium
SIG005619,2026-09-10T16:45:00,central,Kopar,Kalyan,22,platform_occupancy,high
SIG005620,2026-03-17T12:43:00,harbour,Govandi,Thane,20,junction_congestion,high
SIG005621,2026-05-14T04:13:00,central,Dadar,Thane,5,junction_congestion,high
SIG005622,2026-04-06T19:23:00,harbour,CBD Belapur,Kurla,2,platform_occupancy,low
SIG005623,2026-07-22T12:30:00,central,Currey Road,Thane,25,route_conflict,medium
SIG005624,2026-05-01T10:11:00,western,Naigaon,Bandra,22,platform_occupancy,low
SIG005625,2026-02-14T15:29:00,western,Vile Parle,Bandra,20,route_conflict,medium
SIG005626,2026-08-05T13:32:00,central,Kalyan,Wadala Road,25,equipment_fault,medium
SIG005627,2026-07-04T05:06:00,harbour,Dockyard Road,Andheri,22,junction_congestion,low
SIG005628,2026-05-22T04:26:00,central,Mulund,Bandra,3,junction_congestion,medium
SIG005629,2025-11-03T19:21:00,central,Thane,Thane,20,junction_congestion,high
SIG005630,2025-11-27T09:50:00,central,Kurla,Wadala Road,20,signal_hold,high
SIG005631,2025-11-12T11:04:00,western,Vasai Road,Bandra,11,equipment_fault,medium
SIG005632,2026-02-02T10:57:00,central,Kalyan,Dadar,22,platform_occupancy,medium
SIG005633,2026-04-05T01:02:00,central,Ghatkopar,Dadar,19,equipment_fault,high
SIG005634,2026-08-15T00:24:00,western,Mahalaxmi,Thane,12,route_conflict,medium
SIG005635,2026-01-14T20:17:00,central,Kalyan,Wadala Road,4,signal_hold,low
SIG005636,2025-12-05T22:06:00,harbour,Masjid,Andheri,17,platform_occupancy,high
SIG005637,2025-11-21T13:40:00,harbour,Guru Tegh Bahadur Nagar,Kalyan,22,junction_congestion,high
SIG005638,2026-05-23T02:44:00,harbour,Wadala Road,Bandra,6,signal_hold,low
SIG005639,2026-06-17T22:25:00,harbour,Govandi,Dadar,17,route_conflict,low
SIG005640,2026-08-27T13:31:00,harbour,Mansarovar,Kurla,21,platform_occupancy,high
SIG005641,2025-10-07T01:17:00,western,Virar,Kurla,5,junction_congestion,medium
SIG005642,2026-01-21T18:25:00,central,Diva,Kalyan,22,route_conflict,low
SIG005643,2026-06-01T21:36:00,central,Vidyavihar,Wadala Road,27,route_conflict,high
SIG005644,2026-09-18T15:13:00,harbour,Dockyard Road,Andheri,20,route_conflict,low
SIG005645,2026-04-24T06:50:00,central,Dombivli,Thane,20,equipment_fault,medium
SIG005646,2026-08-22T09:22:00,central,Kanjurmarg,Dadar,10,route_conflict,high
SIG005647,2026-03-30T12:28:00,central,Currey Road,Kalyan,24,equipment_fault,medium
SIG005648,2026-09-11T11:26:00,western,Charni Road,Thane,14,signal_hold,medium
SIG005649,2026-02-11T08:58:00,central,Ghatkopar,Wadala Road,2,platform_occupancy,medium
SIG005650,2026-01-13T21:34:00,harbour,Cotton Green,Kalyan,15,junction_congestion,high
SIG005651,2026-08-28T07:37:00,harbour,Juinagar,Wadala Road,15,junction_congestion,medium
SIG005652,2026-05-02T11:56:00,central,Ghatkopar,Wadala Road,9,junction_congestion,medium
SIG005653,2025-11-20T10:36:00,western,Dadar,Dadar,4,equipment_fault,low
SIG005654,2026-03-05T02:56:00,central,CSMT,Andheri,11,equipment_fault,medium
SIG005655,2026-02-10T12:35:00,harbour,Mankhurd,Thane,22,signal_hold,high
SIG005656,2026-03-02T00:57:00,central,Kanjurmarg,Kurla,17,equipment_fault,low
SIG005657,2025-12-20T17:46:00,western,Vasai Road,Thane,27,equipment_fault,medium
SIG005658,2026-05-03T12:36:00,central,Diva,Kurla,14,platform_occupancy,medium
SIG005659,2025-12-26T12:40:00,western,Bandra,Kalyan,18,junction_congestion,low
SIG005660,2026-01-05T08:20:00,harbour,Wadala Road,Bandra,29,signal_hold,medium
SIG005661,2025-10-21T13:13:00,harbour,Govandi,Thane,20,platform_occupancy,high
SIG005662,2025-10-23T00:45:00,central,Sion,Dadar,13,signal_hold,low
SIG005663,2026-01-04T01:17:00,central,Kopar,Thane,8,route_conflict,low
SIG005664,2026-03-05T05:35:00,central,Dombivli,Kurla,26,junction_congestion,low
SIG005665,2026-07-29T08:39:00,harbour,CBD Belapur,Kurla,10,platform_occupancy,medium
SIG005666,2026-06-14T10:09:00,central,Matunga,Bandra,3,signal_hold,low
SIG005667,2025-11-25T16:53:00,western,Ram Mandir,Andheri,1,junction_congestion,high
SIG005668,2026-02-13T10:43:00,harbour,Vashi,Wadala Road,25,signal_hold,medium
SIG005669,2026-07-31T01:33:00,western,Mahim,Andheri,29,platform_occupancy,medium
SIG005670,2026-05-30T06:23:00,harbour,Chembur,Kalyan,8,platform_occupancy,medium
SIG005671,2026-05-26T11:04:00,harbour,Chunabhatti,Dadar,17,signal_hold,low
SIG005672,2026-02-06T04:10:00,central,Parel,Dadar,6,equipment_fault,high
SIG005673,2026-07-05T14:24:00,central,Mumbra,Dadar,30,platform_occupancy,high
SIG005674,2026-04-17T10:26:00,central,Mumbra,Andheri,20,equipment_fault,medium
SIG005675,2026-02-05T20:53:00,harbour,Sanpada,Kurla,23,equipment_fault,medium
SIG005676,2026-08-23T22:58:00,western,Mahim,Kurla,2,route_conflict,low
SIG005677,2026-03-10T08:36:00,harbour,Cotton Green,Bandra,20,equipment_fault,high
SIG005678,2026-09-01T03:49:00,western,Naigaon,Andheri,25,route_conflict,low
SIG005679,2026-01-25T00:42:00,western,Lower Parel,Bandra,14,junction_congestion,high
SIG005680,2026-08-14T20:01:00,central,Parel,Bandra,15,junction_congestion,high
SIG005681,2026-07-11T09:44:00,western,Santacruz,Wadala Road,23,platform_occupancy,low
SIG005682,2026-09-09T02:47:00,western,Jogeshwari,Kalyan,24,junction_congestion,low
SIG005683,2026-03-27T02:14:00,western,Churchgate,Wadala Road,30,junction_congestion,medium
SIG005684,2026-03-14T22:18:00,central,Nahur,Dadar,24,signal_hold,medium
SIG005685,2026-02-10T12:37:00,harbour,Juinagar,Kurla,27,route_conflict,medium
SIG005686,2026-06-10T15:32:00,harbour,Mansarovar,Thane,16,route_conflict,medium
SIG005687,2026-08-06T16:21:00,western,Lower Parel,Andheri,5,junction_congestion,medium
SIG005688,2025-10-27T14:46:00,western,Dadar,Thane,7,platform_occupancy,high
SIG005689,2026-06-17T13:27:00,harbour,Nerul,Kalyan,7,signal_hold,low
SIG005690,2026-09-02T14:57:00,western,Mira Road,Andheri,22,route_conflict,low
SIG005691,2026-06-08T18:40:00,central,CSMT,Thane,23,route_conflict,medium
SIG005692,2025-10-31T09:47:00,harbour,Reay Road,Thane,11,platform_occupancy,medium
SIG005693,2026-07-26T22:47:00,harbour,Seawoods-Darave,Andheri,26,route_conflict,high
SIG005694,2026-08-24T14:00:00,central,Kopar,Dadar,10,signal_hold,low
SIG005695,2026-07-30T14:35:00,central,Kalwa,Wadala Road,28,signal_hold,medium
SIG005696,2026-08-03T19:12:00,harbour,Chunabhatti,Kalyan,28,junction_congestion,low
SIG005697,2026-07-12T16:46:00,central,Kanjurmarg,Wadala Road,1,platform_occupancy,medium
SIG005698,2026-04-11T15:27:00,harbour,Kharghar,Kalyan,16,route_conflict,low
SIG005699,2026-02-14T11:16:00,harbour,Cotton Green,Wadala Road,28,signal_hold,high
SIG005700,2026-01-27T17:14:00,central,Kalwa,Wadala Road,11,platform_occupancy,high
SIG005701,2026-09-04T18:44:00,harbour,Mankhurd,Dadar,1,junction_congestion,low
SIG005702,2026-03-24T03:28:00,harbour,Seawoods-Darave,Thane,11,equipment_fault,high
SIG005703,2026-04-22T04:42:00,western,Santacruz,Thane,2,junction_congestion,medium
SIG005704,2025-10-18T11:56:00,harbour,Juinagar,Wadala Road,11,route_conflict,low
SIG005705,2025-12-01T23:59:00,western,Dahisar,Dadar,8,route_conflict,high
SIG005706,2025-10-22T01:41:00,harbour,Dockyard Road,Kurla,24,equipment_fault,medium
SIG005707,2025-12-06T08:23:00,central,Parel,Wadala Road,8,route_conflict,medium
SIG005708,2026-08-05T23:09:00,harbour,Seawoods-Darave,Dadar,11,equipment_fault,low
SIG005709,2025-10-28T19:26:00,harbour,Kharghar,Dadar,4,platform_occupancy,low
SIG005710,2026-02-28T12:27:00,central,Kurla,Bandra,26,route_conflict,medium
SIG005711,2026-07-21T23:10:00,central,CSMT,Kurla,21,junction_congestion,medium
SIG005712,2026-01-29T15:49:00,harbour,Panvel,Kalyan,3,platform_occupancy,medium
SIG005713,2026-06-24T09:04:00,harbour,Govandi,Andheri,20,platform_occupancy,medium
SIG005714,2026-05-04T09:44:00,central,Mulund,Thane,19,platform_occupancy,high
SIG005715,2026-06-28T01:08:00,central,CSMT,Thane,11,route_conflict,high
SIG005716,2026-07-09T14:28:00,western,Goregaon,Andheri,21,signal_hold,medium
SIG005717,2025-12-23T13:06:00,central,Thane,Thane,29,platform_occupancy,low
SIG005718,2026-03-13T07:09:00,harbour,Tilak Nagar,Kurla,23,platform_occupancy,low
SIG005719,2026-06-25T05:19:00,western,Naigaon,Dadar,15,equipment_fault,high
SIG005720,2026-09-30T13:01:00,western,Bhayandar,Bandra,3,junction_congestion,high
SIG005721,2026-05-17T03:55:00,western,Nalasopara,Dadar,20,route_conflict,low
SIG005722,2026-05-06T23:51:00,central,Mulund,Thane,23,platform_occupancy,medium
SIG005723,2026-01-17T10:52:00,western,Naigaon,Kurla,2,route_conflict,medium
SIG005724,2026-07-08T20:53:00,harbour,Guru Tegh Bahadur Nagar,Kalyan,7,signal_hold,high
SIG005725,2026-01-12T00:49:00,central,Byculla,Kurla,27,platform_occupancy,high
SIG005726,2026-03-26T04:46:00,western,Mira Road,Dadar,26,route_conflict,high
SIG005727,2026-04-26T04:13:00,central,CSMT,Andheri,23,route_conflict,high
SIG005728,2026-02-23T20:03:00,central,Sion,Thane,21,signal_hold,high
SIG005729,2026-04-01T10:03:00,western,Mahalaxmi,Bandra,23,signal_hold,high
SIG005730,2025-10-29T05:49:00,central,Thakurli,Bandra,22,route_conflict,medium
SIG005731,2026-09-14T05:04:00,harbour,Kurla,Wadala Road,19,signal_hold,high
SIG005732,2025-10-20T14:16:00,central,Mulund,Wadala Road,30,platform_occupancy,low
SIG005733,2026-01-08T05:56:00,harbour,Wadala Road,Kurla,11,platform_occupancy,medium
SIG005734,2025-10-06T22:37:00,western,Ram Mandir,Wadala Road,3,signal_hold,low
SIG005735,2026-05-09T08:23:00,harbour,Khandeshwar,Kurla,9,equipment_fault,high
SIG005736,2026-06-25T03:51:00,central,Chinchpokli,Kurla,7,equipment_fault,high
SIG005737,2026-08-11T20:49:00,harbour,Cotton Green,Kalyan,14,equipment_fault,medium
SIG005738,2025-12-03T11:39:00,western,Andheri,Kurla,10,route_conflict,low
SIG005739,2025-12-24T19:56:00,western,Churchgate,Bandra,6,equipment_fault,low
SIG005740,2026-02-26T09:56:00,harbour,Sandhurst Road,Kurla,2,signal_hold,medium
SIG005741,2026-05-11T07:46:00,harbour,Masjid,Kurla,20,equipment_fault,high
SIG005742,2025-11-06T22:44:00,harbour,Juinagar,Andheri,17,signal_hold,high
SIG005743,2026-07-04T14:17:00,harbour,Govandi,Thane,26,platform_occupancy,low
SIG005744,2026-02-15T02:00:00,western,Vasai Road,Wadala Road,4,equipment_fault,high
SIG005745,2025-10-27T06:53:00,harbour,Reay Road,Dadar,22,route_conflict,low
SIG005746,2026-05-22T16:43:00,central,Kalwa,Andheri,27,route_conflict,low
SIG005747,2026-08-19T01:12:00,western,Prabhadevi,Bandra,14,junction_congestion,medium
SIG005748,2025-11-09T04:49:00,central,Thakurli,Andheri,3,junction_congestion,low
SIG005749,2025-10-09T06:16:00,harbour,Sewri,Andheri,18,equipment_fault,low
SIG005750,2025-12-23T20:25:00,harbour,Panvel,Kalyan,10,signal_hold,medium
SIG005751,2025-10-22T23:18:00,western,Prabhadevi,Andheri,7,route_conflict,low
SIG005752,2026-03-31T07:51:00,central,Kurla,Wadala Road,12,junction_congestion,low
SIG005753,2026-09-25T01:25:00,western,Dadar,Wadala Road,16,junction_congestion,medium
SIG005754,2025-11-12T06:10:00,harbour,Vashi,Kalyan,12,route_conflict,medium
SIG005755,2026-08-31T09:37:00,western,Prabhadevi,Dadar,27,junction_congestion,high
SIG005756,2026-03-02T03:58:00,western,Khar Road,Dadar,27,route_conflict,high
SIG005757,2026-09-28T05:47:00,harbour,Sanpada,Andheri,3,signal_hold,high
SIG005758,2025-11-09T22:55:00,central,Thakurli,Bandra,15,signal_hold,low
SIG005759,2026-07-04T01:31:00,western,Marine Lines,Kalyan,13,junction_congestion,low
SIG005760,2025-10-10T22:48:00,central,Diva,Wadala Road,9,junction_congestion,high
SIG005761,2026-07-17T00:22:00,central,Dombivli,Wadala Road,8,route_conflict,low
SIG005762,2026-03-08T21:19:00,harbour,Mankhurd,Dadar,1,junction_congestion,low
SIG005763,2026-05-20T18:16:00,harbour,CSMT,Bandra,1,equipment_fault,medium
SIG005764,2025-11-17T20:12:00,central,Kopar,Dadar,18,junction_congestion,low
SIG005765,2026-03-31T18:54:00,western,Lower Parel,Thane,7,signal_hold,medium
SIG005766,2026-06-03T20:46:00,harbour,Panvel,Kalyan,10,platform_occupancy,high
SIG005767,2026-02-18T07:38:00,harbour,CBD Belapur,Kurla,8,junction_congestion,medium
SIG005768,2025-10-04T18:56:00,harbour,Vashi,Kurla,5,equipment_fault,medium
SIG005769,2026-01-11T22:40:00,harbour,Tilak Nagar,Wadala Road,11,platform_occupancy,medium
SIG005770,2026-05-19T08:52:00,western,Lower Parel,Wadala Road,25,signal_hold,high
SIG005771,2026-08-03T10:32:00,western,Lower Parel,Thane,17,route_conflict,low
SIG005772,2026-08-08T22:13:00,central,Kalwa,Wadala Road,30,route_conflict,high
SIG005773,2026-09-22T02:34:00,western,Khar Road,Wadala Road,27,route_conflict,low
SIG005774,2026-03-25T03:24:00,harbour,CSMT,Dadar,9,route_conflict,medium
SIG005775,2026-04-04T22:19:00,central,Vikhroli,Wadala Road,10,junction_congestion,medium
SIG005776,2026-04-18T03:14:00,harbour,Govandi,Andheri,16,platform_occupancy,low
SIG005777,2026-07-14T02:20:00,western,Andheri,Bandra,3,route_conflict,low
SIG005778,2026-07-19T12:10:00,western,Grant Road,Kalyan,11,platform_occupancy,low
SIG005779,2026-08-19T01:08:00,central,Kanjurmarg,Dadar,4,platform_occupancy,medium
SIG005780,2026-05-08T20:15:00,western,Jogeshwari,Dadar,4,platform_occupancy,medium
SIG005781,2025-11-27T20:51:00,central,Nahur,Kurla,18,signal_hold,high
SIG005782,2026-05-15T21:42:00,harbour,Sewri,Andheri,13,signal_hold,low
SIG005783,2026-07-29T12:25:00,harbour,Chembur,Dadar,4,platform_occupancy,medium
SIG005784,2025-10-23T14:35:00,western,Virar,Kalyan,3,signal_hold,high
SIG005785,2026-01-30T03:48:00,central,Kalyan,Andheri,1,platform_occupancy,medium
SIG005786,2026-06-05T10:10:00,harbour,CBD Belapur,Thane,13,platform_occupancy,medium
SIG005787,2026-02-05T18:12:00,harbour,Chembur,Wadala Road,8,junction_congestion,high
SIG005788,2026-04-05T00:58:00,western,Andheri,Kalyan,3,platform_occupancy,low
SIG005789,2026-02-22T11:22:00,central,Dombivli,Thane,21,platform_occupancy,medium
SIG005790,2026-06-04T02:19:00,harbour,Tilak Nagar,Andheri,14,junction_congestion,low
SIG005791,2025-10-07T10:57:00,western,Churchgate,Bandra,3,signal_hold,high
SIG005792,2026-07-29T05:16:00,harbour,Reay Road,Kurla,16,route_conflict,low
SIG005793,2026-07-02T02:11:00,harbour,Vashi,Thane,22,route_conflict,high
SIG005794,2025-12-12T01:52:00,harbour,Khandeshwar,Bandra,15,route_conflict,medium
SIG005795,2026-03-18T18:11:00,harbour,Tilak Nagar,Andheri,26,signal_hold,high
SIG005796,2026-05-25T13:03:00,harbour,CBD Belapur,Kalyan,1,equipment_fault,low
SIG005797,2026-04-07T08:01:00,western,Bhayandar,Andheri,20,equipment_fault,low
SIG005798,2026-07-23T22:08:00,harbour,Tilak Nagar,Dadar,18,signal_hold,low
SIG005799,2026-02-15T14:35:00,central,Thakurli,Bandra,9,signal_hold,low
SIG005800,2026-04-19T07:37:00,harbour,CBD Belapur,Thane,18,platform_occupancy,low
SIG005801,2026-09-11T01:19:00,central,Byculla,Dadar,23,junction_congestion,low
SIG005802,2026-09-20T15:11:00,harbour,Kurla,Andheri,22,equipment_fault,medium
SIG005803,2025-12-30T09:02:00,central,Dadar,Wadala Road,12,platform_occupancy,medium
SIG005804,2026-07-09T22:46:00,central,Mumbra,Thane,10,route_conflict,low
SIG005805,2026-09-12T14:20:00,harbour,Mansarovar,Thane,28,junction_congestion,low
SIG005806,2026-09-11T15:07:00,central,Dadar,Wadala Road,1,signal_hold,low
SIG005807,2026-07-30T03:00:00,harbour,Mansarovar,Bandra,3,junction_congestion,low
SIG005808,2026-04-16T06:21:00,central,Nahur,Wadala Road,22,platform_occupancy,high
SIG005809,2026-05-21T05:36:00,harbour,Cotton Green,Kurla,11,signal_hold,medium
SIG005810,2026-03-04T23:58:00,harbour,Wadala Road,Bandra,6,junction_congestion,medium
SIG005811,2026-09-20T04:41:00,harbour,Sandhurst Road,Andheri,22,signal_hold,low
SIG005812,2025-12-05T21:33:00,central,CSMT,Kalyan,18,signal_hold,low
SIG005813,2026-04-25T16:59:00,harbour,CBD Belapur,Thane,15,junction_congestion,low
SIG005814,2026-03-24T07:57:00,western,Nalasopara,Thane,28,equipment_fault,medium
SIG005815,2026-04-24T05:32:00,western,Dahisar,Bandra,10,route_conflict,high
SIG005816,2026-03-28T13:35:00,central,Thakurli,Thane,25,route_conflict,high
SIG005817,2026-02-25T02:05:00,harbour,Sewri,Kalyan,6,equipment_fault,medium
SIG005818,2026-06-19T13:28:00,central,Dombivli,Kalyan,19,equipment_fault,low
SIG005819,2026-03-01T13:08:00,western,Mumbai Central,Kalyan,29,platform_occupancy,medium
SIG005820,2026-04-18T11:04:00,harbour,Mankhurd,Andheri,16,signal_hold,low
SIG005821,2026-06-06T18:47:00,harbour,Juinagar,Kurla,29,signal_hold,high
SIG005822,2026-09-07T07:53:00,western,Borivali,Wadala Road,26,equipment_fault,medium
SIG005823,2025-11-23T03:29:00,harbour,CSMT,Kalyan,24,equipment_fault,low
SIG005824,2025-12-24T11:08:00,central,Currey Road,Dadar,10,junction_congestion,medium
SIG005825,2026-04-04T09:05:00,central,Thakurli,Andheri,3,signal_hold,high
SIG005826,2026-03-25T13:49:00,western,Bhayandar,Wadala Road,15,platform_occupancy,medium
SIG005827,2026-02-03T13:59:00,harbour,Panvel,Thane,28,junction_congestion,low
SIG005828,2026-06-03T00:26:00,harbour,Cotton Green,Kurla,16,junction_congestion,medium
SIG005829,2026-09-26T20:50:00,central,CSMT,Dadar,16,equipment_fault,high
SIG005830,2025-12-28T02:37:00,harbour,Reay Road,Thane,8,route_conflict,medium
SIG005831,2025-12-09T00:52:00,western,Charni Road,Bandra,21,equipment_fault,low
SIG005832,2026-01-28T00:03:00,western,Khar Road,Kalyan,19,equipment_fault,low
SIG005833,2026-07-25T21:31:00,harbour,Chembur,Kalyan,24,signal_hold,low
SIG005834,2026-08-10T09:23:00,central,Kalyan,Bandra,7,equipment_fault,low
SIG005835,2026-06-20T21:03:00,central,Chinchpokli,Kalyan,10,junction_congestion,high
SIG005836,2026-01-06T06:46:00,western,Bhayandar,Andheri,1,signal_hold,low
SIG005837,2026-09-09T23:33:00,western,Vasai Road,Bandra,24,equipment_fault,low
SIG005838,2026-08-22T12:12:00,western,Naigaon,Kurla,16,equipment_fault,low
SIG005839,2026-07-31T14:06:00,harbour,Mansarovar,Bandra,14,equipment_fault,low
SIG005840,2026-01-28T13:58:00,western,Andheri,Bandra,27,signal_hold,high
SIG005841,2026-03-20T19:33:00,central,Thane,Thane,20,route_conflict,high
SIG005842,2026-08-13T21:34:00,central,Kalyan,Thane,18,junction_congestion,medium
SIG005843,2026-02-06T03:51:00,harbour,Govandi,Thane,2,junction_congestion,medium
SIG005844,2026-04-14T21:29:00,central,Kanjurmarg,Thane,15,route_conflict,medium
SIG005845,2026-09-08T21:25:00,central,Vikhroli,Andheri,9,signal_hold,high
SIG005846,2026-01-25T14:59:00,harbour,Dockyard Road,Kalyan,19,platform_occupancy,medium
SIG005847,2026-09-13T01:41:00,harbour,Tilak Nagar,Dadar,28,signal_hold,low
SIG005848,2026-05-12T19:00:00,central,Parel,Bandra,5,signal_hold,low
SIG005849,2026-08-15T13:13:00,western,Khar Road,Wadala Road,8,signal_hold,low
SIG005850,2025-12-31T00:39:00,harbour,Chembur,Andheri,29,platform_occupancy,medium
SIG005851,2026-02-03T02:57:00,central,Nahur,Kurla,8,signal_hold,high
SIG005852,2025-10-25T00:50:00,central,Kurla,Bandra,25,signal_hold,high
SIG005853,2026-07-05T12:09:00,western,Mahim,Dadar,14,equipment_fault,medium
SIG005854,2026-01-15T18:40:00,harbour,Reay Road,Thane,15,junction_congestion,high
SIG005855,2026-09-14T12:45:00,central,Currey Road,Kurla,11,equipment_fault,low
SIG005856,2026-09-17T02:50:00,harbour,Nerul,Wadala Road,1,signal_hold,high
SIG005857,2026-06-18T19:18:00,western,Khar Road,Andheri,30,junction_congestion,high
SIG005858,2026-03-02T02:11:00,western,Mumbai Central,Kalyan,14,route_conflict,low
SIG005859,2026-04-06T18:38:00,western,Mumbai Central,Wadala Road,12,junction_congestion,low
SIG005860,2026-03-18T02:52:00,central,Parel,Bandra,27,route_conflict,medium
SIG005861,2026-02-06T16:17:00,western,Mahim,Bandra,19,route_conflict,low
SIG005862,2025-10-26T17:41:00,western,Naigaon,Kurla,23,junction_congestion,high
SIG005863,2025-11-08T17:51:00,western,Ram Mandir,Andheri,19,platform_occupancy,low
SIG005864,2026-03-01T04:21:00,central,Byculla,Kurla,24,junction_congestion,low
SIG005865,2026-04-13T11:52:00,western,Lower Parel,Kurla,29,route_conflict,high
SIG005866,2025-12-30T03:22:00,harbour,CBD Belapur,Wadala Road,29,equipment_fault,low
SIG005867,2026-04-23T13:37:00,central,Kanjurmarg,Andheri,25,signal_hold,low
SIG005868,2026-06-20T04:17:00,harbour,Vashi,Wadala Road,21,signal_hold,medium
SIG005869,2026-09-04T09:55:00,western,Vile Parle,Dadar,19,equipment_fault,high
SIG005870,2026-06-28T15:39:00,harbour,Kharghar,Dadar,16,junction_congestion,high
SIG005871,2026-07-08T19:35:00,harbour,CSMT,Andheri,21,junction_congestion,medium
SIG005872,2026-06-27T01:59:00,harbour,Tilak Nagar,Thane,10,route_conflict,low
SIG005873,2026-06-25T17:08:00,central,Dombivli,Andheri,18,route_conflict,medium
SIG005874,2026-01-23T13:45:00,central,Vidyavihar,Dadar,11,route_conflict,high
SIG005875,2026-01-14T22:15:00,harbour,Mankhurd,Kurla,21,equipment_fault,medium
SIG005876,2026-06-22T01:56:00,harbour,Sewri,Thane,24,route_conflict,high
SIG005877,2026-03-05T09:10:00,harbour,Nerul,Dadar,8,equipment_fault,medium
SIG005878,2026-09-07T07:59:00,harbour,Kharghar,Wadala Road,28,route_conflict,high
SIG005879,2026-03-03T19:27:00,western,Dahisar,Thane,1,route_conflict,low
SIG005880,2025-12-08T21:18:00,harbour,Sanpada,Thane,25,equipment_fault,high
SIG005881,2026-08-03T06:37:00,central,Vikhroli,Bandra,3,signal_hold,low
SIG005882,2026-05-30T11:30:00,western,Khar Road,Kalyan,14,equipment_fault,medium
SIG005883,2025-10-27T19:32:00,central,Kopar,Kalyan,8,platform_occupancy,medium
SIG005884,2026-08-01T01:14:00,central,Chinchpokli,Bandra,10,equipment_fault,high
SIG005885,2026-08-09T01:39:00,western,Mumbai Central,Wadala Road,19,platform_occupancy,high
SIG005886,2025-12-04T19:51:00,harbour,CSMT,Kurla,17,platform_occupancy,low
SIG005887,2026-05-15T00:58:00,western,Nalasopara,Kalyan,13,route_conflict,low
SIG005888,2025-12-15T02:54:00,central,Vikhroli,Wadala Road,25,junction_congestion,low
SIG005889,2026-08-18T16:25:00,central,Matunga,Wadala Road,22,junction_congestion,low
SIG005890,2026-04-06T06:23:00,harbour,Kurla,Wadala Road,10,signal_hold,low
SIG005891,2026-06-11T07:24:00,central,Kalyan,Thane,14,platform_occupancy,medium
SIG005892,2026-06-25T23:17:00,western,Charni Road,Kalyan,2,equipment_fault,medium
SIG005893,2026-03-08T03:51:00,western,Marine Lines,Kurla,24,signal_hold,low
SIG005894,2026-01-15T15:46:00,harbour,Mankhurd,Kurla,13,junction_congestion,low
SIG005895,2026-01-31T03:33:00,central,Kalyan,Kalyan,22,junction_congestion,low
SIG005896,2026-02-13T08:37:00,western,Mira Road,Kurla,10,equipment_fault,medium
SIG005897,2026-04-14T01:55:00,harbour,Sewri,Wadala Road,3,junction_congestion,high
SIG005898,2026-07-13T00:51:00,western,Naigaon,Dadar,19,signal_hold,low
SIG005899,2025-10-08T13:20:00,central,Kalwa,Wadala Road,14,junction_congestion,high
SIG005900,2025-10-17T16:18:00,harbour,Mankhurd,Kurla,28,route_conflict,medium
SIG005901,2026-05-14T09:38:00,central,Nahur,Bandra,25,equipment_fault,high
SIG005902,2026-02-21T23:05:00,harbour,Vashi,Wadala Road,12,equipment_fault,medium
SIG005903,2026-04-22T10:44:00,western,Andheri,Kalyan,26,signal_hold,high
SIG005904,2025-10-17T21:36:00,harbour,Sewri,Kalyan,4,junction_congestion,medium
SIG005905,2026-06-24T07:53:00,harbour,Juinagar,Dadar,1,platform_occupancy,medium
SIG005906,2026-09-23T10:05:00,western,Dahisar,Thane,14,junction_congestion,high
SIG005907,2026-05-07T13:27:00,central,Mulund,Bandra,7,route_conflict,high
SIG005908,2026-08-17T17:56:00,harbour,Masjid,Andheri,25,platform_occupancy,low
SIG005909,2026-09-30T22:38:00,harbour,CSMT,Andheri,11,junction_congestion,medium
SIG005910,2026-06-09T01:18:00,western,Ram Mandir,Kurla,15,equipment_fault,medium
SIG005911,2026-08-24T05:08:00,central,Chinchpokli,Wadala Road,17,equipment_fault,high
SIG005912,2026-03-22T03:12:00,central,Kurla,Kurla,27,platform_occupancy,medium
SIG005913,2025-11-01T14:24:00,harbour,Chembur,Wadala Road,11,equipment_fault,low
SIG005914,2025-10-30T13:07:00,central,Dadar,Andheri,11,signal_hold,low
SIG005915,2026-03-24T13:49:00,western,Jogeshwari,Bandra,19,equipment_fault,high
SIG005916,2026-07-11T22:35:00,central,Kanjurmarg,Bandra,20,route_conflict,medium
SIG005917,2026-03-11T20:49:00,central,Sion,Thane,9,equipment_fault,medium
SIG005918,2026-05-29T06:45:00,western,Grant Road,Kurla,27,signal_hold,high
SIG005919,2026-06-16T23:46:00,central,Byculla,Bandra,8,equipment_fault,medium
SIG005920,2025-11-16T05:42:00,western,Jogeshwari,Wadala Road,2,route_conflict,medium
SIG005921,2026-05-14T23:36:00,central,Diva,Thane,13,junction_congestion,low
SIG005922,2026-05-07T04:50:00,harbour,Masjid,Kurla,16,junction_congestion,medium
SIG005923,2026-08-18T08:12:00,central,Nahur,Kalyan,24,equipment_fault,low
SIG005924,2025-11-29T15:37:00,central,Chinchpokli,Kurla,6,signal_hold,medium
SIG005925,2025-11-02T05:50:00,western,Mira Road,Wadala Road,27,junction_congestion,high
SIG005926,2026-05-16T22:14:00,central,Kalwa,Bandra,14,equipment_fault,high
SIG005927,2025-11-21T01:36:00,harbour,Nerul,Andheri,2,signal_hold,medium
SIG005928,2025-12-29T06:59:00,central,Thane,Wadala Road,8,route_conflict,low
SIG005929,2026-06-29T11:16:00,western,Nalasopara,Wadala Road,14,junction_congestion,low
SIG005930,2025-12-13T02:55:00,western,Jogeshwari,Thane,11,signal_hold,low
SIG005931,2026-01-30T20:39:00,harbour,Kurla,Bandra,28,junction_congestion,low
SIG005932,2025-10-09T10:03:00,western,Virar,Dadar,3,route_conflict,medium
SIG005933,2026-06-15T15:27:00,central,Currey Road,Wadala Road,3,platform_occupancy,high
SIG005934,2025-11-09T21:40:00,central,Kalyan,Andheri,26,signal_hold,high
SIG005935,2026-05-03T23:03:00,harbour,Nerul,Bandra,19,signal_hold,low
SIG005936,2026-07-20T02:59:00,harbour,Khandeshwar,Thane,2,platform_occupancy,medium
SIG005937,2025-12-27T23:22:00,harbour,Dockyard Road,Andheri,27,equipment_fault,low
SIG005938,2026-07-27T20:27:00,harbour,Mankhurd,Dadar,17,junction_congestion,high
SIG005939,2026-09-24T14:16:00,western,Andheri,Dadar,18,signal_hold,high
SIG005940,2026-05-15T14:25:00,harbour,Reay Road,Wadala Road,28,route_conflict,high
SIG005941,2026-01-27T15:30:00,harbour,Mansarovar,Bandra,28,platform_occupancy,low
SIG005942,2026-09-23T02:17:00,harbour,Dockyard Road,Wadala Road,14,signal_hold,low
SIG005943,2026-03-10T04:50:00,western,Vasai Road,Kurla,3,route_conflict,medium
SIG005944,2026-06-15T01:22:00,western,Mumbai Central,Dadar,19,platform_occupancy,low
SIG005945,2025-11-07T23:35:00,western,Andheri,Bandra,22,signal_hold,medium
SIG005946,2026-09-27T04:41:00,central,Thane,Wadala Road,12,junction_congestion,low
SIG005947,2026-08-23T22:14:00,central,Kalwa,Dadar,13,junction_congestion,low
SIG005948,2025-11-19T17:30:00,harbour,Cotton Green,Kalyan,26,route_conflict,high
SIG005949,2025-10-24T21:39:00,harbour,Wadala Road,Dadar,13,equipment_fault,medium
SIG005950,2025-11-23T11:19:00,central,Ghatkopar,Kalyan,22,signal_hold,low
SIG005951,2025-12-20T05:18:00,western,Ram Mandir,Kalyan,2,signal_hold,high
SIG005952,2025-11-29T14:45:00,western,Borivali,Andheri,5,route_conflict,high
SIG005953,2026-03-11T09:38:00,western,Marine Lines,Kurla,11,platform_occupancy,high
SIG005954,2026-09-26T16:22:00,harbour,Khandeshwar,Kurla,2,junction_congestion,low
SIG005955,2026-03-11T01:04:00,western,Naigaon,Thane,27,platform_occupancy,high
SIG005956,2026-08-10T11:05:00,harbour,Kharghar,Andheri,17,equipment_fault,low
SIG005957,2025-10-15T16:23:00,harbour,Mansarovar,Kalyan,21,signal_hold,high
SIG005958,2026-07-22T14:13:00,harbour,Masjid,Thane,12,signal_hold,medium
SIG005959,2026-01-27T21:28:00,western,Charni Road,Kurla,25,signal_hold,low
SIG005960,2026-08-04T10:20:00,western,Jogeshwari,Dadar,13,platform_occupancy,low
SIG005961,2025-10-10T16:56:00,central,Kurla,Andheri,26,junction_congestion,low
SIG005962,2025-11-24T21:18:00,harbour,Seawoods-Darave,Kalyan,30,signal_hold,medium
SIG005963,2025-10-28T18:33:00,harbour,Wadala Road,Thane,14,equipment_fault,medium
SIG005964,2026-04-10T22:57:00,central,Mumbra,Thane,1,junction_congestion,low
SIG005965,2026-05-31T01:24:00,harbour,Masjid,Kalyan,27,route_conflict,high
SIG005966,2026-08-29T13:59:00,central,Ghatkopar,Kalyan,14,equipment_fault,high
SIG005967,2026-03-10T12:26:00,harbour,Seawoods-Darave,Andheri,18,platform_occupancy,high
SIG005968,2025-10-30T13:54:00,central,Kurla,Kurla,20,platform_occupancy,low
SIG005969,2026-05-11T03:07:00,western,Borivali,Wadala Road,22,signal_hold,medium
SIG005970,2026-06-19T11:29:00,central,Kopar,Kalyan,30,junction_congestion,low
SIG005971,2026-05-19T05:55:00,western,Borivali,Bandra,21,equipment_fault,medium
SIG005972,2026-08-27T16:39:00,central,Kanjurmarg,Wadala Road,3,equipment_fault,medium
SIG005973,2026-02-20T04:15:00,western,Grant Road,Kalyan,28,platform_occupancy,medium
SIG005974,2026-01-10T04:55:00,harbour,CBD Belapur,Kalyan,4,junction_congestion,medium
SIG005975,2026-07-01T07:16:00,harbour,Kurla,Wadala Road,30,signal_hold,low
SIG005976,2026-07-10T02:39:00,western,Malad,Bandra,15,junction_congestion,low
SIG005977,2025-12-28T01:55:00,central,Kanjurmarg,Kurla,25,equipment_fault,medium
SIG005978,2026-08-14T00:55:00,western,Bhayandar,Kurla,10,equipment_fault,high
SIG005979,2026-01-01T19:46:00,central,Kanjurmarg,Wadala Road,20,junction_congestion,medium
SIG005980,2025-11-03T11:25:00,western,Khar Road,Thane,13,route_conflict,medium
SIG005981,2026-09-23T14:05:00,harbour,Chunabhatti,Dadar,6,signal_hold,medium
SIG005982,2026-09-28T01:54:00,western,Lower Parel,Dadar,23,route_conflict,medium
SIG005983,2026-01-16T17:46:00,central,Dadar,Kurla,11,route_conflict,medium
SIG005984,2026-07-12T04:36:00,western,Churchgate,Wadala Road,11,equipment_fault,high
SIG005985,2026-05-13T22:24:00,harbour,Chembur,Dadar,15,route_conflict,low
SIG005986,2026-06-21T13:48:00,western,Mahim,Bandra,5,signal_hold,high
SIG005987,2026-06-20T03:06:00,harbour,Wadala Road,Thane,7,signal_hold,low
SIG005988,2025-12-26T16:08:00,harbour,Guru Tegh Bahadur Nagar,Thane,30,junction_congestion,low
SIG005989,2026-05-28T20:27:00,harbour,Seawoods-Darave,Kurla,10,route_conflict,low
SIG005990,2026-01-17T19:21:00,western,Mira Road,Andheri,23,signal_hold,low
SIG005991,2025-12-02T00:55:00,western,Virar,Wadala Road,9,platform_occupancy,high
SIG005992,2026-03-14T17:29:00,harbour,Dockyard Road,Bandra,27,platform_occupancy,high
SIG005993,2025-11-24T16:33:00,central,CSMT,Bandra,29,equipment_fault,medium
SIG005994,2026-03-11T23:31:00,central,Thakurli,Bandra,28,route_conflict,high
SIG005995,2026-09-05T00:32:00,central,Mumbra,Bandra,18,route_conflict,high
SIG005996,2026-05-10T04:11:00,western,Bhayandar,Kurla,4,signal_hold,medium
SIG005997,2026-01-16T05:46:00,western,Charni Road,Kurla,16,equipment_fault,high
SIG005998,2025-11-28T20:15:00,harbour,Dockyard Road,Andheri,1,signal_hold,high
SIG005999,2026-07-06T19:04:00,western,Nalasopara,Thane,6,junction_congestion,medium
SIG006000,2026-09-03T06:22:00,harbour,Panvel,Wadala Road,25,junction_congestion,low
